data,ticker,fechamento
2021-01-04,BOVA11,114.09
2021-01-05,BOVA11,114.69
2021-01-06,BOVA11,114.55
2021-01-07,BOVA11,118.37
2021-01-08,BOVA11,120.4
2021-01-11,BOVA11,118.62
2021-01-12,BOVA11,119.45
2021-01-13,BOVA11,117.36
2021-01-14,BOVA11,118.68
2021-01-15,BOVA11,115.78
2021-01-18,BOVA11,116.54
2021-01-19,BOVA11,116.0
2021-01-20,BOVA11,115.24
2021-01-21,BOVA11,113.81
2021-01-22,BOVA11,113.18
2021-01-26,BOVA11,112.08
2021-01-27,BOVA11,110.96
2021-01-28,BOVA11,114.51
2021-01-29,BOVA11,110.56
2021-02-01,BOVA11,113.06
2021-02-02,BOVA11,113.85
2021-02-03,BOVA11,115.25
2021-02-04,BOVA11,114.62
2021-02-05,BOVA11,115.82
2021-02-08,BOVA11,115.18
2021-02-09,BOVA11,114.91
2021-02-10,BOVA11,113.92
2021-02-11,BOVA11,114.9
2021-02-12,BOVA11,115.05
2021-02-17,BOVA11,115.86
2021-02-18,BOVA11,114.61
2021-02-19,BOVA11,113.82
2021-02-22,BOVA11,108.25
2021-02-23,BOVA11,110.76
2021-02-24,BOVA11,111.46
2021-02-25,BOVA11,107.53
2021-02-26,BOVA11,105.59
2021-03-01,BOVA11,105.94
2021-03-02,BOVA11,107.5
2021-03-03,BOVA11,107.16
2021-03-04,BOVA11,108.57
2021-03-05,BOVA11,110.93
2021-03-08,BOVA11,105.35
2021-03-09,BOVA11,107.19
2021-03-10,BOVA11,108.63
2021-03-11,BOVA11,110.45
2021-03-12,BOVA11,109.68
2021-03-15,BOVA11,110.66
2021-03-16,BOVA11,109.69
2021-03-17,BOVA11,112.05
2021-03-18,BOVA11,110.5
2021-03-19,BOVA11,111.7
2021-03-22,BOVA11,110.69
2021-03-23,BOVA11,109.02
2021-03-24,BOVA11,107.87
2021-03-25,BOVA11,109.38
2021-03-26,BOVA11,110.28
2021-03-29,BOVA11,110.96
2021-03-30,BOVA11,112.43
2021-03-31,BOVA11,112.02
2021-04-01,BOVA11,110.68
2021-04-05,BOVA11,113.21
2021-04-06,BOVA11,113.27
2021-04-07,BOVA11,113.18
2021-04-08,BOVA11,113.75
2021-04-09,BOVA11,113.01
2021-04-12,BOVA11,114.4
2021-04-13,BOVA11,114.67
2021-04-14,BOVA11,115.6
2021-04-15,BOVA11,116.2
2021-04-16,BOVA11,116.46
2021-04-19,BOVA11,116.34
2021-04-20,BOVA11,115.48
2021-04-22,BOVA11,114.95
2021-04-23,BOVA11,115.97
2021-04-26,BOVA11,115.95
2021-04-27,BOVA11,114.78
2021-04-28,BOVA11,116.4
2021-04-29,BOVA11,115.32
2021-04-30,BOVA11,114.4
2021-05-03,BOVA11,114.68
2021-05-04,BOVA11,113.27
2021-05-05,BOVA11,115.15
2021-05-06,BOVA11,115.43
2021-05-07,BOVA11,117.46
2021-05-10,BOVA11,117.14
2021-05-11,BOVA11,118.13
2021-05-12,BOVA11,115.27
2021-05-13,BOVA11,116.04
2021-05-14,BOVA11,117.24
2021-05-17,BOVA11,118.31
2021-05-18,BOVA11,118.19
2021-05-19,BOVA11,118.01
2021-05-20,BOVA11,117.91
2021-05-21,BOVA11,118.01
2021-05-24,BOVA11,119.26
2021-05-25,BOVA11,118.4
2021-05-26,BOVA11,119.24
2021-05-27,BOVA11,119.59
2021-05-28,BOVA11,120.72
2021-05-31,BOVA11,121.25
2021-06-01,BOVA11,123.33
2021-06-02,BOVA11,124.67
2021-06-04,BOVA11,125.05
2021-06-07,BOVA11,125.75
2021-06-08,BOVA11,124.71
2021-06-09,BOVA11,124.88
2021-06-10,BOVA11,125.0
2021-06-11,BOVA11,124.48
2021-06-14,BOVA11,125.15
2021-06-15,BOVA11,125.18
2021-06-16,BOVA11,124.22
2021-06-17,BOVA11,123.09
2021-06-18,BOVA11,123.27
2021-06-21,BOVA11,124.23
2021-06-22,BOVA11,123.82
2021-06-23,BOVA11,123.54
2021-06-24,BOVA11,124.53
2021-06-25,BOVA11,122.5
2021-06-28,BOVA11,122.45
2021-06-29,BOVA11,122.31
2021-06-30,BOVA11,121.81
2021-07-01,BOVA11,120.73
2021-07-02,BOVA11,122.78
2021-07-05,BOVA11,121.97
2021-07-06,BOVA11,120.3
2021-07-07,BOVA11,122.28
2021-07-08,BOVA11,120.66
2021-07-12,BOVA11,122.78
2021-07-13,BOVA11,123.32
2021-07-14,BOVA11,123.47
2021-07-15,BOVA11,122.8
2021-07-16,BOVA11,121.15
2021-07-19,BOVA11,119.74
2021-07-20,BOVA11,120.6
2021-07-21,BOVA11,121.12
2021-07-22,BOVA11,121.43
2021-07-23,BOVA11,120.2
2021-07-26,BOVA11,121.2
2021-07-27,BOVA11,119.76
2021-07-28,BOVA11,121.45
2021-07-29,BOVA11,120.73
2021-07-30,BOVA11,117.11
2021-08-02,BOVA11,117.6
2021-08-03,BOVA11,118.73
2021-08-04,BOVA11,116.96
2021-08-05,BOVA11,116.93
2021-08-06,BOVA11,118.24
2021-08-09,BOVA11,118.14
2021-08-10,BOVA11,117.57
2021-08-11,BOVA11,117.26
2021-08-12,BOVA11,115.87
2021-08-13,BOVA11,116.56
2021-08-16,BOVA11,114.63
2021-08-17,BOVA11,113.35
2021-08-18,BOVA11,112.06
2021-08-19,BOVA11,112.85
2021-08-20,BOVA11,113.65
2021-08-23,BOVA11,113.05
2021-08-24,BOVA11,115.63
2021-08-25,BOVA11,116.14
2021-08-26,BOVA11,114.07
2021-08-27,BOVA11,116.18
2021-08-30,BOVA11,115.08
2021-08-31,BOVA11,114.08
2021-09-01,BOVA11,114.8
2021-09-02,BOVA11,112.15
2021-09-03,BOVA11,112.09
2021-09-06,BOVA11,113.48
2021-09-08,BOVA11,109.08
2021-09-09,BOVA11,111.51
2021-09-10,BOVA11,109.88
2021-09-13,BOVA11,112.12
2021-09-14,BOVA11,111.7
2021-09-15,BOVA11,110.68
2021-09-16,BOVA11,109.44
2021-09-17,BOVA11,107.14
2021-09-20,BOVA11,104.77
2021-09-21,BOVA11,105.77
2021-09-22,BOVA11,107.99
2021-09-23,BOVA11,109.6
2021-09-24,BOVA11,109.03
2021-09-27,BOVA11,108.89
2021-09-28,BOVA11,105.83
2021-09-29,BOVA11,106.83
2021-09-30,BOVA11,106.49
2021-10-01,BOVA11,108.49
2021-10-04,BOVA11,106.18
2021-10-05,BOVA11,106.12
2021-10-06,BOVA11,106.37
2021-10-07,BOVA11,106.42
2021-10-08,BOVA11,108.39
2021-10-11,BOVA11,107.75
2021-10-13,BOVA11,109.24
2021-10-14,BOVA11,108.97
2021-10-15,BOVA11,110.22
2021-10-18,BOVA11,109.95
2021-10-19,BOVA11,106.8
2021-10-20,BOVA11,106.4
2021-10-21,BOVA11,103.65
2021-10-22,BOVA11,102.33
2021-10-25,BOVA11,104.55
2021-10-26,BOVA11,102.25
2021-10-27,BOVA11,102.4
2021-10-28,BOVA11,100.61
2021-10-29,BOVA11,99.68
2021-11-01,BOVA11,101.52
2021-11-03,BOVA11,102.0
2021-11-04,BOVA11,99.65
2021-11-05,BOVA11,100.81
2021-11-08,BOVA11,100.83
2021-11-09,BOVA11,101.39
2021-11-10,BOVA11,102.02
2021-11-11,BOVA11,103.55
2021-11-12,BOVA11,102.13
2021-11-16,BOVA11,100.36
2021-11-17,BOVA11,99.25
2021-11-18,BOVA11,98.65
2021-11-19,BOVA11,99.27
2021-11-22,BOVA11,98.24
2021-11-23,BOVA11,100.0
2021-11-24,BOVA11,100.66
2021-11-25,BOVA11,101.99
2021-11-26,BOVA11,98.39
2021-11-29,BOVA11,99.01
2021-11-30,BOVA11,98.35
2021-12-01,BOVA11,97.09
2021-12-02,BOVA11,100.43
2021-12-03,BOVA11,101.32
2021-12-06,BOVA11,103.0
2021-12-07,BOVA11,103.63
2021-12-08,BOVA11,104.2
2021-12-09,BOVA11,102.14
2021-12-10,BOVA11,103.73
2021-12-13,BOVA11,103.5
2021-12-14,BOVA11,102.7
2021-12-15,BOVA11,103.2
2021-12-16,BOVA11,104.41
2021-12-17,BOVA11,103.1
2021-12-20,BOVA11,101.0
2021-12-21,BOVA11,101.42
2021-12-22,BOVA11,101.43
2021-12-23,BOVA11,100.85
2021-12-27,BOVA11,101.6
2021-12-28,BOVA11,101.06
2021-12-29,BOVA11,100.25
2021-12-30,BOVA11,100.8
2022-01-03,BOVA11,99.93
2022-01-04,BOVA11,99.57
2022-01-05,BOVA11,97.1
2022-01-06,BOVA11,97.85
2022-01-07,BOVA11,98.7
2022-01-10,BOVA11,98.43
2022-01-11,BOVA11,100.1
2022-01-12,BOVA11,101.91
2022-01-13,BOVA11,101.55
2022-01-14,BOVA11,103.07
2022-01-17,BOVA11,102.58
2022-01-18,BOVA11,102.85
2022-01-19,BOVA11,104.05
2022-01-20,BOVA11,104.9
2022-01-21,BOVA11,104.7
2022-01-24,BOVA11,104.08
2022-01-25,BOVA11,106.33
2022-01-26,BOVA11,107.39
2022-01-27,BOVA11,108.2
2022-01-28,BOVA11,107.58
2022-01-31,BOVA11,107.98
2022-02-01,BOVA11,109.15
2022-02-02,BOVA11,107.69
2022-02-03,BOVA11,107.77
2022-02-04,BOVA11,108.02
2022-02-07,BOVA11,107.72
2022-02-08,BOVA11,108.23
2022-02-09,BOVA11,108.23
2022-02-10,BOVA11,109.1
2022-02-11,BOVA11,109.31
2022-02-14,BOVA11,109.52
2022-02-15,BOVA11,110.6
2022-02-16,BOVA11,110.77
2022-02-17,BOVA11,109.1
2022-02-18,BOVA11,108.51
2022-02-21,BOVA11,107.45
2022-02-22,BOVA11,109.0
2022-02-23,BOVA11,107.58
2022-02-24,BOVA11,107.48
2022-02-25,BOVA11,108.9
2022-03-02,BOVA11,111.1
2022-03-03,BOVA11,111.02
2022-03-04,BOVA11,110.4
2022-03-07,BOVA11,107.11
2022-03-08,BOVA11,107.29
2022-03-09,BOVA11,109.78
2022-03-10,BOVA11,109.4
2022-03-11,BOVA11,107.7
2022-03-14,BOVA11,106.04
2022-03-15,BOVA11,104.9
2022-03-16,BOVA11,107.14
2022-03-17,BOVA11,108.83
2022-03-18,BOVA11,110.73
2022-03-21,BOVA11,111.94
2022-03-22,BOVA11,113.1
2022-03-23,BOVA11,112.9
2022-03-24,BOVA11,114.74
2022-03-25,BOVA11,114.75
2022-03-28,BOVA11,114.51
2022-03-29,BOVA11,115.75
2022-03-30,BOVA11,115.9
2022-03-31,BOVA11,115.6
2022-04-01,BOVA11,117.2
2022-04-04,BOVA11,116.8
2022-04-05,BOVA11,114.51
2022-04-06,BOVA11,113.87
2022-04-07,BOVA11,114.65
2022-04-08,BOVA11,113.98
2022-04-11,BOVA11,112.57
2022-04-12,BOVA11,111.77
2022-04-13,BOVA11,112.52
2022-04-14,BOVA11,111.65
2022-04-18,BOVA11,111.46
2022-04-19,BOVA11,110.92
2022-04-20,BOVA11,110.05
2022-04-22,BOVA11,106.75
2022-04-25,BOVA11,106.76
2022-04-26,BOVA11,104.28
2022-04-27,BOVA11,105.52
2022-04-28,BOVA11,105.86
2022-04-29,BOVA11,103.4
2022-05-02,BOVA11,102.72
2022-05-03,BOVA11,102.72
2022-05-04,BOVA11,104.38
2022-05-05,BOVA11,101.5
2022-05-06,BOVA11,101.23
2022-05-09,BOVA11,99.68
2022-05-10,BOVA11,99.24
2022-05-11,BOVA11,100.64
2022-05-12,BOVA11,102.04
2022-05-13,BOVA11,103.29
2022-05-16,BOVA11,104.4
2022-05-17,BOVA11,104.9
2022-05-18,BOVA11,102.21
2022-05-19,BOVA11,103.08
2022-05-20,BOVA11,104.66
2022-05-23,BOVA11,106.76
2022-05-24,BOVA11,106.64
2022-05-25,BOVA11,106.66
2022-05-26,BOVA11,108.02
2022-05-27,BOVA11,107.9
2022-05-30,BOVA11,106.92
2022-05-31,BOVA11,107.18
2022-06-01,BOVA11,107.47
2022-06-02,BOVA11,108.43
2022-06-03,BOVA11,107.48
2022-06-06,BOVA11,106.42
2022-06-07,BOVA11,106.15
2022-06-08,BOVA11,104.6
2022-06-09,BOVA11,103.68
2022-06-10,BOVA11,101.82
2022-06-13,BOVA11,99.12
2022-06-14,BOVA11,98.36
2022-06-15,BOVA11,99.38
2022-06-17,BOVA11,96.21
2022-06-20,BOVA11,96.29
2022-06-21,BOVA11,96.4
2022-06-22,BOVA11,96.03
2022-06-23,BOVA11,94.66
2022-06-24,BOVA11,95.47
2022-06-27,BOVA11,97.35
2022-06-28,BOVA11,97.05
2022-06-29,BOVA11,96.0
2022-06-30,BOVA11,95.0
2022-07-01,BOVA11,95.63
2022-07-04,BOVA11,95.2
2022-07-05,BOVA11,94.8
2022-07-06,BOVA11,95.42
2022-07-07,BOVA11,97.38
2022-07-08,BOVA11,96.88
2022-07-11,BOVA11,94.8
2022-07-12,BOVA11,94.9
2022-07-13,BOVA11,94.51
2022-07-14,BOVA11,92.55
2022-07-15,BOVA11,93.27
2022-07-18,BOVA11,93.37
2022-07-19,BOVA11,94.7
2022-07-20,BOVA11,94.95
2022-07-21,BOVA11,95.35
2022-07-22,BOVA11,95.42
2022-07-25,BOVA11,96.75
2022-07-26,BOVA11,96.15
2022-07-27,BOVA11,97.83
2022-07-28,BOVA11,99.1
2022-07-29,BOVA11,99.3
2022-08-01,BOVA11,98.56
2022-08-02,BOVA11,99.53
2022-08-03,BOVA11,100.2
2022-08-04,BOVA11,102.48
2022-08-05,BOVA11,102.74
2022-08-08,BOVA11,104.8
2022-08-09,BOVA11,105.05
2022-08-10,BOVA11,106.56
2022-08-11,BOVA11,105.88
2022-08-12,BOVA11,108.64
2022-08-15,BOVA11,108.97
2022-08-16,BOVA11,109.76
2022-08-17,BOVA11,109.99
2022-08-18,BOVA11,109.94
2022-08-19,BOVA11,107.53
2022-08-22,BOVA11,106.73
2022-08-23,BOVA11,109.1
2022-08-24,BOVA11,109.18
2022-08-25,BOVA11,109.6
2022-08-26,BOVA11,108.36
2022-08-29,BOVA11,108.4
2022-08-30,BOVA11,106.4
2022-08-31,BOVA11,105.83
2022-09-01,BOVA11,106.59
2022-09-02,BOVA11,107.09
2022-09-05,BOVA11,108.45
2022-09-06,BOVA11,105.95
2022-09-08,BOVA11,106.18
2022-09-09,BOVA11,108.4
2022-09-12,BOVA11,109.55
2022-09-13,BOVA11,106.98
2022-09-14,BOVA11,106.75
2022-09-15,BOVA11,106.11
2022-09-16,BOVA11,105.6
2022-09-19,BOVA11,108.22
2022-09-20,BOVA11,108.85
2022-09-21,BOVA11,108.16
2022-09-22,BOVA11,110.13
2022-09-23,BOVA11,107.84
2022-09-26,BOVA11,105.13
2022-09-27,BOVA11,104.68
2022-09-28,BOVA11,104.82
2022-09-29,BOVA11,103.8
2022-09-30,BOVA11,106.46
2022-10-03,BOVA11,112.4
2022-10-04,BOVA11,112.35
2022-10-05,BOVA11,113.32
2022-10-06,BOVA11,113.47
2022-10-07,BOVA11,112.78
2022-10-10,BOVA11,112.08
2022-10-11,BOVA11,110.89
2022-10-13,BOVA11,110.26
2022-10-14,BOVA11,108.22
2022-10-17,BOVA11,109.9
2022-10-18,BOVA11,111.94
2022-10-19,BOVA11,112.35
2022-10-20,BOVA11,112.9
2022-10-21,BOVA11,116.43
2022-10-24,BOVA11,112.14
2022-10-25,BOVA11,110.48
2022-10-26,BOVA11,108.78
2022-10-27,BOVA11,110.0
2022-10-28,BOVA11,113.0
2022-10-31,BOVA11,112.15
2022-11-01,BOVA11,112.81
2022-11-03,BOVA11,113.1
2022-11-04,BOVA11,114.0
2022-11-07,BOVA11,111.22
2022-11-08,BOVA11,112.3
2022-11-09,BOVA11,109.75
2022-11-10,BOVA11,106.1
2022-11-11,BOVA11,108.55
2022-11-14,BOVA11,109.24
2022-11-16,BOVA11,106.04
2022-11-17,BOVA11,105.69
2022-11-18,BOVA11,104.85
2022-11-21,BOVA11,106.08
2022-11-22,BOVA11,105.07
2022-11-23,BOVA11,105.24
2022-11-24,BOVA11,108.2
2022-11-25,BOVA11,105.07
2022-11-28,BOVA11,105.15
2022-11-29,BOVA11,107.29
2022-11-30,BOVA11,108.58
2022-12-01,BOVA11,107.06
2022-12-02,BOVA11,107.95
2022-12-05,BOVA11,105.63
2022-12-06,BOVA11,106.74
2022-12-07,BOVA11,105.59
2022-12-08,BOVA11,103.57
2022-12-09,BOVA11,103.9
2022-12-12,BOVA11,101.8
2022-12-13,BOVA11,100.3
2022-12-14,BOVA11,100.7
2022-12-15,BOVA11,100.5
2022-12-16,BOVA11,99.4
2022-12-19,BOVA11,101.37
2022-12-20,BOVA11,103.55
2022-12-21,BOVA11,103.87
2022-12-22,BOVA11,103.93
2022-12-23,BOVA11,106.0
2022-12-26,BOVA11,105.15
2022-12-27,BOVA11,104.9
2022-12-28,BOVA11,106.8
2022-12-29,BOVA11,105.95
2023-01-02,BOVA11,102.63
2023-01-03,BOVA11,100.48
2023-01-04,BOVA11,101.92
2023-01-05,BOVA11,104.27
2023-01-06,BOVA11,105.5
2023-01-09,BOVA11,105.35
2023-01-10,BOVA11,107.18
2023-01-11,BOVA11,109.1
2023-01-12,BOVA11,108.26
2023-01-13,BOVA11,107.35
2023-01-16,BOVA11,105.47
2023-01-17,BOVA11,107.8
2023-01-18,BOVA11,108.33
2023-01-19,BOVA11,109.11
2023-01-20,BOVA11,108.45
2023-01-23,BOVA11,107.9
2023-01-24,BOVA11,109.43
2023-01-25,BOVA11,110.65
2023-01-26,BOVA11,110.42
2023-01-27,BOVA11,108.4
2023-01-30,BOVA11,108.7
2023-01-31,BOVA11,109.84
2023-02-01,BOVA11,108.4
2023-02-02,BOVA11,106.3
2023-02-03,BOVA11,104.87
2023-02-06,BOVA11,105.25
2023-02-07,BOVA11,104.1
2023-02-08,BOVA11,106.34
2023-02-09,BOVA11,104.44
2023-02-10,BOVA11,104.75
2023-02-13,BOVA11,105.47
2023-02-14,BOVA11,104.43
2023-02-15,BOVA11,106.05
2023-02-16,BOVA11,106.5
2023-02-17,BOVA11,105.56
2023-02-22,BOVA11,103.6
2023-02-23,BOVA11,104.15
2023-02-24,BOVA11,102.38
2023-02-27,BOVA11,102.29
2023-02-28,BOVA11,101.15
2023-03-01,BOVA11,101.2
2023-03-02,BOVA11,99.94
2023-03-03,BOVA11,100.42
2023-03-06,BOVA11,101.47
2023-03-07,BOVA11,100.9
2023-03-08,BOVA11,103.22
2023-03-09,BOVA11,101.56
2023-03-10,BOVA11,100.21
2023-03-13,BOVA11,99.78
2023-03-14,BOVA11,99.58
2023-03-15,BOVA11,99.39
2023-03-16,BOVA11,100.0
2023-03-17,BOVA11,98.85
2023-03-20,BOVA11,97.7
2023-03-21,BOVA11,97.93
2023-03-22,BOVA11,97.03
2023-03-23,BOVA11,94.58
2023-03-24,BOVA11,95.86
2023-03-27,BOVA11,96.54
2023-03-28,BOVA11,98.03
2023-03-29,BOVA11,98.55
2023-03-30,BOVA11,100.47
2023-03-31,BOVA11,98.49
2023-04-03,BOVA11,98.3
2023-04-04,BOVA11,98.51
2023-04-05,BOVA11,97.63
2023-04-06,BOVA11,97.59
2023-04-10,BOVA11,98.66
2023-04-11,BOVA11,102.91
2023-04-12,BOVA11,103.35
2023-04-13,BOVA11,102.93
2023-04-14,BOVA11,103.04
2023-04-17,BOVA11,102.71
2023-04-18,BOVA11,102.7
2023-04-19,BOVA11,100.48
2023-04-20,BOVA11,101.0
2023-04-24,BOVA11,100.62
2023-04-25,BOVA11,99.92
2023-04-26,BOVA11,99.01
2023-04-27,BOVA11,99.53
2023-04-28,BOVA11,100.9
2023-05-02,BOVA11,98.49
2023-05-03,BOVA11,98.6
2023-05-04,BOVA11,98.95
2023-05-05,BOVA11,101.91
2023-05-08,BOVA11,102.49
2023-05-09,BOVA11,103.8
2023-05-10,BOVA11,103.97
2023-05-11,BOVA11,104.82
2023-05-12,BOVA11,105.05
2023-05-15,BOVA11,105.47
2023-05-16,BOVA11,104.63
2023-05-17,BOVA11,106.01
2023-05-18,BOVA11,106.75
2023-05-19,BOVA11,107.16
2023-05-22,BOVA11,106.55
2023-05-23,BOVA11,106.44
2023-05-24,BOVA11,105.27
2023-05-25,BOVA11,106.55
2023-05-26,BOVA11,107.51
2023-05-29,BOVA11,106.77
2023-05-30,BOVA11,105.38
2023-05-31,BOVA11,104.84
2023-06-01,BOVA11,107.2
2023-06-02,BOVA11,109.02
2023-06-05,BOVA11,109.14
2023-06-06,BOVA11,111.07
2023-06-07,BOVA11,111.78
2023-06-09,BOVA11,113.21
2023-06-12,BOVA11,113.64
2023-06-13,BOVA11,112.94
2023-06-14,BOVA11,115.11
2023-06-15,BOVA11,115.4
2023-06-16,BOVA11,114.9
2023-06-19,BOVA11,116.13
2023-06-20,BOVA11,115.82
2023-06-21,BOVA11,116.27
2023-06-22,BOVA11,115.26
2023-06-23,BOVA11,115.31
2023-06-26,BOVA11,114.42
2023-06-27,BOVA11,113.77
2023-06-28,BOVA11,113.03
2023-06-29,BOVA11,114.91
2023-06-30,BOVA11,114.17
2023-07-03,BOVA11,115.94
2023-07-04,BOVA11,115.24
2023-07-05,BOVA11,115.84
2023-07-06,BOVA11,113.64
2023-07-07,BOVA11,115.19
2023-07-10,BOVA11,114.1
2023-07-11,BOVA11,113.8
2023-07-12,BOVA11,113.83
2023-07-13,BOVA11,115.58
2023-07-14,BOVA11,113.96
2023-07-17,BOVA11,114.71
2023-07-18,BOVA11,113.95
2023-07-19,BOVA11,113.75
2023-07-20,BOVA11,114.34
2023-07-21,BOVA11,116.4
2023-07-24,BOVA11,117.57
2023-07-25,BOVA11,117.98
2023-07-26,BOVA11,118.74
2023-07-27,BOVA11,116.04
2023-07-28,BOVA11,116.52
2023-07-31,BOVA11,117.95
2023-08-01,BOVA11,117.52
2023-08-02,BOVA11,117.01
2023-08-03,BOVA11,116.71
2023-08-04,BOVA11,115.66
2023-08-07,BOVA11,115.61
2023-08-08,BOVA11,115.27
2023-08-09,BOVA11,114.7
2023-08-10,BOVA11,114.51
2023-08-11,BOVA11,114.25
2023-08-14,BOVA11,113.31
2023-08-15,BOVA11,112.37
2023-08-16,BOVA11,111.87
2023-08-17,BOVA11,111.36
2023-08-18,BOVA11,111.7
2023-08-21,BOVA11,110.79
2023-08-22,BOVA11,112.41
2023-08-23,BOVA11,114.3
2023-08-24,BOVA11,113.3
2023-08-25,BOVA11,112.15
2023-08-28,BOVA11,113.5
2023-08-29,BOVA11,114.62
2023-08-30,BOVA11,113.9
2023-08-31,BOVA11,112.31
2023-09-01,BOVA11,114.05
2023-09-04,BOVA11,114.14
2023-09-05,BOVA11,113.62
2023-09-06,BOVA11,112.25
2023-09-08,BOVA11,111.66
2023-09-11,BOVA11,113.48
2023-09-12,BOVA11,114.22
2023-09-13,BOVA11,114.46
2023-09-14,BOVA11,115.59
2023-09-15,BOVA11,114.92
2023-09-18,BOVA11,114.65
2023-09-19,BOVA11,114.1
2023-09-20,BOVA11,115.03
2023-09-21,BOVA11,112.6
2023-09-22,BOVA11,112.61
2023-09-25,BOVA11,112.57
2023-09-26,BOVA11,110.65
2023-09-27,BOVA11,110.7
2023-09-28,BOVA11,112.18
2023-09-29,BOVA11,113.15
2023-10-02,BOVA11,111.49
2023-10-03,BOVA11,109.82
2023-10-04,BOVA11,110.18
2023-10-05,BOVA11,109.75
2023-10-06,BOVA11,110.66
2023-10-09,BOVA11,111.74
2023-10-10,BOVA11,113.13
2023-10-11,BOVA11,113.5
2023-10-13,BOVA11,112.06
2023-10-16,BOVA11,112.94
2023-10-17,BOVA11,112.34
2023-10-18,BOVA11,110.37
2023-10-19,BOVA11,110.6
2023-10-20,BOVA11,109.5
2023-10-23,BOVA11,109.35
2023-10-24,BOVA11,110.24
2023-10-25,BOVA11,109.35
2023-10-26,BOVA11,111.4
2023-10-27,BOVA11,109.85
2023-10-30,BOVA11,108.96
2023-10-31,BOVA11,109.62
2023-11-01,BOVA11,111.56
2023-11-03,BOVA11,114.75
2023-11-06,BOVA11,114.81
2023-11-07,BOVA11,115.67
2023-11-08,BOVA11,115.52
2023-11-09,BOVA11,115.18
2023-11-10,BOVA11,117.01
2023-11-13,BOVA11,116.82
2023-11-14,BOVA11,119.61
2023-11-16,BOVA11,120.96
2023-11-17,BOVA11,121.1
2023-11-20,BOVA11,122.25
2023-11-21,BOVA11,121.76
2023-11-22,BOVA11,122.15
2023-11-23,BOVA11,122.83
2023-11-24,BOVA11,121.66
2023-11-27,BOVA11,121.94
2023-11-28,BOVA11,122.72
2023-11-29,BOVA11,122.27
2023-11-30,BOVA11,123.57
2023-12-01,BOVA11,124.24
2023-12-04,BOVA11,122.96
2023-12-05,BOVA11,123.01
2023-12-06,BOVA11,121.72
2023-12-07,BOVA11,122.29
2023-12-08,BOVA11,123.31
2023-12-11,BOVA11,123.11
2023-12-12,BOVA11,122.6
2023-12-13,BOVA11,126.12
2023-12-14,BOVA11,126.88
2023-12-15,BOVA11,126.28
2023-12-18,BOVA11,127.27
2023-12-19,BOVA11,128.05
2023-12-20,BOVA11,126.82
2023-12-21,BOVA11,128.35
2023-12-22,BOVA11,128.94
2023-12-26,BOVA11,129.65
2023-12-27,BOVA11,130.46
2023-12-28,BOVA11,130.39
2024-01-02,BOVA11,128.76
2024-01-03,BOVA11,128.99
2024-01-04,BOVA11,127.35
2024-01-05,BOVA11,128.25
2024-01-08,BOVA11,128.57
2024-01-09,BOVA11,127.59
2024-01-10,BOVA11,126.94
2024-01-11,BOVA11,126.81
2024-01-12,BOVA11,127.23
2024-01-15,BOVA11,127.82
2024-01-16,BOVA11,125.49
2024-01-17,BOVA11,124.53
2024-01-18,BOVA11,123.56
2024-01-19,BOVA11,123.84
2024-01-22,BOVA11,122.7
2024-01-23,BOVA11,124.55
2024-01-24,BOVA11,123.97
2024-01-25,BOVA11,124.46
2024-01-26,BOVA11,125.08
2024-01-29,BOVA11,124.75
2024-01-30,BOVA11,123.57
2024-01-31,BOVA11,123.95
2024-02-01,BOVA11,124.76
2024-02-02,BOVA11,123.32
2024-02-05,BOVA11,123.86
2024-02-06,BOVA11,126.88
2024-02-07,BOVA11,126.05
2024-02-08,BOVA11,124.51
2024-02-09,BOVA11,124.13
2024-02-14,BOVA11,123.23
2024-02-15,BOVA11,124.06
2024-02-16,BOVA11,124.88
2024-02-19,BOVA11,125.14
2024-02-20,BOVA11,126.19
2024-02-21,BOVA11,126.18
2024-02-22,BOVA11,126.3
2024-02-23,BOVA11,125.61
2024-02-26,BOVA11,125.77
2024-02-27,BOVA11,127.84
2024-02-28,BOVA11,126.26
2024-02-29,BOVA11,125.25
2024-03-01,BOVA11,125.24
2024-03-04,BOVA11,124.5
2024-03-05,BOVA11,124.4
2024-03-06,BOVA11,125.15
2024-03-07,BOVA11,124.67
2024-03-08,BOVA11,123.26
2024-03-11,BOVA11,122.32
2024-03-12,BOVA11,123.81
2024-03-13,BOVA11,124.37
2024-03-14,BOVA11,123.82
2024-03-15,BOVA11,122.87
2024-03-18,BOVA11,123.05
2024-03-19,BOVA11,123.73
2024-03-20,BOVA11,125.45
2024-03-21,BOVA11,124.37
2024-03-22,BOVA11,123.21
2024-03-25,BOVA11,123.19
2024-03-26,BOVA11,123.24
2024-03-27,BOVA11,124.05
2024-03-28,BOVA11,124.33
2024-04-01,BOVA11,123.29
2024-04-02,BOVA11,123.74
2024-04-03,BOVA11,123.54
2024-04-04,BOVA11,123.68
2024-04-05,BOVA11,122.9
2024-04-08,BOVA11,125.13
2024-04-09,BOVA11,126.21
2024-04-10,BOVA11,124.15
2024-04-11,BOVA11,123.72
2024-04-12,BOVA11,122.12
2024-04-15,BOVA11,121.55
2024-04-16,BOVA11,120.85
2024-04-17,BOVA11,120.54
2024-04-18,BOVA11,120.48
2024-04-19,BOVA11,121.52
2024-04-22,BOVA11,121.8
2024-04-23,BOVA11,121.41
2024-04-24,BOVA11,120.97
2024-04-25,BOVA11,120.91
2024-04-26,BOVA11,122.83
2024-04-29,BOVA11,123.77
2024-04-30,BOVA11,122.38
2024-05-02,BOVA11,123.35
2024-05-03,BOVA11,124.95
2024-05-06,BOVA11,124.71
2024-05-07,BOVA11,125.4
2024-05-08,BOVA11,125.75
2024-05-09,BOVA11,124.52
2024-05-10,BOVA11,124.01
2024-05-13,BOVA11,124.56
2024-05-14,BOVA11,124.81
2024-05-15,BOVA11,124.23
2024-05-16,BOVA11,124.55
2024-05-17,BOVA11,124.37
2024-05-20,BOVA11,124.12
2024-05-21,BOVA11,123.7
2024-05-22,BOVA11,122.07
2024-05-23,BOVA11,121.1
2024-05-24,BOVA11,120.64
2024-05-27,BOVA11,120.87
2024-05-28,BOVA11,120.18
2024-05-29,BOVA11,119.12
2024-05-31,BOVA11,118.66
2024-06-03,BOVA11,118.44
2024-06-04,BOVA11,118.16
2024-06-05,BOVA11,117.9
2024-06-06,BOVA11,119.4
2024-06-07,BOVA11,117.13
2024-06-10,BOVA11,117.35
2024-06-11,BOVA11,118.0
2024-06-12,BOVA11,116.46
2024-06-13,BOVA11,116.18
2024-06-14,BOVA11,116.22
2024-06-17,BOVA11,115.74
2024-06-18,BOVA11,116.12
2024-06-19,BOVA11,116.76
2024-06-20,BOVA11,117.12
2024-06-21,BOVA11,118.02
2024-06-24,BOVA11,119.08
2024-06-25,BOVA11,118.9
2024-06-26,BOVA11,119.14
2024-06-27,BOVA11,120.8
2024-06-28,BOVA11,120.38
2024-07-01,BOVA11,121.08
2024-07-02,BOVA11,121.33
2024-07-03,BOVA11,122.14
2024-07-04,BOVA11,122.62
2024-07-05,BOVA11,122.7
2024-07-08,BOVA11,122.94
2024-07-09,BOVA11,123.54
2024-07-10,BOVA11,123.5
2024-07-11,BOVA11,124.57
2024-07-12,BOVA11,125.2
2024-07-15,BOVA11,125.72
2024-07-16,BOVA11,125.37
2024-07-17,BOVA11,125.82
2024-07-18,BOVA11,124.02
2024-07-19,BOVA11,124.0
2024-07-22,BOVA11,124.26
2024-07-23,BOVA11,122.95
2024-07-24,BOVA11,122.86
2024-07-25,BOVA11,122.41
2024-07-26,BOVA11,123.98
2024-07-29,BOVA11,123.46
2024-07-30,BOVA11,122.71
2024-07-31,BOVA11,124.04
2024-08-01,BOVA11,123.74
2024-08-02,BOVA11,122.38
2024-08-05,BOVA11,121.77
2024-08-06,BOVA11,122.74
2024-08-07,BOVA11,124.04
2024-08-08,BOVA11,125.3
2024-08-09,BOVA11,127.13
2024-08-12,BOVA11,127.65
2024-08-13,BOVA11,128.78
2024-08-14,BOVA11,129.68
2024-08-15,BOVA11,130.49
2024-08-16,BOVA11,130.29
2024-08-19,BOVA11,131.98
2024-08-20,BOVA11,132.44
2024-08-21,BOVA11,132.74
2024-08-22,BOVA11,131.57
2024-08-23,BOVA11,131.98
2024-08-26,BOVA11,133.21
2024-08-27,BOVA11,133.01
2024-08-28,BOVA11,133.62
2024-08-29,BOVA11,132.17
2024-08-30,BOVA11,132.6
2024-09-02,BOVA11,131.1
2024-09-03,BOVA11,130.63
2024-09-04,BOVA11,132.38
2024-09-05,BOVA11,132.89
2024-09-06,BOVA11,130.96
2024-09-09,BOVA11,131.04
2024-09-10,BOVA11,130.63
2024-09-11,BOVA11,131.21
2024-09-12,BOVA11,130.31
2024-09-13,BOVA11,131.21
2024-09-16,BOVA11,131.38
2024-09-17,BOVA11,131.33
2024-09-18,BOVA11,130.05
2024-09-19,BOVA11,129.37
2024-09-20,BOVA11,127.63
2024-09-23,BOVA11,127.0
2024-09-24,BOVA11,128.68
2024-09-25,BOVA11,127.92
2024-09-26,BOVA11,129.33
2024-09-27,BOVA11,129.04
2024-09-30,BOVA11,128.43
2024-10-01,BOVA11,128.86
2024-10-02,BOVA11,129.85
2024-10-03,BOVA11,128.03
2024-10-04,BOVA11,128.2
2024-10-07,BOVA11,128.45
2024-10-08,BOVA11,127.93
2024-10-09,BOVA11,126.35
2024-10-10,BOVA11,126.8
2024-10-11,BOVA11,126.47
2024-10-14,BOVA11,127.5
2024-10-15,BOVA11,127.4
2024-10-16,BOVA11,128.07
2024-10-17,BOVA11,127.31
2024-10-18,BOVA11,127.0
2024-10-21,BOVA11,126.75
2024-10-22,BOVA11,126.5
2024-10-23,BOVA11,125.81
2024-10-24,BOVA11,126.6
2024-10-25,BOVA11,126.35
2024-10-28,BOVA11,127.84
2024-10-29,BOVA11,127.25
2024-10-30,BOVA11,127.23
2024-10-31,BOVA11,126.26
2024-11-01,BOVA11,124.6
2024-11-04,BOVA11,127.15
2024-11-05,BOVA11,127.15
2024-11-06,BOVA11,126.3
2024-11-07,BOVA11,126.06
2024-11-08,BOVA11,124.5
2024-11-11,BOVA11,124.35
2024-11-12,BOVA11,124.2
2024-11-13,BOVA11,124.33
2024-11-14,BOVA11,124.27
2024-11-18,BOVA11,124.41
2024-11-19,BOVA11,124.88
2024-11-21,BOVA11,123.6
2024-11-22,BOVA11,126.02
2024-11-25,BOVA11,125.67
2024-11-26,BOVA11,126.65
2024-11-27,BOVA11,124.1
2024-11-28,BOVA11,121.3
2024-11-29,BOVA11,122.32
2024-12-02,BOVA11,121.88
2024-12-03,BOVA11,122.68
2024-12-04,BOVA11,122.75
2024-12-05,BOVA11,124.51
2024-12-06,BOVA11,122.46
2024-12-09,BOVA11,123.76
2024-12-10,BOVA11,124.78
2024-12-11,BOVA11,126.61
2024-12-12,BOVA11,122.72
2024-12-13,BOVA11,121.63
2024-12-16,BOVA11,120.22
2024-12-17,BOVA11,121.6
2024-12-18,BOVA11,118.2
2024-12-19,BOVA11,117.98
2024-12-20,BOVA11,119.05
2024-12-23,BOVA11,117.7
2024-12-26,BOVA11,117.96
2024-12-27,BOVA11,117.26
2024-12-30,BOVA11,117.27
2025-01-02,BOVA11,117.1
2025-01-03,BOVA11,115.45
2025-01-06,BOVA11,117.07
2025-01-07,BOVA11,118.15
2025-01-08,BOVA11,116.67
2025-01-09,BOVA11,116.82
2025-01-10,BOVA11,115.96
2025-01-13,BOVA11,116.02
2025-01-14,BOVA11,116.46
2025-01-15,BOVA11,119.57
2025-01-16,BOVA11,118.33
2025-01-17,BOVA11,119.25
2025-01-20,BOVA11,119.81
2025-01-21,BOVA11,120.3
2025-01-22,BOVA11,119.92
2025-01-23,BOVA11,119.49
2025-01-24,BOVA11,119.45
2025-01-27,BOVA11,121.87
2025-01-28,BOVA11,121.03
2025-01-29,BOVA11,120.17
2025-01-30,BOVA11,123.95
2025-01-31,BOVA11,123.0
2025-02-03,BOVA11,122.64
2025-02-04,BOVA11,121.91
2025-02-05,BOVA11,122.37
2025-02-06,BOVA11,123.16
2025-02-07,BOVA11,121.48
2025-02-10,BOVA11,122.55
2025-02-11,BOVA11,123.45
2025-02-12,BOVA11,121.25
2025-02-13,BOVA11,121.68
2025-02-14,BOVA11,124.87
2025-02-17,BOVA11,125.25
2025-02-18,BOVA11,125.3
2025-02-19,BOVA11,124.01
2025-02-20,BOVA11,124.47
2025-02-21,BOVA11,123.94
2025-02-24,BOVA11,122.49
2025-02-25,BOVA11,122.83
2025-02-26,BOVA11,121.82
2025-02-27,BOVA11,121.75
2025-02-28,BOVA11,120.01
2025-03-05,BOVA11,120.05
2025-03-06,BOVA11,120.4
2025-03-07,BOVA11,121.95
2025-03-10,BOVA11,121.3
2025-03-11,BOVA11,120.55
2025-03-12,BOVA11,120.74
2025-03-13,BOVA11,122.51
2025-03-14,BOVA11,125.75
2025-03-17,BOVA11,127.76
2025-03-18,BOVA11,128.26
2025-03-19,BOVA11,129.6
2025-03-20,BOVA11,128.85
2025-03-21,BOVA11,128.98
2025-03-24,BOVA11,128.19
2025-03-25,BOVA11,129.04
2025-03-26,BOVA11,129.24
2025-03-27,BOVA11,129.78
2025-03-28,BOVA11,128.69
2025-03-31,BOVA11,127.3
2025-04-01,BOVA11,128.04
2025-04-02,BOVA11,128.9
2025-04-03,BOVA11,128.1
2025-04-04,BOVA11,124.05
2025-04-07,BOVA11,122.73
2025-04-08,BOVA11,121.04
2025-04-09,BOVA11,124.55
2025-04-10,BOVA11,123.41
2025-04-11,BOVA11,124.72
2025-04-14,BOVA11,126.41
2025-04-15,BOVA11,126.2
2025-04-16,BOVA11,125.28
2025-04-17,BOVA11,126.53
2025-04-22,BOVA11,127.33
2025-04-23,BOVA11,129.08
2025-04-24,BOVA11,131.38
2025-04-25,BOVA11,131.49
2025-04-28,BOVA11,131.65
2025-04-29,BOVA11,131.86
2025-04-30,BOVA11,131.63
2025-05-02,BOVA11,131.85
2025-05-05,BOVA11,130.34
2025-05-06,BOVA11,130.38
2025-05-07,BOVA11,130.21
2025-05-08,BOVA11,133.04
2025-05-09,BOVA11,133.24
2025-05-12,BOVA11,133.39
2025-05-13,BOVA11,135.61
2025-05-14,BOVA11,135.19
2025-05-15,BOVA11,136.07
2025-05-16,BOVA11,136.11
2025-05-19,BOVA11,136.42
2025-05-20,BOVA11,136.84
2025-05-21,BOVA11,134.59
2025-05-22,BOVA11,134.05
2025-05-23,BOVA11,134.47
2025-05-26,BOVA11,135.01
2025-05-27,BOVA11,136.46
2025-05-28,BOVA11,135.71
2025-05-29,BOVA11,135.36
2025-05-30,BOVA11,133.99
2025-06-02,BOVA11,133.6
2025-06-03,BOVA11,134.4
2025-06-04,BOVA11,133.81
2025-06-05,BOVA11,133.25
2025-06-06,BOVA11,133.06
2025-06-09,BOVA11,132.73
2025-06-10,BOVA11,133.35
2025-06-11,BOVA11,133.97
2025-06-12,BOVA11,134.66
2025-06-13,BOVA11,133.99
2025-06-16,BOVA11,136.07
2025-06-17,BOVA11,135.52
2025-06-18,BOVA11,135.42
2025-06-20,BOVA11,133.9
2025-06-23,BOVA11,133.47
2025-06-24,BOVA11,134.07
2025-06-25,BOVA11,132.55
2025-06-26,BOVA11,133.96
2025-06-27,BOVA11,133.79
2025-06-30,BOVA11,135.85
2025-07-01,BOVA11,136.52
2025-07-02,BOVA11,135.91
2025-07-03,BOVA11,137.92
2025-07-04,BOVA11,138.13
2025-07-07,BOVA11,136.45
2025-07-08,BOVA11,136.15
2025-07-09,BOVA11,134.11
2025-07-10,BOVA11,133.61
2025-07-11,BOVA11,133.5
2025-07-14,BOVA11,132.09
2025-07-15,BOVA11,132.37
2025-07-16,BOVA11,132.4
2025-07-17,BOVA11,132.47
2025-07-18,BOVA11,130.3
2025-07-21,BOVA11,131.2
2025-07-22,BOVA11,131.15
2025-07-23,BOVA11,132.39
2025-07-24,BOVA11,130.78
2025-07-25,BOVA11,130.45
2025-07-28,BOVA11,129.25
2025-07-29,BOVA11,129.5
2025-07-30,BOVA11,130.93
2025-07-31,BOVA11,129.88
2025-08-01,BOVA11,129.57
2025-08-04,BOVA11,130.0
2025-08-05,BOVA11,130.16
2025-08-06,BOVA11,131.49
2025-08-07,BOVA11,133.52
2025-08-08,BOVA11,132.91
2025-08-11,BOVA11,132.5
2025-08-12,BOVA11,135.1
2025-08-13,BOVA11,133.66
2025-08-14,BOVA11,133.36
2025-08-15,BOVA11,133.56
2025-08-18,BOVA11,134.33
2025-08-19,BOVA11,131.17
2025-08-20,BOVA11,131.8
2025-08-21,BOVA11,131.63
2025-08-22,BOVA11,135.15
2025-08-25,BOVA11,135.11
2025-08-26,BOVA11,134.94
2025-08-27,BOVA11,136.2
2025-08-28,BOVA11,138.31
2025-08-29,BOVA11,138.5
2025-09-01,BOVA11,138.29
2025-09-02,BOVA11,137.37
2025-09-03,BOVA11,136.87
2025-09-04,BOVA11,138.01
2025-09-05,BOVA11,139.65
2025-09-08,BOVA11,138.8
2025-09-09,BOVA11,138.6
2025-09-10,BOVA11,139.16
2025-09-11,BOVA11,139.96
2025-09-12,BOVA11,139.21
2025-09-15,BOVA11,140.45
2025-09-16,BOVA11,141.11
2025-09-17,BOVA11,142.6
2025-09-18,BOVA11,142.53
2025-09-19,BOVA11,142.79
2025-09-22,BOVA11,141.99
2025-09-23,BOVA11,143.33
2025-09-24,BOVA11,143.42
2025-09-25,BOVA11,142.28
2025-09-26,BOVA11,142.44
2025-09-29,BOVA11,143.45
2025-09-30,BOVA11,143.24
2025-10-01,BOVA11,142.52
2025-10-02,BOVA11,140.99
2025-10-03,BOVA11,141.22
2025-10-06,BOVA11,140.67
2025-10-07,BOVA11,138.45
2025-10-08,BOVA11,139.2
2025-10-09,BOVA11,138.75
2025-10-10,BOVA11,137.81
2025-10-13,BOVA11,138.75
2025-10-14,BOVA11,138.74
2025-10-15,BOVA11,139.49
2025-10-16,BOVA11,139.16
2025-10-17,BOVA11,140.4
2025-10-20,BOVA11,141.27
2025-10-21,BOVA11,141.17
2025-10-22,BOVA11,141.88
2025-10-23,BOVA11,142.68
2025-10-24,BOVA11,143.0
2025-10-27,BOVA11,144.0
2025-10-28,BOVA11,144.32
2025-10-29,BOVA11,145.3
2025-10-30,BOVA11,145.7
2025-10-31,BOVA11,146.41
2025-11-03,BOVA11,147.37
2025-11-04,BOVA11,147.53
2025-11-05,BOVA11,150.38
2025-11-06,BOVA11,150.1
2025-11-07,BOVA11,150.8
2025-11-10,BOVA11,152.25
2025-11-11,BOVA11,154.8
2025-11-12,BOVA11,154.44
2025-11-13,BOVA11,154.1
2025-11-14,BOVA11,154.34
2025-11-17,BOVA11,153.79
2025-11-18,BOVA11,153.53
2025-11-19,BOVA11,152.0
2025-11-21,BOVA11,151.95
2025-11-24,BOVA11,152.35
2025-11-25,BOVA11,152.97
2025-11-26,BOVA11,155.74
2025-11-27,BOVA11,155.32
2025-11-28,BOVA11,155.85
2025-12-01,BOVA11,155.5
2025-12-02,BOVA11,157.97
2025-12-03,BOVA11,158.4
2025-12-04,BOVA11,161.29
2025-12-05,BOVA11,154.18
2025-12-08,BOVA11,155.25
2025-12-09,BOVA11,154.55
2025-12-10,BOVA11,156.0
2025-12-11,BOVA11,156.19
2025-12-12,BOVA11,157.5
2025-12-15,BOVA11,159.37
2025-12-16,BOVA11,155.16
2025-12-17,BOVA11,154.35
2025-12-18,BOVA11,154.86
2025-12-19,BOVA11,155.3
2025-12-22,BOVA11,155.07
2025-12-23,BOVA11,157.43
2025-12-26,BOVA11,157.82
2025-12-29,BOVA11,157.41
2025-12-30,BOVA11,158.0
2026-01-02,BOVA11,157.36
2026-01-05,BOVA11,158.52
2026-01-06,BOVA11,160.2
2026-01-07,BOVA11,158.8
2026-01-08,BOVA11,159.6
2026-01-09,BOVA11,160.1
2026-01-12,BOVA11,160.15
2026-01-13,BOVA11,159.07
2026-01-14,BOVA11,162.24
2026-01-15,BOVA11,162.55
2026-01-16,BOVA11,161.57
2026-01-19,BOVA11,161.94
2026-01-20,BOVA11,162.92
2026-01-21,BOVA11,168.95
2026-01-22,BOVA11,172.74
2026-01-23,BOVA11,175.7
2026-01-26,BOVA11,175.3
2026-01-27,BOVA11,178.23
2026-01-28,BOVA11,181.4
2026-01-29,BOVA11,179.65
2026-01-30,BOVA11,178.2
2026-02-02,BOVA11,179.2
2026-02-03,BOVA11,182.19
2026-02-04,BOVA11,178.2
2026-02-05,BOVA11,178.65
2026-02-06,BOVA11,179.24
2026-02-09,BOVA11,182.79
2026-02-10,BOVA11,182.4
2026-02-11,BOVA11,185.99
2026-02-12,BOVA11,184.28
2026-02-13,BOVA11,182.98
2026-02-18,BOVA11,182.43
2026-02-19,BOVA11,184.99
2026-02-20,BOVA11,186.69
2026-02-23,BOVA11,185.17
2026-02-24,BOVA11,187.78
2026-02-25,BOVA11,187.46
2026-02-26,BOVA11,187.35
2026-02-27,BOVA11,185.16
2026-03-02,BOVA11,185.5
2026-03-03,BOVA11,179.3
2026-03-04,BOVA11,181.6
2026-03-05,BOVA11,176.75
2026-03-06,BOVA11,175.89
2026-03-09,BOVA11,177.26
2026-03-10,BOVA11,179.75
2026-03-11,BOVA11,180.21
2026-03-12,BOVA11,175.85
2026-03-13,BOVA11,174.55
2026-03-16,BOVA11,176.55
2026-03-17,BOVA11,176.83
2026-03-18,BOVA11,175.8
2026-03-19,BOVA11,177.15
2026-03-20,BOVA11,173.01
2026-03-23,BOVA11,178.9
2026-03-24,BOVA11,179.19
2026-03-25,BOVA11,182.2
2026-03-26,BOVA11,179.45
2026-03-27,BOVA11,177.74
2026-03-30,BOVA11,179.0
2026-03-31,BOVA11,184.28
2026-04-01,BOVA11,184.18
2026-04-02,BOVA11,184.37
2026-04-06,BOVA11,184.56
2026-04-07,BOVA11,185.0
2026-04-08,BOVA11,189.0
2026-04-09,BOVA11,191.7
2026-04-10,BOVA11,193.84
2026-04-13,BOVA11,194.3
2026-04-14,BOVA11,195.16
2026-04-15,BOVA11,193.86
2026-04-16,BOVA11,193.05
2026-04-17,BOVA11,192.1
2026-04-20,BOVA11,192.64
2026-04-22,BOVA11,189.33
2026-04-23,BOVA11,187.87
2026-04-24,BOVA11,187.01
2026-04-27,BOVA11,186.06
2026-04-28,BOVA11,185.16
2026-04-29,BOVA11,181.03
2026-04-30,BOVA11,184.09
2026-05-04,BOVA11,181.76
2026-05-05,BOVA11,183.27
2026-05-06,BOVA11,184.25
2026-05-07,BOVA11,179.7
2026-05-08,BOVA11,180.93
2026-05-11,BOVA11,178.59
2026-05-12,BOVA11,177.19
2026-05-13,BOVA11,173.79
2026-05-14,BOVA11,175.16
2026-05-15,BOVA11,173.88
2026-05-18,BOVA11,174.0
2026-05-19,BOVA11,170.87
2026-05-20,BOVA11,173.95
2026-05-21,BOVA11,174.17
2026-05-22,BOVA11,173.3
2026-05-25,BOVA11,174.48
2026-05-26,BOVA11,173.29
2026-05-27,BOVA11,172.54
2026-05-28,BOVA11,171.7
2026-05-29,BOVA11,170.75
2026-06-01,BOVA11,169.12
2026-06-02,BOVA11,171.43
2026-06-03,BOVA11,167.28
2026-06-05,BOVA11,165.75
2026-06-08,BOVA11,165.5
2026-06-09,BOVA11,166.42
2026-06-10,BOVA11,165.82
2026-06-11,BOVA11,168.7
2026-06-12,BOVA11,167.92
2026-06-15,BOVA11,167.59
2026-06-16,BOVA11,166.35
2026-06-17,BOVA11,165.14
2026-06-18,BOVA11,165.38
2026-06-19,BOVA11,165.13
2026-06-22,BOVA11,167.12
2026-06-23,BOVA11,168.21
2026-06-24,BOVA11,167.61
2026-06-25,BOVA11,169.0
2026-06-26,BOVA11,170.22
2026-06-29,BOVA11,170.21
2026-06-30,BOVA11,169.05
2026-07-01,BOVA11,168.8
2026-07-02,BOVA11,169.9
2026-07-03,BOVA11,171.11
2026-07-06,BOVA11,169.25
2026-07-07,BOVA11,169.03
2026-07-08,BOVA11,167.56
2026-07-09,BOVA11,169.8
2026-07-10,BOVA11,175.01
2026-07-13,BOVA11,172.25
2026-07-14,BOVA11,173.6
2026-07-15,BOVA11,172.76
2026-07-16,BOVA11,170.77
2026-07-17,BOVA11,170.63
2026-07-20,BOVA11,170.3
2026-07-21,BOVA11,170.34
2026-07-22,BOVA11,174.7
2026-07-23,BOVA11,173.45
2026-07-24,BOVA11,170.95
2026-07-27,BOVA11,172.75
2026-07-28,BOVA11,173.74
2026-07-29,BOVA11,170.55
2026-07-30,BOVA11,174.31
2026-07-31,BOVA11,175.02
2026-08-03,BOVA11,174.9
2026-08-04,BOVA11,174.85
2026-08-05,BOVA11,174.7
2026-08-06,BOVA11,172.04
2026-08-07,BOVA11,169.37
2026-08-10,BOVA11,169.27
2026-08-11,BOVA11,165.05
2026-08-12,BOVA11,164.67
2026-08-13,BOVA11,164.15
2026-08-14,BOVA11,163.9
2026-08-17,BOVA11,163.8
2026-08-18,BOVA11,163.55
2026-08-19,BOVA11,165.0
2026-08-20,BOVA11,165.0
2026-08-21,BOVA11,168.33
2026-08-24,BOVA11,169.01
2026-08-25,BOVA11,171.88
2026-08-26,BOVA11,171.82
2026-08-27,BOVA11,172.4
2026-08-28,BOVA11,172.72
2026-08-31,BOVA11,174.78
2026-09-01,BOVA11,177.1
2026-09-02,BOVA11,182.27
2026-09-03,BOVA11,182.25
2026-09-04,BOVA11,181.94
2026-09-08,BOVA11,184.79
2026-09-09,BOVA11,182.87
2026-09-10,BOVA11,185.21
2026-09-11,BOVA11,183.85
2026-09-14,BOVA11,182.55
2026-09-15,BOVA11,183.89
2026-09-16,BOVA11,182.66
2026-09-17,BOVA11,183.28
2026-09-18,BOVA11,182.47
2026-09-21,BOVA11,183.95
2026-09-22,BOVA11,184.3
2026-09-23,BOVA11,182.86
2026-09-24,BOVA11,180.87
2026-09-25,BOVA11,180.82
2026-09-28,BOVA11,180.18
2026-09-29,BOVA11,181.05
2026-09-30,BOVA11,184.08
2026-10-01,BOVA11,184.41
2026-10-02,BOVA11,190.0
2026-10-05,BOVA11,204.35
2026-10-06,BOVA11,202.5
2026-10-07,BOVA11,201.25
2026-10-08,BOVA11,203.08
2021-02-18,CMIN3,9.0
2021-02-19,CMIN3,9.05
2021-02-22,CMIN3,9.29
2021-02-23,CMIN3,9.12
2021-02-24,CMIN3,9.15
2021-02-25,CMIN3,9.0
2021-02-26,CMIN3,8.93
2021-03-01,CMIN3,8.95
2021-03-02,CMIN3,8.8
2021-03-03,CMIN3,8.49
2021-03-04,CMIN3,8.45
2021-03-05,CMIN3,8.51
2021-03-08,CMIN3,8.51
2021-03-09,CMIN3,8.47
2021-03-10,CMIN3,8.39
2021-03-11,CMIN3,8.5
2021-03-12,CMIN3,8.49
2021-03-15,CMIN3,8.49
2021-03-16,CMIN3,8.5
2021-03-17,CMIN3,8.62
2021-03-18,CMIN3,8.49
2021-03-19,CMIN3,8.53
2021-03-22,CMIN3,8.4
2021-03-23,CMIN3,8.32
2021-03-24,CMIN3,8.36
2021-03-25,CMIN3,8.3
2021-03-26,CMIN3,8.36
2021-03-29,CMIN3,9.17
2021-03-30,CMIN3,9.02
2021-03-31,CMIN3,9.19
2021-04-01,CMIN3,9.05
2021-04-05,CMIN3,9.2
2021-04-06,CMIN3,9.25
2021-04-07,CMIN3,9.38
2021-04-08,CMIN3,9.3
2021-04-09,CMIN3,9.37
2021-04-12,CMIN3,9.43
2021-04-13,CMIN3,9.38
2021-04-14,CMIN3,9.47
2021-04-15,CMIN3,9.69
2021-04-16,CMIN3,9.57
2021-04-19,CMIN3,9.72
2021-04-20,CMIN3,9.66
2021-04-22,CMIN3,9.66
2021-04-23,CMIN3,9.75
2021-04-26,CMIN3,9.92
2021-04-27,CMIN3,10.25
2021-04-28,CMIN3,10.66
2021-04-29,CMIN3,10.8
2021-04-30,CMIN3,10.49
2021-05-03,CMIN3,10.19
2021-05-04,CMIN3,10.12
2021-05-05,CMIN3,10.1
2021-05-06,CMIN3,10.5
2021-05-07,CMIN3,10.62
2021-05-10,CMIN3,10.62
2021-05-11,CMIN3,10.9
2021-05-12,CMIN3,10.04
2021-05-13,CMIN3,9.87
2021-05-14,CMIN3,9.54
2021-05-17,CMIN3,9.65
2021-05-18,CMIN3,9.77
2021-05-19,CMIN3,9.41
2021-05-20,CMIN3,9.34
2021-05-21,CMIN3,9.23
2021-05-24,CMIN3,9.24
2021-05-25,CMIN3,9.12
2021-05-26,CMIN3,9.06
2021-05-27,CMIN3,9.22
2021-05-28,CMIN3,9.32
2021-05-31,CMIN3,9.39
2021-06-01,CMIN3,9.6
2021-06-02,CMIN3,9.66
2021-06-04,CMIN3,9.46
2021-06-07,CMIN3,9.38
2021-06-08,CMIN3,9.31
2021-06-09,CMIN3,9.43
2021-06-10,CMIN3,9.52
2021-06-11,CMIN3,9.71
2021-06-14,CMIN3,9.7
2021-06-15,CMIN3,9.67
2021-06-16,CMIN3,9.47
2021-06-17,CMIN3,9.33
2021-06-18,CMIN3,9.45
2021-06-21,CMIN3,9.44
2021-06-22,CMIN3,9.39
2021-06-23,CMIN3,9.37
2021-06-24,CMIN3,9.38
2021-06-25,CMIN3,9.36
2021-06-28,CMIN3,9.3
2021-06-29,CMIN3,9.28
2021-06-30,CMIN3,9.16
2021-07-01,CMIN3,9.1
2021-07-02,CMIN3,9.13
2021-07-05,CMIN3,9.17
2021-07-06,CMIN3,9.15
2021-07-07,CMIN3,9.14
2021-07-08,CMIN3,9.06
2021-07-12,CMIN3,9.16
2021-07-13,CMIN3,9.13
2021-07-14,CMIN3,9.14
2021-07-15,CMIN3,9.1
2021-07-16,CMIN3,9.1
2021-07-19,CMIN3,9.03
2021-07-20,CMIN3,9.07
2021-07-21,CMIN3,9.01
2021-07-22,CMIN3,9.07
2021-07-23,CMIN3,9.04
2021-07-26,CMIN3,9.2
2021-07-27,CMIN3,9.17
2021-07-28,CMIN3,9.11
2021-07-29,CMIN3,9.48
2021-07-30,CMIN3,9.2
2021-08-02,CMIN3,8.95
2021-08-03,CMIN3,8.71
2021-08-04,CMIN3,8.75
2021-08-05,CMIN3,8.5
2021-08-06,CMIN3,8.5
2021-08-09,CMIN3,8.35
2021-08-10,CMIN3,8.31
2021-08-11,CMIN3,8.28
2021-08-12,CMIN3,8.23
2021-08-13,CMIN3,8.04
2021-08-16,CMIN3,7.76
2021-08-17,CMIN3,7.23
2021-08-18,CMIN3,7.01
2021-08-19,CMIN3,6.99
2021-08-20,CMIN3,6.81
2021-08-23,CMIN3,6.68
2021-08-24,CMIN3,7.4
2021-08-25,CMIN3,7.29
2021-08-26,CMIN3,7.05
2021-08-27,CMIN3,7.34
2021-08-30,CMIN3,7.54
2021-08-31,CMIN3,7.12
2021-09-01,CMIN3,7.01
2021-09-02,CMIN3,6.8
2021-09-03,CMIN3,6.94
2021-09-06,CMIN3,7.03
2021-09-08,CMIN3,6.75
2021-09-09,CMIN3,6.65
2021-09-10,CMIN3,6.7
2021-09-13,CMIN3,6.77
2021-09-14,CMIN3,6.59
2021-09-15,CMIN3,6.34
2021-09-16,CMIN3,6.07
2021-09-17,CMIN3,5.96
2021-09-20,CMIN3,5.7
2021-09-21,CMIN3,5.84
2021-09-22,CMIN3,5.99
2021-09-23,CMIN3,5.96
2021-09-24,CMIN3,5.9
2021-09-27,CMIN3,6.27
2021-09-28,CMIN3,5.91
2021-09-29,CMIN3,6.14
2021-09-30,CMIN3,6.37
2021-10-01,CMIN3,6.52
2021-10-04,CMIN3,6.25
2021-10-05,CMIN3,6.18
2021-10-06,CMIN3,6.14
2021-10-07,CMIN3,6.1
2021-10-08,CMIN3,6.23
2021-10-11,CMIN3,6.43
2021-10-13,CMIN3,6.2
2021-10-14,CMIN3,6.11
2021-10-15,CMIN3,6.65
2021-10-18,CMIN3,6.71
2021-10-19,CMIN3,6.45
2021-10-20,CMIN3,6.14
2021-10-21,CMIN3,6.01
2021-10-22,CMIN3,6.05
2021-10-25,CMIN3,6.0
2021-10-26,CMIN3,5.79
2021-10-27,CMIN3,5.68
2021-10-28,CMIN3,5.5
2021-10-29,CMIN3,5.27
2021-11-01,CMIN3,5.38
2021-11-03,CMIN3,5.21
2021-11-04,CMIN3,5.22
2021-11-05,CMIN3,5.53
2021-11-08,CMIN3,5.8
2021-11-09,CMIN3,5.76
2021-11-10,CMIN3,5.58
2021-11-11,CMIN3,6.14
2021-11-12,CMIN3,6.11
2021-11-16,CMIN3,5.9
2021-11-17,CMIN3,5.82
2021-11-18,CMIN3,5.7
2021-11-19,CMIN3,5.93
2021-11-22,CMIN3,5.97
2021-11-23,CMIN3,6.08
2021-11-24,CMIN3,6.22
2021-11-25,CMIN3,6.2
2021-11-26,CMIN3,6.0
2021-11-29,CMIN3,5.97
2021-11-30,CMIN3,5.97
2021-12-01,CMIN3,5.86
2021-12-02,CMIN3,6.09
2021-12-03,CMIN3,6.02
2021-12-06,CMIN3,6.26
2021-12-07,CMIN3,6.54
2021-12-08,CMIN3,6.5
2021-12-09,CMIN3,6.77
2021-12-10,CMIN3,6.69
2021-12-13,CMIN3,6.87
2021-12-14,CMIN3,6.73
2021-12-15,CMIN3,6.79
2021-12-16,CMIN3,6.92
2021-12-17,CMIN3,7.21
2021-12-20,CMIN3,6.73
2021-12-21,CMIN3,6.92
2021-12-22,CMIN3,6.63
2021-12-23,CMIN3,6.63
2021-12-27,CMIN3,6.69
2021-12-28,CMIN3,6.52
2021-12-29,CMIN3,6.58
2021-12-30,CMIN3,6.74
2022-01-03,CMIN3,7.05
2022-01-04,CMIN3,7.55
2022-01-05,CMIN3,6.96
2022-01-06,CMIN3,6.82
2022-01-07,CMIN3,6.98
2022-01-10,CMIN3,6.99
2022-01-11,CMIN3,7.0
2022-01-12,CMIN3,7.31
2022-01-13,CMIN3,7.16
2022-01-14,CMIN3,7.18
2022-01-17,CMIN3,7.04
2022-01-18,CMIN3,7.2
2022-01-19,CMIN3,7.3
2022-01-20,CMIN3,7.22
2022-01-21,CMIN3,7.18
2022-01-24,CMIN3,7.0
2022-01-25,CMIN3,7.23
2022-01-26,CMIN3,7.23
2022-01-27,CMIN3,7.12
2022-01-28,CMIN3,7.15
2022-01-31,CMIN3,6.98
2022-02-01,CMIN3,7.2
2022-02-02,CMIN3,7.17
2022-02-03,CMIN3,7.16
2022-02-04,CMIN3,7.12
2022-02-07,CMIN3,7.12
2022-02-08,CMIN3,7.07
2022-02-09,CMIN3,6.94
2022-02-10,CMIN3,6.87
2022-02-11,CMIN3,6.6
2022-02-14,CMIN3,6.67
2022-02-15,CMIN3,6.65
2022-02-16,CMIN3,6.64
2022-02-17,CMIN3,6.38
2022-02-18,CMIN3,6.3
2022-02-21,CMIN3,6.18
2022-02-22,CMIN3,6.26
2022-02-23,CMIN3,6.13
2022-02-24,CMIN3,6.08
2022-02-25,CMIN3,6.2
2022-03-02,CMIN3,6.48
2022-03-03,CMIN3,6.63
2022-03-04,CMIN3,6.74
2022-03-07,CMIN3,6.78
2022-03-08,CMIN3,6.53
2022-03-09,CMIN3,6.71
2022-03-10,CMIN3,6.5
2022-03-11,CMIN3,6.44
2022-03-14,CMIN3,6.04
2022-03-15,CMIN3,5.72
2022-03-16,CMIN3,5.67
2022-03-17,CMIN3,5.75
2022-03-18,CMIN3,6.14
2022-03-21,CMIN3,6.17
2022-03-22,CMIN3,6.23
2022-03-23,CMIN3,6.11
2022-03-24,CMIN3,6.14
2022-03-25,CMIN3,6.15
2022-03-28,CMIN3,6.09
2022-03-29,CMIN3,6.03
2022-03-30,CMIN3,6.11
2022-03-31,CMIN3,6.03
2022-04-01,CMIN3,6.12
2022-04-04,CMIN3,6.2
2022-04-05,CMIN3,5.96
2022-04-06,CMIN3,5.91
2022-04-07,CMIN3,5.88
2022-04-08,CMIN3,5.83
2022-04-11,CMIN3,5.87
2022-04-12,CMIN3,5.8
2022-04-13,CMIN3,5.86
2022-04-14,CMIN3,5.82
2022-04-18,CMIN3,5.81
2022-04-19,CMIN3,5.81
2022-04-20,CMIN3,5.57
2022-04-22,CMIN3,5.4
2022-04-25,CMIN3,5.34
2022-04-26,CMIN3,5.07
2022-04-27,CMIN3,5.17
2022-04-28,CMIN3,5.2
2022-04-29,CMIN3,5.2
2022-05-02,CMIN3,4.84
2022-05-03,CMIN3,5.04
2022-05-04,CMIN3,5.24
2022-05-05,CMIN3,4.89
2022-05-06,CMIN3,4.76
2022-05-09,CMIN3,4.61
2022-05-10,CMIN3,4.28
2022-05-11,CMIN3,4.33
2022-05-12,CMIN3,4.19
2022-05-13,CMIN3,4.34
2022-05-16,CMIN3,4.32
2022-05-17,CMIN3,4.27
2022-05-18,CMIN3,4.08
2022-05-19,CMIN3,4.45
2022-05-20,CMIN3,4.61
2022-05-23,CMIN3,4.64
2022-05-24,CMIN3,4.62
2022-05-25,CMIN3,4.6
2022-05-26,CMIN3,4.67
2022-05-27,CMIN3,4.73
2022-05-30,CMIN3,4.76
2022-05-31,CMIN3,4.83
2022-06-01,CMIN3,4.85
2022-06-02,CMIN3,5.3
2022-06-03,CMIN3,5.15
2022-06-06,CMIN3,5.25
2022-06-07,CMIN3,5.13
2022-06-08,CMIN3,5.02
2022-06-09,CMIN3,5.02
2022-06-10,CMIN3,5.22
2022-06-13,CMIN3,5.07
2022-06-14,CMIN3,4.8
2022-06-15,CMIN3,4.73
2022-06-17,CMIN3,4.52
2022-06-20,CMIN3,4.34
2022-06-21,CMIN3,4.3
2022-06-22,CMIN3,4.23
2022-06-23,CMIN3,4.11
2022-06-24,CMIN3,4.14
2022-06-27,CMIN3,4.23
2022-06-28,CMIN3,4.19
2022-06-29,CMIN3,4.12
2022-06-30,CMIN3,3.86
2022-07-01,CMIN3,3.81
2022-07-04,CMIN3,3.71
2022-07-05,CMIN3,3.63
2022-07-06,CMIN3,3.64
2022-07-07,CMIN3,3.71
2022-07-08,CMIN3,3.69
2022-07-11,CMIN3,3.52
2022-07-12,CMIN3,3.51
2022-07-13,CMIN3,3.49
2022-07-14,CMIN3,3.33
2022-07-15,CMIN3,3.34
2022-07-18,CMIN3,3.33
2022-07-19,CMIN3,3.44
2022-07-20,CMIN3,3.49
2022-07-21,CMIN3,3.49
2022-07-22,CMIN3,3.4
2022-07-25,CMIN3,3.37
2022-07-26,CMIN3,3.28
2022-07-27,CMIN3,3.44
2022-07-28,CMIN3,3.54
2022-07-29,CMIN3,3.5
2022-08-01,CMIN3,3.48
2022-08-02,CMIN3,3.55
2022-08-03,CMIN3,3.51
2022-08-04,CMIN3,3.66
2022-08-05,CMIN3,3.7
2022-08-08,CMIN3,3.7
2022-08-09,CMIN3,3.75
2022-08-10,CMIN3,3.88
2022-08-11,CMIN3,3.88
2022-08-12,CMIN3,3.94
2022-08-15,CMIN3,3.89
2022-08-16,CMIN3,3.85
2022-08-17,CMIN3,4.02
2022-08-18,CMIN3,3.93
2022-08-19,CMIN3,3.73
2022-08-22,CMIN3,3.65
2022-08-23,CMIN3,3.91
2022-08-24,CMIN3,3.93
2022-08-25,CMIN3,3.92
2022-08-26,CMIN3,3.84
2022-08-29,CMIN3,3.79
2022-08-30,CMIN3,3.62
2022-08-31,CMIN3,3.62
2022-09-01,CMIN3,3.6
2022-09-02,CMIN3,3.56
2022-09-05,CMIN3,3.64
2022-09-06,CMIN3,3.55
2022-09-08,CMIN3,3.55
2022-09-09,CMIN3,3.74
2022-09-12,CMIN3,3.77
2022-09-13,CMIN3,3.67
2022-09-14,CMIN3,3.6
2022-09-15,CMIN3,3.54
2022-09-16,CMIN3,3.5
2022-09-19,CMIN3,3.56
2022-09-20,CMIN3,3.54
2022-09-21,CMIN3,3.44
2022-09-22,CMIN3,3.59
2022-09-23,CMIN3,3.46
2022-09-26,CMIN3,3.36
2022-09-27,CMIN3,3.35
2022-09-28,CMIN3,3.3
2022-09-29,CMIN3,3.23
2022-09-30,CMIN3,3.31
2022-10-03,CMIN3,3.5
2022-10-04,CMIN3,3.69
2022-10-05,CMIN3,3.69
2022-10-06,CMIN3,3.71
2022-10-07,CMIN3,3.71
2022-10-10,CMIN3,3.68
2022-10-11,CMIN3,3.6
2022-10-13,CMIN3,3.4
2022-10-14,CMIN3,3.26
2022-10-17,CMIN3,3.27
2022-10-18,CMIN3,3.36
2022-10-19,CMIN3,3.29
2022-10-20,CMIN3,3.36
2022-10-21,CMIN3,3.47
2022-10-24,CMIN3,3.4
2022-10-25,CMIN3,3.32
2022-10-26,CMIN3,3.26
2022-10-27,CMIN3,3.33
2022-10-28,CMIN3,3.26
2022-10-31,CMIN3,3.3
2022-11-01,CMIN3,3.55
2022-11-03,CMIN3,3.51
2022-11-04,CMIN3,3.69
2022-11-07,CMIN3,3.66
2022-11-08,CMIN3,4.02
2022-11-09,CMIN3,3.97
2022-11-10,CMIN3,4.08
2022-11-11,CMIN3,3.78
2022-11-14,CMIN3,3.78
2022-11-16,CMIN3,3.86
2022-11-17,CMIN3,3.76
2022-11-18,CMIN3,3.63
2022-11-21,CMIN3,3.56
2022-11-22,CMIN3,3.57
2022-11-23,CMIN3,3.58
2022-11-24,CMIN3,3.64
2022-11-25,CMIN3,3.6
2022-11-28,CMIN3,3.55
2022-11-29,CMIN3,3.82
2022-11-30,CMIN3,3.87
2022-12-01,CMIN3,3.81
2022-12-02,CMIN3,3.81
2022-12-05,CMIN3,3.8
2022-12-06,CMIN3,3.81
2022-12-07,CMIN3,3.76
2022-12-08,CMIN3,3.7
2022-12-09,CMIN3,4.07
2022-12-12,CMIN3,3.84
2022-12-13,CMIN3,3.8
2022-12-14,CMIN3,3.89
2022-12-15,CMIN3,3.86
2022-12-16,CMIN3,3.84
2022-12-19,CMIN3,3.84
2022-12-20,CMIN3,3.96
2022-12-21,CMIN3,3.94
2022-12-22,CMIN3,4.0
2022-12-23,CMIN3,4.03
2022-12-26,CMIN3,4.03
2022-12-27,CMIN3,4.08
2022-12-28,CMIN3,4.11
2022-12-29,CMIN3,4.08
2023-01-02,CMIN3,4.04
2023-01-03,CMIN3,3.99
2023-01-04,CMIN3,3.98
2023-01-05,CMIN3,4.05
2023-01-06,CMIN3,4.3
2023-01-09,CMIN3,4.26
2023-01-10,CMIN3,4.54
2023-01-11,CMIN3,4.52
2023-01-12,CMIN3,4.53
2023-01-13,CMIN3,4.58
2023-01-16,CMIN3,4.41
2023-01-17,CMIN3,4.54
2023-01-18,CMIN3,4.74
2023-01-19,CMIN3,4.71
2023-01-20,CMIN3,4.73
2023-01-23,CMIN3,4.91
2023-01-24,CMIN3,5.01
2023-01-25,CMIN3,5.16
2023-01-26,CMIN3,5.22
2023-01-27,CMIN3,5.14
2023-01-30,CMIN3,5.16
2023-01-31,CMIN3,5.34
2023-02-01,CMIN3,5.34
2023-02-02,CMIN3,4.96
2023-02-03,CMIN3,4.95
2023-02-06,CMIN3,4.91
2023-02-07,CMIN3,4.93
2023-02-08,CMIN3,4.98
2023-02-09,CMIN3,4.89
2023-02-10,CMIN3,4.9
2023-02-13,CMIN3,4.83
2023-02-14,CMIN3,4.77
2023-02-15,CMIN3,5.02
2023-02-16,CMIN3,4.9
2023-02-17,CMIN3,4.91
2023-02-22,CMIN3,4.91
2023-02-23,CMIN3,4.89
2023-02-24,CMIN3,4.62
2023-02-27,CMIN3,4.63
2023-02-28,CMIN3,4.66
2023-03-01,CMIN3,4.78
2023-03-02,CMIN3,4.87
2023-03-03,CMIN3,4.99
2023-03-06,CMIN3,4.99
2023-03-07,CMIN3,4.93
2023-03-08,CMIN3,5.08
2023-03-09,CMIN3,4.83
2023-03-10,CMIN3,4.75
2023-03-13,CMIN3,4.89
2023-03-14,CMIN3,4.86
2023-03-15,CMIN3,4.69
2023-03-16,CMIN3,4.68
2023-03-17,CMIN3,4.62
2023-03-20,CMIN3,4.69
2023-03-21,CMIN3,4.5
2023-03-22,CMIN3,4.52
2023-03-23,CMIN3,4.48
2023-03-24,CMIN3,4.54
2023-03-27,CMIN3,4.49
2023-03-28,CMIN3,4.55
2023-03-29,CMIN3,4.59
2023-03-30,CMIN3,4.78
2023-03-31,CMIN3,4.84
2023-04-03,CMIN3,4.72
2023-04-04,CMIN3,4.61
2023-04-05,CMIN3,4.53
2023-04-06,CMIN3,4.56
2023-04-10,CMIN3,4.64
2023-04-11,CMIN3,4.82
2023-04-12,CMIN3,4.94
2023-04-13,CMIN3,4.87
2023-04-14,CMIN3,4.72
2023-04-17,CMIN3,4.7
2023-04-18,CMIN3,4.71
2023-04-19,CMIN3,4.61
2023-04-20,CMIN3,4.66
2023-04-24,CMIN3,4.41
2023-04-25,CMIN3,4.27
2023-04-26,CMIN3,4.41
2023-04-27,CMIN3,4.46
2023-04-28,CMIN3,4.64
2023-05-02,CMIN3,4.52
2023-05-03,CMIN3,4.47
2023-05-04,CMIN3,4.35
2023-05-05,CMIN3,4.57
2023-05-08,CMIN3,4.78
2023-05-09,CMIN3,4.55
2023-05-10,CMIN3,4.53
2023-05-11,CMIN3,4.37
2023-05-12,CMIN3,4.41
2023-05-15,CMIN3,4.47
2023-05-16,CMIN3,4.45
2023-05-17,CMIN3,4.69
2023-05-18,CMIN3,4.73
2023-05-19,CMIN3,4.9
2023-05-22,CMIN3,4.78
2023-05-23,CMIN3,4.67
2023-05-24,CMIN3,4.52
2023-05-25,CMIN3,4.53
2023-05-26,CMIN3,4.58
2023-05-29,CMIN3,4.57
2023-05-30,CMIN3,4.44
2023-05-31,CMIN3,4.4
2023-06-01,CMIN3,4.47
2023-06-02,CMIN3,4.67
2023-06-05,CMIN3,4.73
2023-06-06,CMIN3,4.77
2023-06-07,CMIN3,4.61
2023-06-09,CMIN3,4.56
2023-06-12,CMIN3,4.48
2023-06-13,CMIN3,4.41
2023-06-14,CMIN3,4.49
2023-06-15,CMIN3,4.49
2023-06-16,CMIN3,4.47
2023-06-19,CMIN3,4.53
2023-06-20,CMIN3,4.45
2023-06-21,CMIN3,4.38
2023-06-22,CMIN3,4.32
2023-06-23,CMIN3,4.35
2023-06-26,CMIN3,4.37
2023-06-27,CMIN3,4.35
2023-06-28,CMIN3,4.25
2023-06-29,CMIN3,4.26
2023-06-30,CMIN3,4.18
2023-07-03,CMIN3,4.23
2023-07-04,CMIN3,4.21
2023-07-05,CMIN3,4.19
2023-07-06,CMIN3,4.12
2023-07-07,CMIN3,4.21
2023-07-10,CMIN3,4.12
2023-07-11,CMIN3,4.12
2023-07-12,CMIN3,4.12
2023-07-13,CMIN3,4.21
2023-07-14,CMIN3,4.21
2023-07-17,CMIN3,4.23
2023-07-18,CMIN3,4.15
2023-07-19,CMIN3,4.12
2023-07-20,CMIN3,4.08
2023-07-21,CMIN3,4.15
2023-07-24,CMIN3,4.32
2023-07-25,CMIN3,4.42
2023-07-26,CMIN3,4.46
2023-07-27,CMIN3,4.34
2023-07-28,CMIN3,4.29
2023-07-31,CMIN3,4.45
2023-08-01,CMIN3,4.4
2023-08-02,CMIN3,4.32
2023-08-03,CMIN3,4.29
2023-08-04,CMIN3,4.21
2023-08-07,CMIN3,4.27
2023-08-08,CMIN3,4.2
2023-08-09,CMIN3,4.14
2023-08-10,CMIN3,4.13
2023-08-11,CMIN3,4.14
2023-08-14,CMIN3,4.12
2023-08-15,CMIN3,4.08
2023-08-16,CMIN3,4.05
2023-08-17,CMIN3,4.05
2023-08-18,CMIN3,4.06
2023-08-21,CMIN3,4.06
2023-08-22,CMIN3,4.11
2023-08-23,CMIN3,4.19
2023-08-24,CMIN3,4.1
2023-08-25,CMIN3,4.09
2023-08-28,CMIN3,4.14
2023-08-29,CMIN3,4.23
2023-08-30,CMIN3,4.35
2023-08-31,CMIN3,4.28
2023-09-01,CMIN3,4.36
2023-09-04,CMIN3,4.41
2023-09-05,CMIN3,4.33
2023-09-06,CMIN3,4.29
2023-09-08,CMIN3,4.21
2023-09-11,CMIN3,4.38
2023-09-12,CMIN3,4.3
2023-09-13,CMIN3,4.29
2023-09-14,CMIN3,4.43
2023-09-15,CMIN3,4.49
2023-09-18,CMIN3,4.47
2023-09-19,CMIN3,4.46
2023-09-20,CMIN3,4.55
2023-09-21,CMIN3,4.62
2023-09-22,CMIN3,4.68
2023-09-25,CMIN3,4.62
2023-09-26,CMIN3,4.56
2023-09-27,CMIN3,4.6
2023-09-28,CMIN3,4.68
2023-09-29,CMIN3,4.85
2023-10-02,CMIN3,4.79
2023-10-03,CMIN3,4.74
2023-10-04,CMIN3,4.66
2023-10-05,CMIN3,4.67
2023-10-06,CMIN3,4.66
2023-10-09,CMIN3,4.66
2023-10-10,CMIN3,4.73
2023-10-11,CMIN3,4.82
2023-10-13,CMIN3,4.83
2023-10-16,CMIN3,4.92
2023-10-17,CMIN3,4.93
2023-10-18,CMIN3,4.77
2023-10-19,CMIN3,4.78
2023-10-20,CMIN3,4.7
2023-10-23,CMIN3,4.8
2023-10-24,CMIN3,4.93
2023-10-25,CMIN3,4.84
2023-10-26,CMIN3,4.93
2023-10-27,CMIN3,4.95
2023-10-30,CMIN3,5.07
2023-10-31,CMIN3,5.18
2023-11-01,CMIN3,5.33
2023-11-03,CMIN3,5.63
2023-11-06,CMIN3,5.69
2023-11-07,CMIN3,5.77
2023-11-08,CMIN3,5.9
2023-11-09,CMIN3,5.89
2023-11-10,CMIN3,6.03
2023-11-13,CMIN3,6.18
2023-11-14,CMIN3,6.55
2023-11-16,CMIN3,6.96
2023-11-17,CMIN3,6.86
2023-11-20,CMIN3,7.12
2023-11-21,CMIN3,7.05
2023-11-22,CMIN3,7.04
2023-11-23,CMIN3,6.57
2023-11-24,CMIN3,6.53
2023-11-27,CMIN3,6.94
2023-11-28,CMIN3,7.1
2023-11-29,CMIN3,7.0
2023-11-30,CMIN3,7.16
2023-12-01,CMIN3,7.1
2023-12-04,CMIN3,6.91
2023-12-05,CMIN3,6.9
2023-12-06,CMIN3,6.87
2023-12-07,CMIN3,6.94
2023-12-08,CMIN3,7.14
2023-12-11,CMIN3,7.02
2023-12-12,CMIN3,7.09
2023-12-13,CMIN3,7.3
2023-12-14,CMIN3,7.15
2023-12-15,CMIN3,7.16
2023-12-18,CMIN3,7.17
2023-12-19,CMIN3,7.4
2023-12-20,CMIN3,7.25
2023-12-21,CMIN3,7.42
2023-12-22,CMIN3,7.42
2023-12-26,CMIN3,7.63
2023-12-27,CMIN3,7.83
2023-12-28,CMIN3,7.83
2024-01-02,CMIN3,7.89
2024-01-03,CMIN3,7.99
2024-01-04,CMIN3,7.86
2024-01-05,CMIN3,7.86
2024-01-08,CMIN3,7.75
2024-01-09,CMIN3,7.53
2024-01-10,CMIN3,7.37
2024-01-11,CMIN3,7.21
2024-01-12,CMIN3,7.17
2024-01-15,CMIN3,6.94
2024-01-16,CMIN3,6.81
2024-01-17,CMIN3,6.68
2024-01-18,CMIN3,6.68
2024-01-19,CMIN3,6.66
2024-01-22,CMIN3,6.49
2024-01-23,CMIN3,6.57
2024-01-24,CMIN3,6.73
2024-01-25,CMIN3,6.66
2024-01-26,CMIN3,6.82
2024-01-29,CMIN3,6.83
2024-01-30,CMIN3,6.9
2024-01-31,CMIN3,6.8
2024-02-01,CMIN3,6.82
2024-02-02,CMIN3,6.63
2024-02-05,CMIN3,6.46
2024-02-06,CMIN3,6.53
2024-02-07,CMIN3,6.54
2024-02-08,CMIN3,6.59
2024-02-09,CMIN3,6.47
2024-02-14,CMIN3,6.27
2024-02-15,CMIN3,6.4
2024-02-16,CMIN3,6.51
2024-02-19,CMIN3,6.33
2024-02-20,CMIN3,6.18
2024-02-21,CMIN3,6.28
2024-02-22,CMIN3,6.22
2024-02-23,CMIN3,6.15
2024-02-26,CMIN3,6.18
2024-02-27,CMIN3,6.29
2024-02-28,CMIN3,6.13
2024-02-29,CMIN3,6.07
2024-03-01,CMIN3,6.02
2024-03-04,CMIN3,6.08
2024-03-05,CMIN3,6.0
2024-03-06,CMIN3,5.97
2024-03-07,CMIN3,6.05
2024-03-08,CMIN3,5.95
2024-03-11,CMIN3,5.78
2024-03-12,CMIN3,5.87
2024-03-13,CMIN3,5.82
2024-03-14,CMIN3,5.67
2024-03-15,CMIN3,5.44
2024-03-18,CMIN3,5.59
2024-03-19,CMIN3,5.68
2024-03-20,CMIN3,5.64
2024-03-21,CMIN3,5.64
2024-03-22,CMIN3,5.48
2024-03-25,CMIN3,5.37
2024-03-26,CMIN3,5.25
2024-03-27,CMIN3,5.31
2024-03-28,CMIN3,5.3
2024-04-01,CMIN3,5.31
2024-04-02,CMIN3,5.28
2024-04-03,CMIN3,5.2
2024-04-04,CMIN3,5.22
2024-04-05,CMIN3,5.1
2024-04-08,CMIN3,5.34
2024-04-09,CMIN3,5.43
2024-04-10,CMIN3,5.1
2024-04-11,CMIN3,5.08
2024-04-12,CMIN3,5.07
2024-04-15,CMIN3,5.06
2024-04-16,CMIN3,4.93
2024-04-17,CMIN3,5.2
2024-04-18,CMIN3,5.25
2024-04-19,CMIN3,5.3
2024-04-22,CMIN3,5.2
2024-04-23,CMIN3,5.05
2024-04-24,CMIN3,5.05
2024-04-25,CMIN3,4.95
2024-04-26,CMIN3,4.98
2024-04-29,CMIN3,5.0
2024-04-30,CMIN3,4.94
2024-05-02,CMIN3,5.12
2024-05-03,CMIN3,5.18
2024-05-06,CMIN3,5.11
2024-05-07,CMIN3,5.13
2024-05-08,CMIN3,5.12
2024-05-09,CMIN3,5.08
2024-05-10,CMIN3,5.07
2024-05-13,CMIN3,5.5
2024-05-14,CMIN3,5.36
2024-05-15,CMIN3,5.16
2024-05-16,CMIN3,5.19
2024-05-17,CMIN3,5.25
2024-05-20,CMIN3,5.38
2024-05-21,CMIN3,5.51
2024-05-22,CMIN3,5.42
2024-05-23,CMIN3,5.29
2024-05-24,CMIN3,5.29
2024-05-27,CMIN3,5.34
2024-05-28,CMIN3,5.13
2024-05-29,CMIN3,5.07
2024-05-31,CMIN3,4.94
2024-06-03,CMIN3,4.83
2024-06-04,CMIN3,4.7
2024-06-05,CMIN3,4.67
2024-06-06,CMIN3,4.9
2024-06-07,CMIN3,4.87
2024-06-10,CMIN3,4.89
2024-06-11,CMIN3,4.95
2024-06-12,CMIN3,4.83
2024-06-13,CMIN3,4.99
2024-06-14,CMIN3,4.88
2024-06-17,CMIN3,4.86
2024-06-18,CMIN3,5.05
2024-06-19,CMIN3,5.07
2024-06-20,CMIN3,5.15
2024-06-21,CMIN3,5.19
2024-06-24,CMIN3,5.18
2024-06-25,CMIN3,5.09
2024-06-26,CMIN3,5.17
2024-06-27,CMIN3,5.15
2024-06-28,CMIN3,5.19
2024-07-01,CMIN3,5.45
2024-07-02,CMIN3,5.42
2024-07-03,CMIN3,5.54
2024-07-04,CMIN3,5.43
2024-07-05,CMIN3,5.43
2024-07-08,CMIN3,5.28
2024-07-09,CMIN3,5.27
2024-07-10,CMIN3,5.28
2024-07-11,CMIN3,5.34
2024-07-12,CMIN3,5.48
2024-07-15,CMIN3,5.54
2024-07-16,CMIN3,5.42
2024-07-17,CMIN3,5.39
2024-07-18,CMIN3,5.21
2024-07-19,CMIN3,5.12
2024-07-22,CMIN3,5.21
2024-07-23,CMIN3,4.95
2024-07-24,CMIN3,5.02
2024-07-25,CMIN3,5.02
2024-07-26,CMIN3,5.0
2024-07-29,CMIN3,5.02
2024-07-30,CMIN3,4.97
2024-07-31,CMIN3,5.12
2024-08-01,CMIN3,4.96
2024-08-02,CMIN3,4.86
2024-08-05,CMIN3,4.85
2024-08-06,CMIN3,4.84
2024-08-07,CMIN3,4.82
2024-08-08,CMIN3,4.82
2024-08-09,CMIN3,4.91
2024-08-12,CMIN3,4.93
2024-08-13,CMIN3,5.24
2024-08-14,CMIN3,5.0
2024-08-15,CMIN3,5.12
2024-08-16,CMIN3,5.02
2024-08-19,CMIN3,5.27
2024-08-20,CMIN3,5.26
2024-08-21,CMIN3,5.46
2024-08-22,CMIN3,5.4
2024-08-23,CMIN3,5.55
2024-08-26,CMIN3,5.57
2024-08-27,CMIN3,5.69
2024-08-28,CMIN3,5.56
2024-08-29,CMIN3,5.65
2024-08-30,CMIN3,5.68
2024-09-02,CMIN3,5.71
2024-09-03,CMIN3,5.59
2024-09-04,CMIN3,5.74
2024-09-05,CMIN3,5.93
2024-09-06,CMIN3,6.18
2024-09-09,CMIN3,5.91
2024-09-10,CMIN3,5.94
2024-09-11,CMIN3,6.11
2024-09-12,CMIN3,6.31
2024-09-13,CMIN3,6.64
2024-09-16,CMIN3,7.1
2024-09-17,CMIN3,6.9
2024-09-18,CMIN3,6.33
2024-09-19,CMIN3,6.41
2024-09-20,CMIN3,6.34
2024-09-23,CMIN3,6.33
2024-09-24,CMIN3,6.59
2024-09-25,CMIN3,6.75
2024-09-26,CMIN3,7.2
2024-09-27,CMIN3,6.91
2024-09-30,CMIN3,6.9
2024-10-01,CMIN3,7.12
2024-10-02,CMIN3,7.34
2024-10-03,CMIN3,7.2
2024-10-04,CMIN3,6.34
2024-10-07,CMIN3,6.28
2024-10-08,CMIN3,6.05
2024-10-09,CMIN3,5.9
2024-10-10,CMIN3,5.88
2024-10-11,CMIN3,5.94
2024-10-14,CMIN3,5.98
2024-10-15,CMIN3,5.95
2024-10-16,CMIN3,5.91
2024-10-17,CMIN3,5.94
2024-10-18,CMIN3,5.93
2024-10-21,CMIN3,6.0
2024-10-22,CMIN3,5.96
2024-10-23,CMIN3,5.85
2024-10-24,CMIN3,5.84
2024-10-25,CMIN3,5.95
2024-10-28,CMIN3,6.06
2024-10-29,CMIN3,6.01
2024-10-30,CMIN3,6.07
2024-10-31,CMIN3,6.21
2024-11-01,CMIN3,6.18
2024-11-04,CMIN3,6.3
2024-11-05,CMIN3,6.21
2024-11-06,CMIN3,6.17
2024-11-07,CMIN3,6.19
2024-11-08,CMIN3,5.85
2024-11-11,CMIN3,5.77
2024-11-12,CMIN3,5.55
2024-11-13,CMIN3,5.23
2024-11-14,CMIN3,5.28
2024-11-18,CMIN3,5.28
2024-11-19,CMIN3,5.23
2024-11-21,CMIN3,5.11
2024-11-22,CMIN3,5.19
2024-11-25,CMIN3,5.22
2024-11-26,CMIN3,5.17
2024-11-27,CMIN3,5.2
2024-11-28,CMIN3,5.13
2024-11-29,CMIN3,5.28
2024-12-02,CMIN3,5.25
2024-12-03,CMIN3,5.18
2024-12-04,CMIN3,5.21
2024-12-05,CMIN3,5.3
2024-12-06,CMIN3,5.24
2024-12-09,CMIN3,5.59
2024-12-10,CMIN3,5.72
2024-12-11,CMIN3,5.72
2024-12-12,CMIN3,5.6
2024-12-13,CMIN3,5.51
2024-12-16,CMIN3,5.61
2024-12-17,CMIN3,5.76
2024-12-18,CMIN3,5.35
2024-12-19,CMIN3,5.25
2024-12-20,CMIN3,5.17
2024-12-23,CMIN3,5.17
2024-12-26,CMIN3,5.18
2024-12-27,CMIN3,5.01
2024-12-30,CMIN3,5.15
2025-01-02,CMIN3,5.04
2025-01-03,CMIN3,4.88
2025-01-06,CMIN3,5.01
2025-01-07,CMIN3,4.78
2025-01-08,CMIN3,4.64
2025-01-09,CMIN3,4.71
2025-01-10,CMIN3,4.85
2025-01-13,CMIN3,4.95
2025-01-14,CMIN3,4.84
2025-01-15,CMIN3,5.07
2025-01-16,CMIN3,4.87
2025-01-17,CMIN3,5.12
2025-01-20,CMIN3,5.17
2025-01-21,CMIN3,5.26
2025-01-22,CMIN3,5.19
2025-01-23,CMIN3,5.22
2025-01-24,CMIN3,5.15
2025-01-27,CMIN3,5.36
2025-01-28,CMIN3,5.26
2025-01-29,CMIN3,5.22
2025-01-30,CMIN3,5.56
2025-01-31,CMIN3,5.46
2025-02-03,CMIN3,5.34
2025-02-04,CMIN3,5.27
2025-02-05,CMIN3,5.25
2025-02-06,CMIN3,5.46
2025-02-07,CMIN3,5.34
2025-02-10,CMIN3,5.4
2025-02-11,CMIN3,5.32
2025-02-12,CMIN3,5.01
2025-02-13,CMIN3,5.17
2025-02-14,CMIN3,5.48
2025-02-17,CMIN3,5.52
2025-02-18,CMIN3,5.4
2025-02-19,CMIN3,5.37
2025-02-20,CMIN3,5.36
2025-02-21,CMIN3,5.38
2025-02-24,CMIN3,5.28
2025-02-25,CMIN3,5.35
2025-02-26,CMIN3,5.36
2025-02-27,CMIN3,5.32
2025-02-28,CMIN3,5.1
2025-03-05,CMIN3,5.29
2025-03-06,CMIN3,5.48
2025-03-07,CMIN3,5.49
2025-03-10,CMIN3,5.44
2025-03-11,CMIN3,5.27
2025-03-12,CMIN3,5.28
2025-03-13,CMIN3,5.76
2025-03-14,CMIN3,6.15
2025-03-17,CMIN3,6.29
2025-03-18,CMIN3,6.25
2025-03-19,CMIN3,6.4
2025-03-20,CMIN3,6.41
2025-03-21,CMIN3,6.38
2025-03-24,CMIN3,6.38
2025-03-25,CMIN3,6.33
2025-03-26,CMIN3,6.4
2025-03-27,CMIN3,6.31
2025-03-28,CMIN3,6.3
2025-03-31,CMIN3,6.19
2025-04-01,CMIN3,6.11
2025-04-02,CMIN3,5.96
2025-04-03,CMIN3,5.84
2025-04-04,CMIN3,5.65
2025-04-07,CMIN3,5.67
2025-04-08,CMIN3,5.43
2025-04-09,CMIN3,5.74
2025-04-10,CMIN3,5.7
2025-04-11,CMIN3,5.81
2025-04-14,CMIN3,6.08
2025-04-15,CMIN3,5.95
2025-04-16,CMIN3,5.72
2025-04-17,CMIN3,5.65
2025-04-22,CMIN3,5.74
2025-04-23,CMIN3,6.07
2025-04-24,CMIN3,6.34
2025-04-25,CMIN3,6.18
2025-04-28,CMIN3,6.16
2025-04-29,CMIN3,6.17
2025-04-30,CMIN3,6.14
2025-05-02,CMIN3,6.08
2025-05-05,CMIN3,6.07
2025-05-06,CMIN3,6.15
2025-05-07,CMIN3,6.14
2025-05-08,CMIN3,6.14
2025-05-09,CMIN3,5.85
2025-05-12,CMIN3,5.9
2025-05-13,CMIN3,5.94
2025-05-14,CMIN3,5.63
2025-05-15,CMIN3,5.66
2025-05-16,CMIN3,5.68
2025-05-19,CMIN3,5.62
2025-05-20,CMIN3,5.62
2025-05-21,CMIN3,5.49
2025-05-22,CMIN3,5.49
2025-05-23,CMIN3,5.48
2025-05-26,CMIN3,5.52
2025-05-27,CMIN3,5.2
2025-05-28,CMIN3,5.12
2025-05-29,CMIN3,5.13
2025-05-30,CMIN3,5.05
2025-06-02,CMIN3,4.91
2025-06-03,CMIN3,4.95
2025-06-04,CMIN3,4.93
2025-06-05,CMIN3,4.94
2025-06-06,CMIN3,4.92
2025-06-09,CMIN3,4.92
2025-06-10,CMIN3,5.02
2025-06-11,CMIN3,4.98
2025-06-12,CMIN3,5.03
2025-06-13,CMIN3,4.87
2025-06-16,CMIN3,5.03
2025-06-17,CMIN3,4.98
2025-06-18,CMIN3,4.98
2025-06-20,CMIN3,4.97
2025-06-23,CMIN3,4.92
2025-06-24,CMIN3,4.9
2025-06-25,CMIN3,4.8
2025-06-26,CMIN3,4.89
2025-06-27,CMIN3,4.88
2025-06-30,CMIN3,4.96
2025-07-01,CMIN3,4.95
2025-07-02,CMIN3,5.04
2025-07-03,CMIN3,5.19
2025-07-04,CMIN3,5.24
2025-07-07,CMIN3,5.15
2025-07-08,CMIN3,5.12
2025-07-09,CMIN3,5.01
2025-07-10,CMIN3,5.16
2025-07-11,CMIN3,5.15
2025-07-14,CMIN3,5.11
2025-07-15,CMIN3,5.08
2025-07-16,CMIN3,5.15
2025-07-17,CMIN3,5.11
2025-07-18,CMIN3,5.04
2025-07-21,CMIN3,5.28
2025-07-22,CMIN3,5.33
2025-07-23,CMIN3,5.37
2025-07-24,CMIN3,5.29
2025-07-25,CMIN3,5.17
2025-07-28,CMIN3,5.09
2025-07-29,CMIN3,5.1
2025-07-30,CMIN3,5.1
2025-07-31,CMIN3,5.04
2025-08-01,CMIN3,5.02
2025-08-04,CMIN3,4.94
2025-08-05,CMIN3,4.91
2025-08-06,CMIN3,4.87
2025-08-07,CMIN3,4.94
2025-08-08,CMIN3,4.97
2025-08-11,CMIN3,4.97
2025-08-12,CMIN3,5.03
2025-08-13,CMIN3,4.9
2025-08-14,CMIN3,4.82
2025-08-15,CMIN3,4.82
2025-08-18,CMIN3,4.88
2025-08-19,CMIN3,4.78
2025-08-20,CMIN3,4.79
2025-08-21,CMIN3,4.78
2025-08-22,CMIN3,4.96
2025-08-25,CMIN3,5.03
2025-08-26,CMIN3,5.04
2025-08-27,CMIN3,5.11
2025-08-28,CMIN3,5.18
2025-08-29,CMIN3,5.2
2025-09-01,CMIN3,5.17
2025-09-02,CMIN3,5.15
2025-09-03,CMIN3,5.09
2025-09-04,CMIN3,5.14
2025-09-05,CMIN3,5.19
2025-09-08,CMIN3,5.17
2025-09-09,CMIN3,5.13
2025-09-10,CMIN3,5.05
2025-09-11,CMIN3,5.07
2025-09-12,CMIN3,5.1
2025-09-15,CMIN3,5.09
2025-09-16,CMIN3,5.17
2025-09-17,CMIN3,5.21
2025-09-18,CMIN3,5.17
2025-09-19,CMIN3,5.21
2025-09-22,CMIN3,5.25
2025-09-23,CMIN3,5.36
2025-09-24,CMIN3,5.33
2025-09-25,CMIN3,5.33
2025-09-26,CMIN3,5.31
2025-09-29,CMIN3,5.52
2025-09-30,CMIN3,5.53
2025-10-01,CMIN3,5.61
2025-10-02,CMIN3,5.54
2025-10-03,CMIN3,5.58
2025-10-06,CMIN3,5.77
2025-10-07,CMIN3,5.69
2025-10-08,CMIN3,5.68
2025-10-09,CMIN3,5.72
2025-10-10,CMIN3,5.51
2025-10-13,CMIN3,5.64
2025-10-14,CMIN3,5.67
2025-10-15,CMIN3,5.65
2025-10-16,CMIN3,5.59
2025-10-17,CMIN3,5.58
2025-10-20,CMIN3,5.82
2025-10-21,CMIN3,5.69
2025-10-22,CMIN3,5.71
2025-10-23,CMIN3,5.79
2025-10-24,CMIN3,5.81
2025-10-27,CMIN3,5.8
2025-10-28,CMIN3,5.96
2025-10-29,CMIN3,6.0
2025-10-30,CMIN3,6.03
2025-10-31,CMIN3,6.07
2025-11-03,CMIN3,6.1
2025-11-04,CMIN3,5.97
2025-11-05,CMIN3,5.96
2025-11-06,CMIN3,5.86
2025-11-07,CMIN3,5.8
2025-11-10,CMIN3,5.58
2025-11-11,CMIN3,5.68
2025-11-12,CMIN3,5.92
2025-11-13,CMIN3,5.88
2025-11-14,CMIN3,5.85
2025-11-17,CMIN3,5.69
2025-11-18,CMIN3,5.67
2025-11-19,CMIN3,5.56
2025-11-21,CMIN3,5.59
2025-11-24,CMIN3,5.24
2025-11-25,CMIN3,5.36
2025-11-26,CMIN3,5.42
2025-11-27,CMIN3,5.4
2025-11-28,CMIN3,5.4
2025-12-01,CMIN3,5.34
2025-12-02,CMIN3,5.43
2025-12-03,CMIN3,5.57
2025-12-04,CMIN3,5.61
2025-12-05,CMIN3,5.44
2025-12-08,CMIN3,5.45
2025-12-09,CMIN3,5.5
2025-12-10,CMIN3,5.65
2025-12-11,CMIN3,5.7
2025-12-12,CMIN3,5.74
2025-12-15,CMIN3,5.65
2025-12-16,CMIN3,5.61
2025-12-17,CMIN3,5.52
2025-12-18,CMIN3,5.48
2025-12-19,CMIN3,5.26
2025-12-22,CMIN3,5.31
2025-12-23,CMIN3,5.41
2025-12-26,CMIN3,5.45
2025-12-29,CMIN3,5.4
2025-12-30,CMIN3,5.45
2026-01-02,CMIN3,5.3
2026-01-05,CMIN3,5.4
2026-01-06,CMIN3,5.55
2026-01-07,CMIN3,5.58
2026-01-08,CMIN3,5.5
2026-01-09,CMIN3,5.5
2026-01-12,CMIN3,5.57
2026-01-13,CMIN3,5.59
2026-01-14,CMIN3,5.83
2026-01-15,CMIN3,5.69
2026-01-16,CMIN3,5.55
2026-01-19,CMIN3,5.54
2026-01-20,CMIN3,5.46
2026-01-21,CMIN3,5.74
2026-01-22,CMIN3,5.82
2026-01-23,CMIN3,5.97
2026-01-26,CMIN3,5.95
2026-01-27,CMIN3,6.18
2026-01-28,CMIN3,6.42
2026-01-29,CMIN3,6.13
2026-01-30,CMIN3,5.89
2026-02-02,CMIN3,5.99
2026-02-03,CMIN3,6.17
2026-02-04,CMIN3,6.07
2026-02-05,CMIN3,5.95
2026-02-06,CMIN3,5.89
2026-02-09,CMIN3,5.99
2026-02-10,CMIN3,5.75
2026-02-11,CMIN3,5.88
2026-02-12,CMIN3,5.56
2026-02-13,CMIN3,5.46
2026-02-18,CMIN3,5.33
2026-02-19,CMIN3,5.33
2026-02-20,CMIN3,5.33
2026-02-23,CMIN3,5.33
2026-02-24,CMIN3,5.41
2026-02-25,CMIN3,5.48
2026-02-26,CMIN3,5.51
2026-02-27,CMIN3,5.44
2026-03-02,CMIN3,5.46
2026-03-03,CMIN3,5.26
2026-03-04,CMIN3,5.35
2026-03-05,CMIN3,5.16
2026-03-06,CMIN3,5.14
2026-03-09,CMIN3,5.2
2026-03-10,CMIN3,5.21
2026-03-11,CMIN3,5.19
2026-03-12,CMIN3,4.99
2026-03-13,CMIN3,4.84
2026-03-16,CMIN3,4.9
2026-03-17,CMIN3,4.92
2026-03-18,CMIN3,4.81
2026-03-19,CMIN3,4.84
2026-03-20,CMIN3,4.75
2026-03-23,CMIN3,4.89
2026-03-24,CMIN3,5.03
2026-03-25,CMIN3,4.99
2026-03-26,CMIN3,4.91
2026-03-27,CMIN3,4.85
2026-03-30,CMIN3,4.86
2026-03-31,CMIN3,4.95
2026-04-01,CMIN3,4.95
2026-04-02,CMIN3,4.92
2026-04-06,CMIN3,4.88
2026-04-07,CMIN3,4.89
2026-04-08,CMIN3,5.09
2026-04-09,CMIN3,5.08
2026-04-10,CMIN3,5.02
2026-04-13,CMIN3,5.0
2026-04-14,CMIN3,5.07
2026-04-15,CMIN3,5.01
2026-04-16,CMIN3,4.96
2026-04-17,CMIN3,4.98
2026-04-20,CMIN3,5.04
2026-04-22,CMIN3,4.94
2026-04-23,CMIN3,4.8
2026-04-24,CMIN3,4.74
2026-04-27,CMIN3,4.76
2026-04-28,CMIN3,4.67
2026-04-29,CMIN3,4.59
2026-04-30,CMIN3,4.67
2026-05-04,CMIN3,4.59
2026-05-05,CMIN3,4.6
2026-05-06,CMIN3,4.81
2026-05-07,CMIN3,4.75
2026-05-08,CMIN3,4.81
2026-05-11,CMIN3,4.89
2026-05-12,CMIN3,4.97
2026-05-13,CMIN3,4.82
2026-05-14,CMIN3,4.77
2026-05-15,CMIN3,4.72
2026-05-18,CMIN3,4.28
2026-05-19,CMIN3,4.08
2026-05-20,CMIN3,4.5
2026-05-21,CMIN3,4.43
2026-05-22,CMIN3,4.48
2026-05-25,CMIN3,4.49
2026-05-26,CMIN3,4.51
2026-05-27,CMIN3,4.63
2026-05-28,CMIN3,4.7
2026-05-29,CMIN3,4.66
2026-06-01,CMIN3,4.54
2026-06-02,CMIN3,4.78
2026-06-03,CMIN3,4.5
2026-06-05,CMIN3,4.37
2026-06-08,CMIN3,4.31
2026-06-09,CMIN3,4.35
2026-06-10,CMIN3,4.32
2026-06-11,CMIN3,4.34
2026-06-12,CMIN3,4.3
2026-06-15,CMIN3,4.39
2026-06-16,CMIN3,4.35
2026-06-17,CMIN3,4.27
2026-06-18,CMIN3,4.21
2026-06-19,CMIN3,4.32
2026-06-22,CMIN3,4.3
2026-06-23,CMIN3,4.28
2026-06-24,CMIN3,4.27
2026-06-25,CMIN3,4.24
2026-06-26,CMIN3,4.25
2026-06-29,CMIN3,4.16
2026-06-30,CMIN3,4.18
2026-07-01,CMIN3,4.14
2026-07-02,CMIN3,4.25
2026-07-03,CMIN3,4.31
2026-07-06,CMIN3,4.33
2026-07-07,CMIN3,4.55
2026-07-08,CMIN3,4.66
2026-07-09,CMIN3,4.83
2026-07-10,CMIN3,5.23
2026-07-13,CMIN3,5.45
2026-07-14,CMIN3,5.1
2026-07-15,CMIN3,5.24
2026-07-16,CMIN3,5.45
2026-07-17,CMIN3,5.33
2026-07-20,CMIN3,5.39
2026-07-21,CMIN3,5.58
2026-07-22,CMIN3,5.84
2026-07-23,CMIN3,5.83
2026-07-24,CMIN3,5.69
2026-07-27,CMIN3,5.8
2026-07-28,CMIN3,5.96
2026-07-29,CMIN3,5.98
2026-07-30,CMIN3,5.72
2026-07-31,CMIN3,5.71
2026-08-03,CMIN3,5.73
2026-08-04,CMIN3,5.91
2026-08-05,CMIN3,5.9
2026-08-06,CMIN3,5.75
2026-08-07,CMIN3,5.45
2026-08-10,CMIN3,5.46
2026-08-11,CMIN3,5.57
2026-08-12,CMIN3,5.79
2026-08-13,CMIN3,5.49
2026-08-14,CMIN3,5.54
2026-08-17,CMIN3,5.78
2026-08-18,CMIN3,5.78
2026-08-19,CMIN3,5.91
2026-08-20,CMIN3,5.63
2026-08-21,CMIN3,5.9
2026-08-24,CMIN3,5.97
2026-08-25,CMIN3,5.88
2026-08-26,CMIN3,5.99
2026-08-27,CMIN3,6.01
2026-08-28,CMIN3,6.0
2026-08-31,CMIN3,5.92
2026-09-01,CMIN3,6.08
2026-09-02,CMIN3,6.4
2026-09-03,CMIN3,6.66
2026-09-04,CMIN3,6.59
2026-09-08,CMIN3,6.72
2026-09-09,CMIN3,6.96
2026-09-10,CMIN3,6.99
2026-09-11,CMIN3,6.72
2026-09-14,CMIN3,6.26
2026-09-15,CMIN3,6.2
2026-09-16,CMIN3,6.08
2026-09-17,CMIN3,5.74
2026-09-18,CMIN3,5.46
2026-09-21,CMIN3,5.38
2026-09-22,CMIN3,5.27
2026-09-23,CMIN3,5.1
2026-09-24,CMIN3,4.98
2026-09-25,CMIN3,4.95
2026-09-28,CMIN3,5.05
2026-09-29,CMIN3,4.76
2026-09-30,CMIN3,5.01
2026-10-01,CMIN3,4.91
2026-10-02,CMIN3,4.97
2026-10-05,CMIN3,5.04
2026-10-06,CMIN3,4.94
2026-10-07,CMIN3,4.97
2026-10-08,CMIN3,5.06
2021-01-04,CSNA3,34.17
2021-01-05,CSNA3,34.79
2021-01-06,CSNA3,36.2
2021-01-07,CSNA3,38.53
2021-01-08,CSNA3,38.76
2021-01-11,CSNA3,37.91
2021-01-12,CSNA3,38.08
2021-01-13,CSNA3,36.25
2021-01-14,CSNA3,37.39
2021-01-15,CSNA3,34.36
2021-01-18,CSNA3,35.04
2021-01-19,CSNA3,33.04
2021-01-20,CSNA3,33.1
2021-01-21,CSNA3,33.42
2021-01-22,CSNA3,33.98
2021-01-26,CSNA3,33.0
2021-01-27,CSNA3,32.1
2021-01-28,CSNA3,33.14
2021-01-29,CSNA3,30.4
2021-02-01,CSNA3,31.69
2021-02-02,CSNA3,30.6
2021-02-03,CSNA3,31.18
2021-02-04,CSNA3,31.1
2021-02-05,CSNA3,33.39
2021-02-08,CSNA3,34.61
2021-02-09,CSNA3,35.45
2021-02-10,CSNA3,34.39
2021-02-11,CSNA3,33.02
2021-02-12,CSNA3,32.83
2021-02-17,CSNA3,33.78
2021-02-18,CSNA3,34.16
2021-02-19,CSNA3,35.26
2021-02-22,CSNA3,35.78
2021-02-23,CSNA3,35.62
2021-02-24,CSNA3,37.15
2021-02-25,CSNA3,34.66
2021-02-26,CSNA3,32.87
2021-03-01,CSNA3,33.97
2021-03-02,CSNA3,34.84
2021-03-03,CSNA3,35.42
2021-03-04,CSNA3,35.21
2021-03-05,CSNA3,37.0
2021-03-08,CSNA3,36.5
2021-03-09,CSNA3,35.16
2021-03-10,CSNA3,34.15
2021-03-11,CSNA3,37.28
2021-03-12,CSNA3,37.62
2021-03-15,CSNA3,35.83
2021-03-16,CSNA3,36.95
2021-03-17,CSNA3,37.64
2021-03-18,CSNA3,37.04
2021-03-19,CSNA3,35.61
2021-03-22,CSNA3,35.0
2021-03-23,CSNA3,33.5
2021-03-24,CSNA3,33.3
2021-03-25,CSNA3,33.47
2021-03-26,CSNA3,35.14
2021-03-29,CSNA3,36.43
2021-03-30,CSNA3,36.87
2021-03-31,CSNA3,37.9
2021-04-01,CSNA3,36.8
2021-04-05,CSNA3,37.8
2021-04-06,CSNA3,39.17
2021-04-07,CSNA3,39.89
2021-04-08,CSNA3,41.1
2021-04-09,CSNA3,43.09
2021-04-12,CSNA3,43.88
2021-04-13,CSNA3,45.08
2021-04-14,CSNA3,46.51
2021-04-15,CSNA3,47.05
2021-04-16,CSNA3,48.0
2021-04-19,CSNA3,47.43
2021-04-20,CSNA3,46.66
2021-04-22,CSNA3,48.72
2021-04-23,CSNA3,49.03
2021-04-26,CSNA3,51.52
2021-04-27,CSNA3,50.99
2021-04-28,CSNA3,51.37
2021-04-29,CSNA3,50.24
2021-04-30,CSNA3,49.19
2021-05-03,CSNA3,47.82
2021-05-04,CSNA3,48.14
2021-05-05,CSNA3,49.69
2021-05-06,CSNA3,50.5
2021-05-07,CSNA3,50.63
2021-05-10,CSNA3,50.74
2021-05-11,CSNA3,51.77
2021-05-12,CSNA3,49.42
2021-05-13,CSNA3,47.93
2021-05-14,CSNA3,47.0
2021-05-17,CSNA3,48.41
2021-05-18,CSNA3,49.21
2021-05-19,CSNA3,47.25
2021-05-20,CSNA3,47.2
2021-05-21,CSNA3,45.7
2021-05-24,CSNA3,45.23
2021-05-25,CSNA3,44.15
2021-05-26,CSNA3,44.92
2021-05-27,CSNA3,44.96
2021-05-28,CSNA3,44.64
2021-05-31,CSNA3,44.92
2021-06-01,CSNA3,47.41
2021-06-02,CSNA3,46.59
2021-06-04,CSNA3,45.62
2021-06-07,CSNA3,44.27
2021-06-08,CSNA3,43.8
2021-06-09,CSNA3,44.78
2021-06-10,CSNA3,44.83
2021-06-11,CSNA3,45.5
2021-06-14,CSNA3,45.12
2021-06-15,CSNA3,44.5
2021-06-16,CSNA3,42.4
2021-06-17,CSNA3,40.3
2021-06-18,CSNA3,41.4
2021-06-21,CSNA3,42.04
2021-06-22,CSNA3,42.51
2021-06-23,CSNA3,43.17
2021-06-24,CSNA3,44.6
2021-06-25,CSNA3,43.55
2021-06-28,CSNA3,42.93
2021-06-29,CSNA3,44.69
2021-06-30,CSNA3,43.99
2021-07-01,CSNA3,43.43
2021-07-02,CSNA3,45.07
2021-07-05,CSNA3,45.56
2021-07-06,CSNA3,44.59
2021-07-07,CSNA3,46.13
2021-07-08,CSNA3,44.09
2021-07-12,CSNA3,46.81
2021-07-13,CSNA3,47.28
2021-07-14,CSNA3,45.4
2021-07-15,CSNA3,46.3
2021-07-16,CSNA3,44.7
2021-07-19,CSNA3,44.1
2021-07-20,CSNA3,44.57
2021-07-21,CSNA3,45.56
2021-07-22,CSNA3,45.9
2021-07-23,CSNA3,45.74
2021-07-26,CSNA3,47.36
2021-07-27,CSNA3,46.88
2021-07-28,CSNA3,45.57
2021-07-29,CSNA3,48.13
2021-07-30,CSNA3,46.75
2021-08-02,CSNA3,44.84
2021-08-03,CSNA3,44.95
2021-08-04,CSNA3,45.43
2021-08-05,CSNA3,43.63
2021-08-06,CSNA3,43.42
2021-08-09,CSNA3,43.33
2021-08-10,CSNA3,43.79
2021-08-11,CSNA3,44.1
2021-08-12,CSNA3,43.62
2021-08-13,CSNA3,42.61
2021-08-16,CSNA3,41.45
2021-08-17,CSNA3,40.2
2021-08-18,CSNA3,39.27
2021-08-19,CSNA3,37.0
2021-08-20,CSNA3,36.94
2021-08-23,CSNA3,36.63
2021-08-24,CSNA3,38.59
2021-08-25,CSNA3,37.7
2021-08-26,CSNA3,36.56
2021-08-27,CSNA3,37.45
2021-08-30,CSNA3,36.69
2021-08-31,CSNA3,34.86
2021-09-01,CSNA3,34.88
2021-09-02,CSNA3,34.22
2021-09-03,CSNA3,34.81
2021-09-06,CSNA3,34.15
2021-09-08,CSNA3,33.21
2021-09-09,CSNA3,34.2
2021-09-10,CSNA3,33.75
2021-09-13,CSNA3,33.61
2021-09-14,CSNA3,33.13
2021-09-15,CSNA3,33.34
2021-09-16,CSNA3,31.28
2021-09-17,CSNA3,29.8
2021-09-20,CSNA3,28.88
2021-09-21,CSNA3,28.77
2021-09-22,CSNA3,29.33
2021-09-23,CSNA3,30.11
2021-09-24,CSNA3,29.03
2021-09-27,CSNA3,29.97
2021-09-28,CSNA3,27.62
2021-09-29,CSNA3,27.88
2021-09-30,CSNA3,28.73
2021-10-01,CSNA3,29.22
2021-10-04,CSNA3,27.76
2021-10-05,CSNA3,27.85
2021-10-06,CSNA3,27.82
2021-10-07,CSNA3,27.47
2021-10-08,CSNA3,28.32
2021-10-11,CSNA3,28.12
2021-10-13,CSNA3,27.47
2021-10-14,CSNA3,27.08
2021-10-15,CSNA3,27.59
2021-10-18,CSNA3,26.45
2021-10-19,CSNA3,25.67
2021-10-20,CSNA3,25.54
2021-10-21,CSNA3,25.07
2021-10-22,CSNA3,25.09
2021-10-25,CSNA3,26.1
2021-10-26,CSNA3,24.43
2021-10-27,CSNA3,24.5
2021-10-28,CSNA3,24.04
2021-10-29,CSNA3,22.78
2021-11-01,CSNA3,23.15
2021-11-03,CSNA3,22.09
2021-11-04,CSNA3,21.33
2021-11-05,CSNA3,21.24
2021-11-08,CSNA3,21.69
2021-11-09,CSNA3,21.31
2021-11-10,CSNA3,21.17
2021-11-11,CSNA3,22.75
2021-11-12,CSNA3,22.44
2021-11-16,CSNA3,21.11
2021-11-17,CSNA3,20.93
2021-11-18,CSNA3,19.81
2021-11-19,CSNA3,21.39
2021-11-22,CSNA3,21.8
2021-11-23,CSNA3,22.55
2021-11-24,CSNA3,22.92
2021-11-25,CSNA3,23.43
2021-11-26,CSNA3,22.28
2021-11-29,CSNA3,22.54
2021-11-30,CSNA3,21.76
2021-12-01,CSNA3,21.59
2021-12-02,CSNA3,23.57
2021-12-03,CSNA3,23.28
2021-12-06,CSNA3,24.13
2021-12-07,CSNA3,24.41
2021-12-08,CSNA3,24.1
2021-12-09,CSNA3,24.46
2021-12-10,CSNA3,24.38
2021-12-13,CSNA3,24.75
2021-12-14,CSNA3,24.38
2021-12-15,CSNA3,24.35
2021-12-16,CSNA3,25.82
2021-12-17,CSNA3,25.47
2021-12-20,CSNA3,23.71
2021-12-21,CSNA3,24.84
2021-12-22,CSNA3,24.76
2021-12-23,CSNA3,24.65
2021-12-27,CSNA3,24.92
2021-12-28,CSNA3,24.95
2021-12-29,CSNA3,25.04
2021-12-30,CSNA3,24.99
2022-01-03,CSNA3,24.51
2022-01-04,CSNA3,24.14
2022-01-05,CSNA3,23.44
2022-01-06,CSNA3,23.14
2022-01-07,CSNA3,24.12
2022-01-10,CSNA3,24.92
2022-01-11,CSNA3,24.86
2022-01-12,CSNA3,26.28
2022-01-13,CSNA3,26.18
2022-01-14,CSNA3,25.72
2022-01-17,CSNA3,25.14
2022-01-18,CSNA3,25.79
2022-01-19,CSNA3,26.47
2022-01-20,CSNA3,26.35
2022-01-21,CSNA3,25.75
2022-01-24,CSNA3,25.94
2022-01-25,CSNA3,25.41
2022-01-26,CSNA3,26.0
2022-01-27,CSNA3,26.18
2022-01-28,CSNA3,25.67
2022-01-31,CSNA3,25.54
2022-02-01,CSNA3,26.83
2022-02-02,CSNA3,26.96
2022-02-03,CSNA3,26.51
2022-02-04,CSNA3,26.63
2022-02-07,CSNA3,27.47
2022-02-08,CSNA3,27.84
2022-02-09,CSNA3,28.18
2022-02-10,CSNA3,28.21
2022-02-11,CSNA3,27.81
2022-02-14,CSNA3,27.74
2022-02-15,CSNA3,26.4
2022-02-16,CSNA3,26.51
2022-02-17,CSNA3,24.96
2022-02-18,CSNA3,24.64
2022-02-21,CSNA3,24.74
2022-02-22,CSNA3,24.91
2022-02-23,CSNA3,23.7
2022-02-24,CSNA3,23.5
2022-02-25,CSNA3,25.1
2022-03-02,CSNA3,27.13
2022-03-03,CSNA3,28.49
2022-03-04,CSNA3,29.0
2022-03-07,CSNA3,28.94
2022-03-08,CSNA3,27.55
2022-03-09,CSNA3,27.97
2022-03-10,CSNA3,27.5
2022-03-11,CSNA3,25.88
2022-03-14,CSNA3,24.37
2022-03-15,CSNA3,23.35
2022-03-16,CSNA3,23.9
2022-03-17,CSNA3,25.8
2022-03-18,CSNA3,25.68
2022-03-21,CSNA3,26.34
2022-03-22,CSNA3,25.99
2022-03-23,CSNA3,26.23
2022-03-24,CSNA3,26.7
2022-03-25,CSNA3,26.58
2022-03-28,CSNA3,26.27
2022-03-29,CSNA3,26.04
2022-03-30,CSNA3,26.68
2022-03-31,CSNA3,26.03
2022-04-01,CSNA3,26.15
2022-04-04,CSNA3,26.43
2022-04-05,CSNA3,25.75
2022-04-06,CSNA3,25.03
2022-04-07,CSNA3,25.17
2022-04-08,CSNA3,25.73
2022-04-11,CSNA3,25.5
2022-04-12,CSNA3,25.72
2022-04-13,CSNA3,26.31
2022-04-14,CSNA3,25.44
2022-04-18,CSNA3,24.75
2022-04-19,CSNA3,24.86
2022-04-20,CSNA3,23.84
2022-04-22,CSNA3,22.01
2022-04-25,CSNA3,21.43
2022-04-26,CSNA3,20.08
2022-04-27,CSNA3,21.0
2022-04-28,CSNA3,21.47
2022-04-29,CSNA3,21.07
2022-05-02,CSNA3,20.03
2022-05-03,CSNA3,20.92
2022-05-04,CSNA3,21.47
2022-05-05,CSNA3,20.2
2022-05-06,CSNA3,19.97
2022-05-09,CSNA3,19.07
2022-05-10,CSNA3,17.96
2022-05-11,CSNA3,18.25
2022-05-12,CSNA3,17.24
2022-05-13,CSNA3,17.92
2022-05-16,CSNA3,18.4
2022-05-17,CSNA3,18.72
2022-05-18,CSNA3,17.63
2022-05-19,CSNA3,18.9
2022-05-20,CSNA3,19.84
2022-05-23,CSNA3,20.63
2022-05-24,CSNA3,20.96
2022-05-25,CSNA3,21.0
2022-05-26,CSNA3,21.63
2022-05-27,CSNA3,22.3
2022-05-30,CSNA3,22.17
2022-05-31,CSNA3,21.84
2022-06-01,CSNA3,22.18
2022-06-02,CSNA3,22.96
2022-06-03,CSNA3,22.8
2022-06-06,CSNA3,22.0
2022-06-07,CSNA3,22.13
2022-06-08,CSNA3,21.04
2022-06-09,CSNA3,19.64
2022-06-10,CSNA3,19.63
2022-06-13,CSNA3,18.44
2022-06-14,CSNA3,18.13
2022-06-15,CSNA3,17.94
2022-06-17,CSNA3,17.02
2022-06-20,CSNA3,16.85
2022-06-21,CSNA3,16.74
2022-06-22,CSNA3,15.97
2022-06-23,CSNA3,15.65
2022-06-24,CSNA3,16.46
2022-06-27,CSNA3,16.97
2022-06-28,CSNA3,17.07
2022-06-29,CSNA3,16.5
2022-06-30,CSNA3,15.44
2022-07-01,CSNA3,15.08
2022-07-04,CSNA3,14.93
2022-07-05,CSNA3,14.66
2022-07-06,CSNA3,14.74
2022-07-07,CSNA3,15.52
2022-07-08,CSNA3,15.05
2022-07-11,CSNA3,14.29
2022-07-12,CSNA3,14.24
2022-07-13,CSNA3,14.37
2022-07-14,CSNA3,13.45
2022-07-15,CSNA3,13.84
2022-07-18,CSNA3,14.01
2022-07-19,CSNA3,14.34
2022-07-20,CSNA3,14.43
2022-07-21,CSNA3,14.46
2022-07-22,CSNA3,14.41
2022-07-25,CSNA3,14.54
2022-07-26,CSNA3,14.36
2022-07-27,CSNA3,14.68
2022-07-28,CSNA3,14.83
2022-07-29,CSNA3,14.71
2022-08-01,CSNA3,14.13
2022-08-02,CSNA3,14.36
2022-08-03,CSNA3,14.16
2022-08-04,CSNA3,14.99
2022-08-05,CSNA3,15.39
2022-08-08,CSNA3,15.26
2022-08-09,CSNA3,15.44
2022-08-10,CSNA3,15.73
2022-08-11,CSNA3,16.19
2022-08-12,CSNA3,16.69
2022-08-15,CSNA3,15.93
2022-08-16,CSNA3,16.0
2022-08-17,CSNA3,16.27
2022-08-18,CSNA3,15.82
2022-08-19,CSNA3,15.37
2022-08-22,CSNA3,14.86
2022-08-23,CSNA3,16.24
2022-08-24,CSNA3,15.95
2022-08-25,CSNA3,15.96
2022-08-26,CSNA3,15.01
2022-08-29,CSNA3,14.5
2022-08-30,CSNA3,14.04
2022-08-31,CSNA3,13.8
2022-09-01,CSNA3,13.57
2022-09-02,CSNA3,13.42
2022-09-05,CSNA3,13.69
2022-09-06,CSNA3,13.19
2022-09-08,CSNA3,12.96
2022-09-09,CSNA3,14.11
2022-09-12,CSNA3,14.22
2022-09-13,CSNA3,13.54
2022-09-14,CSNA3,13.01
2022-09-15,CSNA3,12.93
2022-09-16,CSNA3,13.1
2022-09-19,CSNA3,13.63
2022-09-20,CSNA3,13.1
2022-09-21,CSNA3,12.52
2022-09-22,CSNA3,12.98
2022-09-23,CSNA3,12.83
2022-09-26,CSNA3,12.32
2022-09-27,CSNA3,12.1
2022-09-28,CSNA3,12.21
2022-09-29,CSNA3,12.04
2022-09-30,CSNA3,12.72
2022-10-03,CSNA3,13.25
2022-10-04,CSNA3,13.9
2022-10-05,CSNA3,14.31
2022-10-06,CSNA3,14.32
2022-10-07,CSNA3,14.3
2022-10-10,CSNA3,13.96
2022-10-11,CSNA3,13.78
2022-10-13,CSNA3,13.68
2022-10-14,CSNA3,12.87
2022-10-17,CSNA3,12.78
2022-10-18,CSNA3,13.16
2022-10-19,CSNA3,12.87
2022-10-20,CSNA3,13.38
2022-10-21,CSNA3,14.19
2022-10-24,CSNA3,13.04
2022-10-25,CSNA3,12.92
2022-10-26,CSNA3,13.13
2022-10-27,CSNA3,13.06
2022-10-28,CSNA3,12.31
2022-10-31,CSNA3,12.28
2022-11-01,CSNA3,12.85
2022-11-03,CSNA3,12.78
2022-11-04,CSNA3,13.59
2022-11-07,CSNA3,13.13
2022-11-08,CSNA3,13.57
2022-11-09,CSNA3,13.38
2022-11-10,CSNA3,13.21
2022-11-11,CSNA3,15.43
2022-11-14,CSNA3,14.95
2022-11-16,CSNA3,14.78
2022-11-17,CSNA3,14.61
2022-11-18,CSNA3,14.09
2022-11-21,CSNA3,13.93
2022-11-22,CSNA3,14.42
2022-11-23,CSNA3,14.45
2022-11-24,CSNA3,14.87
2022-11-25,CSNA3,14.99
2022-11-28,CSNA3,13.23
2022-11-29,CSNA3,14.35
2022-11-30,CSNA3,14.52
2022-12-01,CSNA3,14.33
2022-12-02,CSNA3,14.51
2022-12-05,CSNA3,14.53
2022-12-06,CSNA3,14.7
2022-12-07,CSNA3,14.42
2022-12-08,CSNA3,14.08
2022-12-09,CSNA3,14.81
2022-12-12,CSNA3,14.36
2022-12-13,CSNA3,13.88
2022-12-14,CSNA3,14.36
2022-12-15,CSNA3,14.03
2022-12-16,CSNA3,13.91
2022-12-19,CSNA3,13.63
2022-12-20,CSNA3,14.16
2022-12-21,CSNA3,14.24
2022-12-22,CSNA3,14.23
2022-12-23,CSNA3,13.91
2022-12-26,CSNA3,14.14
2022-12-27,CSNA3,14.46
2022-12-28,CSNA3,14.79
2022-12-29,CSNA3,14.55
2023-01-02,CSNA3,14.72
2023-01-03,CSNA3,14.55
2023-01-04,CSNA3,14.66
2023-01-05,CSNA3,15.63
2023-01-06,CSNA3,16.27
2023-01-09,CSNA3,16.34
2023-01-10,CSNA3,17.12
2023-01-11,CSNA3,17.15
2023-01-12,CSNA3,16.93
2023-01-13,CSNA3,16.89
2023-01-16,CSNA3,16.61
2023-01-17,CSNA3,16.78
2023-01-18,CSNA3,17.31
2023-01-19,CSNA3,17.41
2023-01-20,CSNA3,17.83
2023-01-23,CSNA3,17.95
2023-01-24,CSNA3,17.63
2023-01-25,CSNA3,17.61
2023-01-26,CSNA3,18.39
2023-01-27,CSNA3,18.2
2023-01-30,CSNA3,18.3
2023-01-31,CSNA3,18.5
2023-02-01,CSNA3,18.51
2023-02-02,CSNA3,17.5
2023-02-03,CSNA3,17.63
2023-02-06,CSNA3,17.27
2023-02-07,CSNA3,17.29
2023-02-08,CSNA3,17.31
2023-02-09,CSNA3,17.09
2023-02-10,CSNA3,17.06
2023-02-13,CSNA3,16.99
2023-02-14,CSNA3,17.04
2023-02-15,CSNA3,17.67
2023-02-16,CSNA3,17.96
2023-02-17,CSNA3,17.4
2023-02-22,CSNA3,17.35
2023-02-23,CSNA3,17.43
2023-02-24,CSNA3,16.52
2023-02-27,CSNA3,16.73
2023-02-28,CSNA3,16.67
2023-03-01,CSNA3,17.94
2023-03-02,CSNA3,17.77
2023-03-03,CSNA3,18.24
2023-03-06,CSNA3,17.54
2023-03-07,CSNA3,17.3
2023-03-08,CSNA3,17.99
2023-03-09,CSNA3,16.54
2023-03-10,CSNA3,15.92
2023-03-13,CSNA3,16.06
2023-03-14,CSNA3,15.72
2023-03-15,CSNA3,14.77
2023-03-16,CSNA3,14.78
2023-03-17,CSNA3,14.6
2023-03-20,CSNA3,14.33
2023-03-21,CSNA3,14.15
2023-03-22,CSNA3,14.24
2023-03-23,CSNA3,13.79
2023-03-24,CSNA3,13.77
2023-03-27,CSNA3,13.85
2023-03-28,CSNA3,14.42
2023-03-29,CSNA3,14.72
2023-03-30,CSNA3,15.52
2023-03-31,CSNA3,15.44
2023-04-03,CSNA3,15.1
2023-04-04,CSNA3,14.87
2023-04-05,CSNA3,14.7
2023-04-06,CSNA3,14.57
2023-04-10,CSNA3,15.12
2023-04-11,CSNA3,16.17
2023-04-12,CSNA3,16.03
2023-04-13,CSNA3,15.64
2023-04-14,CSNA3,14.49
2023-04-17,CSNA3,14.68
2023-04-18,CSNA3,14.96
2023-04-19,CSNA3,14.6
2023-04-20,CSNA3,14.53
2023-04-24,CSNA3,14.05
2023-04-25,CSNA3,13.69
2023-04-26,CSNA3,13.56
2023-04-27,CSNA3,13.84
2023-04-28,CSNA3,14.21
2023-05-02,CSNA3,12.72
2023-05-03,CSNA3,12.86
2023-05-04,CSNA3,12.06
2023-05-05,CSNA3,12.91
2023-05-08,CSNA3,13.24
2023-05-09,CSNA3,13.26
2023-05-10,CSNA3,13.01
2023-05-11,CSNA3,12.81
2023-05-12,CSNA3,12.76
2023-05-15,CSNA3,13.0
2023-05-16,CSNA3,12.69
2023-05-17,CSNA3,13.24
2023-05-18,CSNA3,13.32
2023-05-19,CSNA3,13.4
2023-05-22,CSNA3,13.4
2023-05-23,CSNA3,13.11
2023-05-24,CSNA3,12.61
2023-05-25,CSNA3,12.32
2023-05-26,CSNA3,12.49
2023-05-29,CSNA3,12.47
2023-05-30,CSNA3,12.0
2023-05-31,CSNA3,12.15
2023-06-01,CSNA3,12.22
2023-06-02,CSNA3,12.82
2023-06-05,CSNA3,12.94
2023-06-06,CSNA3,13.21
2023-06-07,CSNA3,12.91
2023-06-09,CSNA3,13.02
2023-06-12,CSNA3,12.67
2023-06-13,CSNA3,12.6
2023-06-14,CSNA3,13.07
2023-06-15,CSNA3,13.22
2023-06-16,CSNA3,13.42
2023-06-19,CSNA3,13.42
2023-06-20,CSNA3,13.12
2023-06-21,CSNA3,13.06
2023-06-22,CSNA3,12.86
2023-06-23,CSNA3,12.83
2023-06-26,CSNA3,12.98
2023-06-27,CSNA3,13.09
2023-06-28,CSNA3,12.78
2023-06-29,CSNA3,12.93
2023-06-30,CSNA3,12.13
2023-07-03,CSNA3,12.31
2023-07-04,CSNA3,12.32
2023-07-05,CSNA3,12.34
2023-07-06,CSNA3,12.16
2023-07-07,CSNA3,12.72
2023-07-10,CSNA3,12.3
2023-07-11,CSNA3,12.39
2023-07-12,CSNA3,12.56
2023-07-13,CSNA3,12.97
2023-07-14,CSNA3,12.89
2023-07-17,CSNA3,12.88
2023-07-18,CSNA3,12.82
2023-07-19,CSNA3,12.7
2023-07-20,CSNA3,12.68
2023-07-21,CSNA3,12.72
2023-07-24,CSNA3,13.05
2023-07-25,CSNA3,13.82
2023-07-26,CSNA3,13.95
2023-07-27,CSNA3,13.76
2023-07-28,CSNA3,13.46
2023-07-31,CSNA3,13.84
2023-08-01,CSNA3,13.7
2023-08-02,CSNA3,13.3
2023-08-03,CSNA3,13.11
2023-08-04,CSNA3,12.92
2023-08-07,CSNA3,12.87
2023-08-08,CSNA3,12.74
2023-08-09,CSNA3,12.59
2023-08-10,CSNA3,12.51
2023-08-11,CSNA3,12.46
2023-08-14,CSNA3,12.29
2023-08-15,CSNA3,12.21
2023-08-16,CSNA3,12.15
2023-08-17,CSNA3,12.04
2023-08-18,CSNA3,12.22
2023-08-21,CSNA3,12.16
2023-08-22,CSNA3,12.24
2023-08-23,CSNA3,12.26
2023-08-24,CSNA3,11.98
2023-08-25,CSNA3,11.9
2023-08-28,CSNA3,11.95
2023-08-29,CSNA3,12.17
2023-08-30,CSNA3,12.24
2023-08-31,CSNA3,12.11
2023-09-01,CSNA3,12.31
2023-09-04,CSNA3,12.6
2023-09-05,CSNA3,12.39
2023-09-06,CSNA3,12.17
2023-09-08,CSNA3,11.93
2023-09-11,CSNA3,12.13
2023-09-12,CSNA3,12.15
2023-09-13,CSNA3,12.05
2023-09-14,CSNA3,12.49
2023-09-15,CSNA3,12.42
2023-09-18,CSNA3,12.38
2023-09-19,CSNA3,12.41
2023-09-20,CSNA3,12.41
2023-09-21,CSNA3,12.23
2023-09-22,CSNA3,12.1
2023-09-25,CSNA3,12.05
2023-09-26,CSNA3,12.0
2023-09-27,CSNA3,11.93
2023-09-28,CSNA3,12.03
2023-09-29,CSNA3,12.14
2023-10-02,CSNA3,12.02
2023-10-03,CSNA3,11.8
2023-10-04,CSNA3,11.56
2023-10-05,CSNA3,11.46
2023-10-06,CSNA3,11.51
2023-10-09,CSNA3,11.4
2023-10-10,CSNA3,11.62
2023-10-11,CSNA3,11.77
2023-10-13,CSNA3,11.64
2023-10-16,CSNA3,11.66
2023-10-17,CSNA3,11.65
2023-10-18,CSNA3,11.3
2023-10-19,CSNA3,11.25
2023-10-20,CSNA3,10.88
2023-10-23,CSNA3,10.95
2023-10-24,CSNA3,11.13
2023-10-25,CSNA3,11.04
2023-10-26,CSNA3,11.29
2023-10-27,CSNA3,11.37
2023-10-30,CSNA3,11.5
2023-10-31,CSNA3,11.76
2023-11-01,CSNA3,11.97
2023-11-03,CSNA3,12.67
2023-11-06,CSNA3,12.68
2023-11-07,CSNA3,12.7
2023-11-08,CSNA3,12.7
2023-11-09,CSNA3,12.52
2023-11-10,CSNA3,12.67
2023-11-13,CSNA3,12.64
2023-11-14,CSNA3,13.74
2023-11-16,CSNA3,14.69
2023-11-17,CSNA3,14.86
2023-11-20,CSNA3,16.27
2023-11-21,CSNA3,15.66
2023-11-22,CSNA3,16.02
2023-11-23,CSNA3,15.78
2023-11-24,CSNA3,15.62
2023-11-27,CSNA3,16.0
2023-11-28,CSNA3,16.17
2023-11-29,CSNA3,16.29
2023-11-30,CSNA3,16.42
2023-12-01,CSNA3,17.16
2023-12-04,CSNA3,17.01
2023-12-05,CSNA3,17.18
2023-12-06,CSNA3,17.13
2023-12-07,CSNA3,16.97
2023-12-08,CSNA3,17.2
2023-12-11,CSNA3,17.14
2023-12-12,CSNA3,17.15
2023-12-13,CSNA3,17.52
2023-12-14,CSNA3,17.61
2023-12-15,CSNA3,18.03
2023-12-18,CSNA3,18.53
2023-12-19,CSNA3,18.7
2023-12-20,CSNA3,18.38
2023-12-21,CSNA3,19.05
2023-12-22,CSNA3,19.11
2023-12-26,CSNA3,19.36
2023-12-27,CSNA3,19.51
2023-12-28,CSNA3,19.66
2024-01-02,CSNA3,19.41
2024-01-03,CSNA3,19.58
2024-01-04,CSNA3,19.29
2024-01-05,CSNA3,19.24
2024-01-08,CSNA3,19.25
2024-01-09,CSNA3,18.39
2024-01-10,CSNA3,17.91
2024-01-11,CSNA3,17.87
2024-01-12,CSNA3,17.9
2024-01-15,CSNA3,17.84
2024-01-16,CSNA3,17.19
2024-01-17,CSNA3,16.69
2024-01-18,CSNA3,17.07
2024-01-19,CSNA3,17.33
2024-01-22,CSNA3,17.13
2024-01-23,CSNA3,17.42
2024-01-24,CSNA3,17.82
2024-01-25,CSNA3,17.92
2024-01-26,CSNA3,18.16
2024-01-29,CSNA3,18.08
2024-01-30,CSNA3,17.91
2024-01-31,CSNA3,17.73
2024-02-01,CSNA3,17.57
2024-02-02,CSNA3,17.12
2024-02-05,CSNA3,17.37
2024-02-06,CSNA3,17.99
2024-02-07,CSNA3,18.33
2024-02-08,CSNA3,18.06
2024-02-09,CSNA3,17.8
2024-02-14,CSNA3,17.87
2024-02-15,CSNA3,18.43
2024-02-16,CSNA3,19.04
2024-02-19,CSNA3,18.92
2024-02-20,CSNA3,18.0
2024-02-21,CSNA3,17.47
2024-02-22,CSNA3,17.45
2024-02-23,CSNA3,17.73
2024-02-26,CSNA3,17.17
2024-02-27,CSNA3,17.33
2024-02-28,CSNA3,17.06
2024-02-29,CSNA3,16.82
2024-03-01,CSNA3,17.07
2024-03-04,CSNA3,16.68
2024-03-05,CSNA3,16.58
2024-03-06,CSNA3,16.65
2024-03-07,CSNA3,15.85
2024-03-08,CSNA3,16.31
2024-03-11,CSNA3,16.02
2024-03-12,CSNA3,16.2
2024-03-13,CSNA3,16.27
2024-03-14,CSNA3,15.66
2024-03-15,CSNA3,15.26
2024-03-18,CSNA3,15.71
2024-03-19,CSNA3,15.99
2024-03-20,CSNA3,16.31
2024-03-21,CSNA3,16.29
2024-03-22,CSNA3,15.87
2024-03-25,CSNA3,15.7
2024-03-26,CSNA3,15.54
2024-03-27,CSNA3,15.64
2024-03-28,CSNA3,15.7
2024-04-01,CSNA3,15.72
2024-04-02,CSNA3,15.33
2024-04-03,CSNA3,15.34
2024-04-04,CSNA3,15.16
2024-04-05,CSNA3,14.95
2024-04-08,CSNA3,15.34
2024-04-09,CSNA3,15.1
2024-04-10,CSNA3,14.35
2024-04-11,CSNA3,14.32
2024-04-12,CSNA3,14.35
2024-04-15,CSNA3,14.39
2024-04-16,CSNA3,14.17
2024-04-17,CSNA3,14.32
2024-04-18,CSNA3,14.21
2024-04-19,CSNA3,14.68
2024-04-22,CSNA3,14.78
2024-04-23,CSNA3,14.42
2024-04-24,CSNA3,14.29
2024-04-25,CSNA3,14.08
2024-04-26,CSNA3,14.12
2024-04-29,CSNA3,14.21
2024-04-30,CSNA3,13.92
2024-05-02,CSNA3,14.02
2024-05-03,CSNA3,14.25
2024-05-06,CSNA3,14.22
2024-05-07,CSNA3,14.03
2024-05-08,CSNA3,14.06
2024-05-09,CSNA3,13.88
2024-05-10,CSNA3,13.84
2024-05-13,CSNA3,14.14
2024-05-14,CSNA3,13.9
2024-05-15,CSNA3,13.08
2024-05-16,CSNA3,13.29
2024-05-17,CSNA3,13.4
2024-05-20,CSNA3,13.47
2024-05-21,CSNA3,13.59
2024-05-22,CSNA3,13.32
2024-05-23,CSNA3,13.1
2024-05-24,CSNA3,13.42
2024-05-27,CSNA3,13.36
2024-05-28,CSNA3,13.31
2024-05-29,CSNA3,13.23
2024-05-31,CSNA3,13.08
2024-06-03,CSNA3,12.69
2024-06-04,CSNA3,12.5
2024-06-05,CSNA3,12.47
2024-06-06,CSNA3,12.68
2024-06-07,CSNA3,12.44
2024-06-10,CSNA3,12.35
2024-06-11,CSNA3,12.29
2024-06-12,CSNA3,11.91
2024-06-13,CSNA3,11.9
2024-06-14,CSNA3,12.03
2024-06-17,CSNA3,11.91
2024-06-18,CSNA3,12.99
2024-06-19,CSNA3,12.75
2024-06-20,CSNA3,13.0
2024-06-21,CSNA3,12.65
2024-06-24,CSNA3,12.71
2024-06-25,CSNA3,12.57
2024-06-26,CSNA3,12.54
2024-06-27,CSNA3,12.9
2024-06-28,CSNA3,12.91
2024-07-01,CSNA3,12.91
2024-07-02,CSNA3,12.99
2024-07-03,CSNA3,13.15
2024-07-04,CSNA3,13.29
2024-07-05,CSNA3,13.02
2024-07-08,CSNA3,12.97
2024-07-09,CSNA3,13.02
2024-07-10,CSNA3,12.89
2024-07-11,CSNA3,13.1
2024-07-12,CSNA3,13.35
2024-07-15,CSNA3,13.46
2024-07-16,CSNA3,13.1
2024-07-17,CSNA3,13.18
2024-07-18,CSNA3,12.64
2024-07-19,CSNA3,12.64
2024-07-22,CSNA3,12.68
2024-07-23,CSNA3,12.04
2024-07-24,CSNA3,11.99
2024-07-25,CSNA3,11.96
2024-07-26,CSNA3,12.03
2024-07-29,CSNA3,11.92
2024-07-30,CSNA3,11.72
2024-07-31,CSNA3,11.86
2024-08-01,CSNA3,11.44
2024-08-02,CSNA3,11.35
2024-08-05,CSNA3,11.35
2024-08-06,CSNA3,11.27
2024-08-07,CSNA3,11.31
2024-08-08,CSNA3,11.4
2024-08-09,CSNA3,11.69
2024-08-12,CSNA3,11.68
2024-08-13,CSNA3,12.19
2024-08-14,CSNA3,11.7
2024-08-15,CSNA3,11.52
2024-08-16,CSNA3,11.31
2024-08-19,CSNA3,12.01
2024-08-20,CSNA3,11.89
2024-08-21,CSNA3,12.33
2024-08-22,CSNA3,12.13
2024-08-23,CSNA3,12.25
2024-08-26,CSNA3,12.22
2024-08-27,CSNA3,12.29
2024-08-28,CSNA3,11.91
2024-08-29,CSNA3,11.93
2024-08-30,CSNA3,11.86
2024-09-02,CSNA3,11.75
2024-09-03,CSNA3,11.33
2024-09-04,CSNA3,11.4
2024-09-05,CSNA3,11.53
2024-09-06,CSNA3,11.6
2024-09-09,CSNA3,11.47
2024-09-10,CSNA3,11.25
2024-09-11,CSNA3,11.59
2024-09-12,CSNA3,11.53
2024-09-13,CSNA3,11.9
2024-09-16,CSNA3,11.91
2024-09-17,CSNA3,12.02
2024-09-18,CSNA3,11.89
2024-09-19,CSNA3,12.05
2024-09-20,CSNA3,11.13
2024-09-23,CSNA3,11.08
2024-09-24,CSNA3,12.12
2024-09-25,CSNA3,12.18
2024-09-26,CSNA3,13.27
2024-09-27,CSNA3,13.25
2024-09-30,CSNA3,12.89
2024-10-01,CSNA3,13.05
2024-10-02,CSNA3,13.3
2024-10-03,CSNA3,12.92
2024-10-04,CSNA3,12.64
2024-10-07,CSNA3,12.76
2024-10-08,CSNA3,12.16
2024-10-09,CSNA3,12.14
2024-10-10,CSNA3,11.84
2024-10-11,CSNA3,11.87
2024-10-14,CSNA3,11.84
2024-10-15,CSNA3,11.68
2024-10-16,CSNA3,11.94
2024-10-17,CSNA3,11.67
2024-10-18,CSNA3,11.67
2024-10-21,CSNA3,11.68
2024-10-22,CSNA3,11.49
2024-10-23,CSNA3,11.46
2024-10-24,CSNA3,11.69
2024-10-25,CSNA3,11.8
2024-10-28,CSNA3,12.06
2024-10-29,CSNA3,11.76
2024-10-30,CSNA3,11.78
2024-10-31,CSNA3,11.77
2024-11-01,CSNA3,11.65
2024-11-04,CSNA3,11.94
2024-11-05,CSNA3,12.29
2024-11-06,CSNA3,11.92
2024-11-07,CSNA3,12.29
2024-11-08,CSNA3,11.75
2024-11-11,CSNA3,11.29
2024-11-12,CSNA3,11.08
2024-11-13,CSNA3,10.64
2024-11-14,CSNA3,10.64
2024-11-18,CSNA3,11.62
2024-11-19,CSNA3,11.65
2024-11-21,CSNA3,11.46
2024-11-22,CSNA3,11.11
2024-11-25,CSNA3,11.25
2024-11-26,CSNA3,11.1
2024-11-27,CSNA3,11.19
2024-11-28,CSNA3,10.9
2024-11-29,CSNA3,11.16
2024-12-02,CSNA3,11.18
2024-12-03,CSNA3,11.42
2024-12-04,CSNA3,11.19
2024-12-05,CSNA3,11.35
2024-12-06,CSNA3,11.16
2024-12-09,CSNA3,11.65
2024-12-10,CSNA3,11.71
2024-12-11,CSNA3,11.58
2024-12-12,CSNA3,11.18
2024-12-13,CSNA3,10.69
2024-12-16,CSNA3,10.61
2024-12-17,CSNA3,10.56
2024-12-18,CSNA3,9.49
2024-12-19,CSNA3,9.25
2024-12-20,CSNA3,9.3
2024-12-23,CSNA3,8.86
2024-12-26,CSNA3,8.9
2024-12-27,CSNA3,8.68
2024-12-30,CSNA3,8.86
2025-01-02,CSNA3,8.42
2025-01-03,CSNA3,8.21
2025-01-06,CSNA3,8.53
2025-01-07,CSNA3,8.36
2025-01-08,CSNA3,7.76
2025-01-09,CSNA3,7.45
2025-01-10,CSNA3,7.73
2025-01-13,CSNA3,7.68
2025-01-14,CSNA3,7.49
2025-01-15,CSNA3,7.97
2025-01-16,CSNA3,7.81
2025-01-17,CSNA3,8.13
2025-01-20,CSNA3,7.99
2025-01-21,CSNA3,8.1
2025-01-22,CSNA3,7.85
2025-01-23,CSNA3,7.86
2025-01-24,CSNA3,8.26
2025-01-27,CSNA3,8.8
2025-01-28,CSNA3,8.73
2025-01-29,CSNA3,8.8
2025-01-30,CSNA3,9.25
2025-01-31,CSNA3,9.09
2025-02-03,CSNA3,9.03
2025-02-04,CSNA3,9.02
2025-02-05,CSNA3,8.73
2025-02-06,CSNA3,9.06
2025-02-07,CSNA3,8.94
2025-02-10,CSNA3,9.07
2025-02-11,CSNA3,8.87
2025-02-12,CSNA3,8.38
2025-02-13,CSNA3,8.36
2025-02-14,CSNA3,8.74
2025-02-17,CSNA3,8.79
2025-02-18,CSNA3,8.89
2025-02-19,CSNA3,8.76
2025-02-20,CSNA3,8.84
2025-02-21,CSNA3,8.7
2025-02-24,CSNA3,8.46
2025-02-25,CSNA3,8.54
2025-02-26,CSNA3,8.7
2025-02-27,CSNA3,8.67
2025-02-28,CSNA3,8.52
2025-03-05,CSNA3,8.5
2025-03-06,CSNA3,8.67
2025-03-07,CSNA3,8.8
2025-03-10,CSNA3,8.66
2025-03-11,CSNA3,8.44
2025-03-12,CSNA3,8.47
2025-03-13,CSNA3,9.14
2025-03-14,CSNA3,10.22
2025-03-17,CSNA3,10.08
2025-03-18,CSNA3,9.85
2025-03-19,CSNA3,10.05
2025-03-20,CSNA3,10.03
2025-03-21,CSNA3,10.07
2025-03-24,CSNA3,9.96
2025-03-25,CSNA3,9.95
2025-03-26,CSNA3,9.98
2025-03-27,CSNA3,9.96
2025-03-28,CSNA3,9.74
2025-03-31,CSNA3,9.47
2025-04-01,CSNA3,9.48
2025-04-02,CSNA3,8.99
2025-04-03,CSNA3,8.81
2025-04-04,CSNA3,8.23
2025-04-07,CSNA3,8.24
2025-04-08,CSNA3,7.77
2025-04-09,CSNA3,8.41
2025-04-10,CSNA3,8.36
2025-04-11,CSNA3,8.63
2025-04-14,CSNA3,8.96
2025-04-15,CSNA3,8.65
2025-04-16,CSNA3,8.65
2025-04-17,CSNA3,8.68
2025-04-22,CSNA3,8.85
2025-04-23,CSNA3,9.13
2025-04-24,CSNA3,9.36
2025-04-25,CSNA3,9.39
2025-04-28,CSNA3,9.36
2025-04-29,CSNA3,9.4
2025-04-30,CSNA3,9.3
2025-05-02,CSNA3,9.35
2025-05-05,CSNA3,9.2
2025-05-06,CSNA3,9.34
2025-05-07,CSNA3,9.4
2025-05-08,CSNA3,9.63
2025-05-09,CSNA3,8.68
2025-05-12,CSNA3,8.89
2025-05-13,CSNA3,9.03
2025-05-14,CSNA3,9.29
2025-05-15,CSNA3,9.27
2025-05-16,CSNA3,9.07
2025-05-19,CSNA3,9.08
2025-05-20,CSNA3,9.1
2025-05-21,CSNA3,8.91
2025-05-22,CSNA3,8.8
2025-05-23,CSNA3,8.84
2025-05-26,CSNA3,8.81
2025-05-27,CSNA3,9.0
2025-05-28,CSNA3,8.67
2025-05-29,CSNA3,8.58
2025-05-30,CSNA3,8.25
2025-06-02,CSNA3,8.24
2025-06-03,CSNA3,8.38
2025-06-04,CSNA3,8.33
2025-06-05,CSNA3,8.27
2025-06-06,CSNA3,8.23
2025-06-09,CSNA3,8.3
2025-06-10,CSNA3,8.64
2025-06-11,CSNA3,8.48
2025-06-12,CSNA3,8.29
2025-06-13,CSNA3,7.94
2025-06-16,CSNA3,8.42
2025-06-17,CSNA3,8.2
2025-06-18,CSNA3,8.15
2025-06-20,CSNA3,7.87
2025-06-23,CSNA3,7.74
2025-06-24,CSNA3,7.63
2025-06-25,CSNA3,7.25
2025-06-26,CSNA3,7.42
2025-06-27,CSNA3,7.5
2025-06-30,CSNA3,7.44
2025-07-01,CSNA3,7.51
2025-07-02,CSNA3,7.97
2025-07-03,CSNA3,8.23
2025-07-04,CSNA3,8.21
2025-07-07,CSNA3,8.12
2025-07-08,CSNA3,8.14
2025-07-09,CSNA3,7.93
2025-07-10,CSNA3,8.33
2025-07-11,CSNA3,8.25
2025-07-14,CSNA3,8.2
2025-07-15,CSNA3,8.08
2025-07-16,CSNA3,8.0
2025-07-17,CSNA3,7.91
2025-07-18,CSNA3,7.82
2025-07-21,CSNA3,7.99
2025-07-22,CSNA3,8.56
2025-07-23,CSNA3,8.77
2025-07-24,CSNA3,8.55
2025-07-25,CSNA3,8.37
2025-07-28,CSNA3,8.0
2025-07-29,CSNA3,8.01
2025-07-30,CSNA3,7.94
2025-07-31,CSNA3,8.02
2025-08-01,CSNA3,7.62
2025-08-04,CSNA3,7.45
2025-08-05,CSNA3,7.24
2025-08-06,CSNA3,7.22
2025-08-07,CSNA3,7.31
2025-08-08,CSNA3,7.41
2025-08-11,CSNA3,7.26
2025-08-12,CSNA3,7.55
2025-08-13,CSNA3,7.42
2025-08-14,CSNA3,6.97
2025-08-15,CSNA3,6.77
2025-08-18,CSNA3,7.08
2025-08-19,CSNA3,6.84
2025-08-20,CSNA3,6.77
2025-08-21,CSNA3,6.83
2025-08-22,CSNA3,7.16
2025-08-25,CSNA3,7.24
2025-08-26,CSNA3,7.25
2025-08-27,CSNA3,7.38
2025-08-28,CSNA3,7.73
2025-08-29,CSNA3,7.61
2025-09-01,CSNA3,7.54
2025-09-02,CSNA3,7.44
2025-09-03,CSNA3,7.43
2025-09-04,CSNA3,7.65
2025-09-05,CSNA3,7.79
2025-09-08,CSNA3,7.84
2025-09-09,CSNA3,7.79
2025-09-10,CSNA3,7.75
2025-09-11,CSNA3,7.82
2025-09-12,CSNA3,7.83
2025-09-15,CSNA3,7.87
2025-09-16,CSNA3,8.07
2025-09-17,CSNA3,8.11
2025-09-18,CSNA3,7.91
2025-09-19,CSNA3,8.01
2025-09-22,CSNA3,7.95
2025-09-23,CSNA3,7.98
2025-09-24,CSNA3,8.04
2025-09-25,CSNA3,7.95
2025-09-26,CSNA3,7.99
2025-09-29,CSNA3,8.04
2025-09-30,CSNA3,7.9
2025-10-01,CSNA3,8.21
2025-10-02,CSNA3,8.16
2025-10-03,CSNA3,8.2
2025-10-06,CSNA3,8.73
2025-10-07,CSNA3,8.4
2025-10-08,CSNA3,8.46
2025-10-09,CSNA3,8.42
2025-10-10,CSNA3,7.91
2025-10-13,CSNA3,8.41
2025-10-14,CSNA3,8.45
2025-10-15,CSNA3,8.52
2025-10-16,CSNA3,8.3
2025-10-17,CSNA3,8.34
2025-10-20,CSNA3,8.72
2025-10-21,CSNA3,8.65
2025-10-22,CSNA3,8.61
2025-10-23,CSNA3,8.76
2025-10-24,CSNA3,8.63
2025-10-27,CSNA3,8.92
2025-10-28,CSNA3,9.12
2025-10-29,CSNA3,9.31
2025-10-30,CSNA3,9.36
2025-10-31,CSNA3,9.44
2025-11-03,CSNA3,9.3
2025-11-04,CSNA3,9.13
2025-11-05,CSNA3,8.71
2025-11-06,CSNA3,8.5
2025-11-07,CSNA3,8.35
2025-11-10,CSNA3,8.29
2025-11-11,CSNA3,8.31
2025-11-12,CSNA3,8.73
2025-11-13,CSNA3,8.61
2025-11-14,CSNA3,8.65
2025-11-17,CSNA3,8.35
2025-11-18,CSNA3,8.15
2025-11-19,CSNA3,8.11
2025-11-21,CSNA3,8.1
2025-11-24,CSNA3,8.11
2025-11-25,CSNA3,8.31
2025-11-26,CSNA3,8.64
2025-11-27,CSNA3,8.48
2025-11-28,CSNA3,8.44
2025-12-01,CSNA3,8.45
2025-12-02,CSNA3,8.58
2025-12-03,CSNA3,9.05
2025-12-04,CSNA3,9.29
2025-12-05,CSNA3,8.91
2025-12-08,CSNA3,8.76
2025-12-09,CSNA3,9.05
2025-12-10,CSNA3,9.63
2025-12-11,CSNA3,9.77
2025-12-12,CSNA3,9.7
2025-12-15,CSNA3,9.58
2025-12-16,CSNA3,9.68
2025-12-17,CSNA3,9.56
2025-12-18,CSNA3,9.59
2025-12-19,CSNA3,9.28
2025-12-22,CSNA3,9.2
2025-12-23,CSNA3,9.21
2025-12-26,CSNA3,9.16
2025-12-29,CSNA3,8.93
2025-12-30,CSNA3,8.94
2026-01-02,CSNA3,8.7
2026-01-05,CSNA3,9.05
2026-01-06,CSNA3,9.32
2026-01-07,CSNA3,9.85
2026-01-08,CSNA3,9.86
2026-01-09,CSNA3,9.84
2026-01-12,CSNA3,9.92
2026-01-13,CSNA3,10.05
2026-01-14,CSNA3,10.27
2026-01-15,CSNA3,9.95
2026-01-16,CSNA3,9.51
2026-01-19,CSNA3,9.21
2026-01-20,CSNA3,8.93
2026-01-21,CSNA3,9.37
2026-01-22,CSNA3,9.54
2026-01-23,CSNA3,10.14
2026-01-26,CSNA3,9.96
2026-01-27,CSNA3,10.67
2026-01-28,CSNA3,10.89
2026-01-29,CSNA3,10.52
2026-01-30,CSNA3,10.07
2026-02-02,CSNA3,10.01
2026-02-03,CSNA3,10.37
2026-02-04,CSNA3,10.23
2026-02-05,CSNA3,9.9
2026-02-06,CSNA3,9.51
2026-02-09,CSNA3,9.85
2026-02-10,CSNA3,9.39
2026-02-11,CSNA3,9.62
2026-02-12,CSNA3,8.7
2026-02-13,CSNA3,8.73
2026-02-18,CSNA3,8.59
2026-02-19,CSNA3,8.53
2026-02-20,CSNA3,8.58
2026-02-23,CSNA3,8.53
2026-02-24,CSNA3,8.53
2026-02-25,CSNA3,8.62
2026-02-26,CSNA3,8.63
2026-02-27,CSNA3,8.62
2026-03-02,CSNA3,8.42
2026-03-03,CSNA3,7.91
2026-03-04,CSNA3,8.0
2026-03-05,CSNA3,7.51
2026-03-06,CSNA3,7.19
2026-03-09,CSNA3,7.19
2026-03-10,CSNA3,7.27
2026-03-11,CSNA3,7.13
2026-03-12,CSNA3,6.1
2026-03-13,CSNA3,5.72
2026-03-16,CSNA3,6.03
2026-03-17,CSNA3,6.34
2026-03-18,CSNA3,6.06
2026-03-19,CSNA3,6.09
2026-03-20,CSNA3,5.99
2026-03-23,CSNA3,6.54
2026-03-24,CSNA3,6.57
2026-03-25,CSNA3,6.6
2026-03-26,CSNA3,6.44
2026-03-27,CSNA3,6.18
2026-03-30,CSNA3,6.14
2026-03-31,CSNA3,6.33
2026-04-01,CSNA3,6.52
2026-04-02,CSNA3,6.47
2026-04-06,CSNA3,6.41
2026-04-07,CSNA3,6.36
2026-04-08,CSNA3,6.72
2026-04-09,CSNA3,6.79
2026-04-10,CSNA3,6.42
2026-04-13,CSNA3,6.52
2026-04-14,CSNA3,6.64
2026-04-15,CSNA3,6.64
2026-04-16,CSNA3,6.62
2026-04-17,CSNA3,6.79
2026-04-20,CSNA3,6.82
2026-04-22,CSNA3,6.64
2026-04-23,CSNA3,6.39
2026-04-24,CSNA3,6.43
2026-04-27,CSNA3,6.4
2026-04-28,CSNA3,6.42
2026-04-29,CSNA3,6.16
2026-04-30,CSNA3,6.23
2026-05-04,CSNA3,6.08
2026-05-05,CSNA3,6.27
2026-05-06,CSNA3,6.7
2026-05-07,CSNA3,6.58
2026-05-08,CSNA3,6.68
2026-05-11,CSNA3,6.68
2026-05-12,CSNA3,6.55
2026-05-13,CSNA3,6.37
2026-05-14,CSNA3,6.67
2026-05-15,CSNA3,6.42
2026-05-18,CSNA3,6.15
2026-05-19,CSNA3,5.9
2026-05-20,CSNA3,6.13
2026-05-21,CSNA3,6.34
2026-05-22,CSNA3,6.73
2026-05-25,CSNA3,6.72
2026-05-26,CSNA3,6.69
2026-05-27,CSNA3,6.55
2026-05-28,CSNA3,6.8
2026-05-29,CSNA3,6.71
2026-06-01,CSNA3,6.55
2026-06-02,CSNA3,7.13
2026-06-03,CSNA3,6.68
2026-06-05,CSNA3,6.0
2026-06-08,CSNA3,5.9
2026-06-09,CSNA3,6.07
2026-06-10,CSNA3,6.04
2026-06-11,CSNA3,6.01
2026-06-12,CSNA3,6.05
2026-06-15,CSNA3,6.09
2026-06-16,CSNA3,6.02
2026-06-17,CSNA3,5.63
2026-06-18,CSNA3,5.18
2026-06-19,CSNA3,5.26
2026-06-22,CSNA3,5.34
2026-06-23,CSNA3,5.27
2026-06-24,CSNA3,5.06
2026-06-25,CSNA3,4.82
2026-06-26,CSNA3,4.73
2026-06-29,CSNA3,4.64
2026-06-30,CSNA3,4.62
2026-07-01,CSNA3,4.59
2026-07-02,CSNA3,4.62
2026-07-03,CSNA3,4.82
2026-07-06,CSNA3,4.76
2026-07-07,CSNA3,4.74
2026-07-08,CSNA3,4.67
2026-07-09,CSNA3,4.8
2026-07-10,CSNA3,5.18
2026-07-13,CSNA3,5.24
2026-07-14,CSNA3,5.2
2026-07-15,CSNA3,5.24
2026-07-16,CSNA3,5.1
2026-07-17,CSNA3,5.05
2026-07-20,CSNA3,5.07
2026-07-21,CSNA3,5.06
2026-07-22,CSNA3,5.38
2026-07-23,CSNA3,5.3
2026-07-24,CSNA3,5.36
2026-07-27,CSNA3,5.71
2026-07-28,CSNA3,5.64
2026-07-29,CSNA3,5.2
2026-07-30,CSNA3,4.95
2026-07-31,CSNA3,4.84
2026-08-03,CSNA3,4.51
2026-08-04,CSNA3,4.79
2026-08-05,CSNA3,4.89
2026-08-06,CSNA3,4.74
2026-08-07,CSNA3,4.57
2026-08-10,CSNA3,4.46
2026-08-11,CSNA3,4.28
2026-08-12,CSNA3,4.32
2026-08-13,CSNA3,4.56
2026-08-14,CSNA3,4.49
2026-08-17,CSNA3,4.57
2026-08-18,CSNA3,4.54
2026-08-19,CSNA3,4.43
2026-08-20,CSNA3,4.45
2026-08-21,CSNA3,4.79
2026-08-24,CSNA3,5.16
2026-08-25,CSNA3,5.08
2026-08-26,CSNA3,5.27
2026-08-27,CSNA3,5.37
2026-08-28,CSNA3,5.21
2026-08-31,CSNA3,5.32
2026-09-01,CSNA3,5.74
2026-09-02,CSNA3,5.98
2026-09-03,CSNA3,6.38
2026-09-04,CSNA3,6.36
2026-09-08,CSNA3,6.62
2026-09-09,CSNA3,7.11
2026-09-10,CSNA3,7.19
2026-09-11,CSNA3,6.66
2026-09-14,CSNA3,6.35
2026-09-15,CSNA3,6.21
2026-09-16,CSNA3,6.46
2026-09-17,CSNA3,6.25
2026-09-18,CSNA3,5.85
2026-09-21,CSNA3,6.23
2026-09-22,CSNA3,6.28
2026-09-23,CSNA3,6.05
2026-09-24,CSNA3,5.91
2026-09-25,CSNA3,5.95
2026-09-28,CSNA3,5.99
2026-09-29,CSNA3,5.4
2026-09-30,CSNA3,5.77
2026-10-01,CSNA3,5.98
2026-10-02,CSNA3,6.17
2026-10-05,CSNA3,6.43
2026-10-06,CSNA3,6.3
2026-10-07,CSNA3,6.35
2026-10-08,CSNA3,6.36
2021-01-04,GGBR3,21.2
2021-01-05,GGBR3,21.82
2021-01-06,GGBR3,22.91
2021-01-07,GGBR3,24.49
2021-01-08,GGBR3,24.25
2021-01-11,GGBR3,23.5
2021-01-12,GGBR3,22.95
2021-01-13,GGBR3,22.3
2021-01-14,GGBR3,22.74
2021-01-15,GGBR3,21.98
2021-01-18,GGBR3,22.11
2021-01-19,GGBR3,21.58
2021-01-20,GGBR3,21.15
2021-01-21,GGBR3,20.95
2021-01-22,GGBR3,21.19
2021-01-26,GGBR3,20.16
2021-01-27,GGBR3,20.09
2021-01-28,GGBR3,20.75
2021-01-29,GGBR3,19.75
2021-02-01,GGBR3,19.6
2021-02-02,GGBR3,19.43
2021-02-03,GGBR3,19.91
2021-02-04,GGBR3,19.7
2021-02-05,GGBR3,20.39
2021-02-08,GGBR3,20.55
2021-02-09,GGBR3,20.51
2021-02-10,GGBR3,19.97
2021-02-11,GGBR3,20.2
2021-02-12,GGBR3,20.26
2021-02-17,GGBR3,20.35
2021-02-18,GGBR3,20.33
2021-02-19,GGBR3,20.7
2021-02-22,GGBR3,21.09
2021-02-23,GGBR3,21.88
2021-02-24,GGBR3,22.41
2021-02-25,GGBR3,21.64
2021-02-26,GGBR3,21.23
2021-03-01,GGBR3,21.88
2021-03-02,GGBR3,22.08
2021-03-03,GGBR3,21.91
2021-03-04,GGBR3,21.82
2021-03-05,GGBR3,22.52
2021-03-08,GGBR3,22.15
2021-03-09,GGBR3,22.19
2021-03-10,GGBR3,22.19
2021-03-11,GGBR3,22.73
2021-03-12,GGBR3,22.26
2021-03-15,GGBR3,23.0
2021-03-16,GGBR3,23.27
2021-03-17,GGBR3,23.62
2021-03-18,GGBR3,23.11
2021-03-19,GGBR3,23.24
2021-03-22,GGBR3,22.61
2021-03-23,GGBR3,21.86
2021-03-24,GGBR3,21.9
2021-03-25,GGBR3,22.15
2021-03-26,GGBR3,23.2
2021-03-29,GGBR3,23.64
2021-03-30,GGBR3,23.94
2021-03-31,GGBR3,24.24
2021-04-01,GGBR3,23.88
2021-04-05,GGBR3,24.05
2021-04-06,GGBR3,24.63
2021-04-07,GGBR3,25.05
2021-04-08,GGBR3,25.35
2021-04-09,GGBR3,25.71
2021-04-12,GGBR3,25.63
2021-04-13,GGBR3,26.1
2021-04-14,GGBR3,26.67
2021-04-15,GGBR3,27.04
2021-04-16,GGBR3,27.15
2021-04-19,GGBR3,27.13
2021-04-20,GGBR3,26.78
2021-04-22,GGBR3,27.65
2021-04-23,GGBR3,27.81
2021-04-26,GGBR3,28.36
2021-04-27,GGBR3,28.55
2021-04-28,GGBR3,28.92
2021-04-29,GGBR3,28.47
2021-04-30,GGBR3,27.63
2021-05-03,GGBR3,27.0
2021-05-04,GGBR3,27.05
2021-05-05,GGBR3,28.7
2021-05-06,GGBR3,29.97
2021-05-07,GGBR3,30.01
2021-05-10,GGBR3,30.17
2021-05-11,GGBR3,30.99
2021-05-12,GGBR3,30.16
2021-05-13,GGBR3,29.31
2021-05-14,GGBR3,28.5
2021-05-17,GGBR3,29.08
2021-05-18,GGBR3,29.58
2021-05-19,GGBR3,29.31
2021-05-20,GGBR3,28.57
2021-05-21,GGBR3,28.5
2021-05-24,GGBR3,27.55
2021-05-25,GGBR3,27.35
2021-05-26,GGBR3,27.52
2021-05-27,GGBR3,28.02
2021-05-28,GGBR3,27.48
2021-05-31,GGBR3,27.74
2021-06-01,GGBR3,28.67
2021-06-02,GGBR3,28.33
2021-06-04,GGBR3,27.59
2021-06-07,GGBR3,27.17
2021-06-08,GGBR3,26.96
2021-06-09,GGBR3,27.4
2021-06-10,GGBR3,27.49
2021-06-11,GGBR3,27.85
2021-06-14,GGBR3,27.5
2021-06-15,GGBR3,27.2
2021-06-16,GGBR3,25.94
2021-06-17,GGBR3,24.75
2021-06-18,GGBR3,25.01
2021-06-21,GGBR3,25.6
2021-06-22,GGBR3,25.66
2021-06-23,GGBR3,25.52
2021-06-24,GGBR3,26.19
2021-06-25,GGBR3,26.29
2021-06-28,GGBR3,26.27
2021-06-29,GGBR3,26.03
2021-06-30,GGBR3,25.43
2021-07-01,GGBR3,25.2
2021-07-02,GGBR3,25.8
2021-07-05,GGBR3,25.8
2021-07-06,GGBR3,25.7
2021-07-07,GGBR3,26.27
2021-07-08,GGBR3,25.58
2021-07-12,GGBR3,26.29
2021-07-13,GGBR3,26.23
2021-07-14,GGBR3,26.08
2021-07-15,GGBR3,25.91
2021-07-16,GGBR3,25.62
2021-07-19,GGBR3,25.41
2021-07-20,GGBR3,25.7
2021-07-21,GGBR3,26.2
2021-07-22,GGBR3,26.43
2021-07-23,GGBR3,26.43
2021-07-26,GGBR3,27.12
2021-07-27,GGBR3,26.08
2021-07-28,GGBR3,26.16
2021-07-29,GGBR3,26.59
2021-07-30,GGBR3,26.15
2021-08-02,GGBR3,26.08
2021-08-03,GGBR3,26.44
2021-08-04,GGBR3,26.42
2021-08-05,GGBR3,25.7
2021-08-06,GGBR3,26.27
2021-08-09,GGBR3,26.0
2021-08-10,GGBR3,26.37
2021-08-11,GGBR3,26.7
2021-08-12,GGBR3,26.37
2021-08-13,GGBR3,26.05
2021-08-16,GGBR3,25.2
2021-08-17,GGBR3,23.91
2021-08-18,GGBR3,23.73
2021-08-19,GGBR3,22.91
2021-08-20,GGBR3,22.9
2021-08-23,GGBR3,23.0
2021-08-24,GGBR3,23.77
2021-08-25,GGBR3,23.94
2021-08-26,GGBR3,23.53
2021-08-27,GGBR3,23.8
2021-08-30,GGBR3,23.87
2021-08-31,GGBR3,23.34
2021-09-01,GGBR3,23.2
2021-09-02,GGBR3,22.55
2021-09-03,GGBR3,22.47
2021-09-06,GGBR3,22.8
2021-09-08,GGBR3,22.25
2021-09-09,GGBR3,22.84
2021-09-10,GGBR3,22.47
2021-09-13,GGBR3,22.67
2021-09-14,GGBR3,22.64
2021-09-15,GGBR3,22.41
2021-09-16,GGBR3,21.6
2021-09-17,GGBR3,20.32
2021-09-20,GGBR3,19.93
2021-09-21,GGBR3,19.78
2021-09-22,GGBR3,21.0
2021-09-23,GGBR3,22.28
2021-09-24,GGBR3,21.9
2021-09-27,GGBR3,21.95
2021-09-28,GGBR3,20.94
2021-09-29,GGBR3,21.19
2021-09-30,GGBR3,22.22
2021-10-01,GGBR3,22.58
2021-10-04,GGBR3,22.08
2021-10-05,GGBR3,21.9
2021-10-06,GGBR3,21.49
2021-10-07,GGBR3,22.02
2021-10-08,GGBR3,22.07
2021-10-11,GGBR3,22.14
2021-10-13,GGBR3,22.38
2021-10-14,GGBR3,22.85
2021-10-15,GGBR3,22.99
2021-10-18,GGBR3,22.82
2021-10-19,GGBR3,22.28
2021-10-20,GGBR3,22.13
2021-10-21,GGBR3,21.35
2021-10-22,GGBR3,21.39
2021-10-25,GGBR3,22.47
2021-10-26,GGBR3,22.49
2021-10-27,GGBR3,22.26
2021-10-28,GGBR3,22.43
2021-10-29,GGBR3,22.24
2021-11-01,GGBR3,22.1
2021-11-03,GGBR3,21.34
2021-11-04,GGBR3,21.21
2021-11-05,GGBR3,20.65
2021-11-08,GGBR3,19.88
2021-11-09,GGBR3,20.07
2021-11-10,GGBR3,19.82
2021-11-11,GGBR3,20.67
2021-11-12,GGBR3,20.81
2021-11-16,GGBR3,20.57
2021-11-17,GGBR3,20.6
2021-11-18,GGBR3,19.81
2021-11-19,GGBR3,20.01
2021-11-22,GGBR3,20.46
2021-11-23,GGBR3,20.55
2021-11-24,GGBR3,20.93
2021-11-25,GGBR3,21.19
2021-11-26,GGBR3,20.75
2021-11-29,GGBR3,20.89
2021-11-30,GGBR3,21.04
2021-12-01,GGBR3,21.19
2021-12-02,GGBR3,22.29
2021-12-03,GGBR3,22.55
2021-12-06,GGBR3,22.99
2021-12-07,GGBR3,23.32
2021-12-08,GGBR3,23.33
2021-12-09,GGBR3,23.3
2021-12-10,GGBR3,23.8
2021-12-13,GGBR3,23.98
2021-12-14,GGBR3,23.7
2021-12-15,GGBR3,23.59
2021-12-16,GGBR3,23.97
2021-12-17,GGBR3,23.35
2021-12-20,GGBR3,22.19
2021-12-21,GGBR3,22.49
2021-12-22,GGBR3,22.11
2021-12-23,GGBR3,21.92
2021-12-27,GGBR3,22.02
2021-12-28,GGBR3,22.13
2021-12-29,GGBR3,22.16
2021-12-30,GGBR3,22.47
2022-01-03,GGBR3,22.38
2022-01-04,GGBR3,22.46
2022-01-05,GGBR3,22.18
2022-01-06,GGBR3,22.37
2022-01-07,GGBR3,22.49
2022-01-10,GGBR3,22.23
2022-01-11,GGBR3,22.79
2022-01-12,GGBR3,23.48
2022-01-13,GGBR3,23.0
2022-01-14,GGBR3,22.9
2022-01-17,GGBR3,22.51
2022-01-18,GGBR3,23.08
2022-01-19,GGBR3,23.58
2022-01-20,GGBR3,23.25
2022-01-21,GGBR3,22.35
2022-01-24,GGBR3,22.6
2022-01-25,GGBR3,22.35
2022-01-26,GGBR3,22.64
2022-01-27,GGBR3,22.33
2022-01-28,GGBR3,22.6
2022-01-31,GGBR3,22.6
2022-02-01,GGBR3,23.02
2022-02-02,GGBR3,23.21
2022-02-03,GGBR3,22.95
2022-02-04,GGBR3,23.3
2022-02-07,GGBR3,23.3
2022-02-08,GGBR3,23.15
2022-02-09,GGBR3,23.22
2022-02-10,GGBR3,23.2
2022-02-11,GGBR3,22.55
2022-02-14,GGBR3,22.28
2022-02-15,GGBR3,22.03
2022-02-16,GGBR3,22.08
2022-02-17,GGBR3,21.1
2022-02-18,GGBR3,20.71
2022-02-21,GGBR3,20.49
2022-02-22,GGBR3,20.61
2022-02-23,GGBR3,20.3
2022-02-24,GGBR3,19.65
2022-02-25,GGBR3,20.33
2022-03-02,GGBR3,21.73
2022-03-03,GGBR3,22.71
2022-03-04,GGBR3,23.4
2022-03-07,GGBR3,23.0
2022-03-08,GGBR3,22.3
2022-03-09,GGBR3,22.67
2022-03-10,GGBR3,23.61
2022-03-11,GGBR3,23.4
2022-03-14,GGBR3,22.46
2022-03-15,GGBR3,21.8
2022-03-16,GGBR3,22.32
2022-03-17,GGBR3,23.27
2022-03-18,GGBR3,23.5
2022-03-21,GGBR3,23.6
2022-03-22,GGBR3,23.38
2022-03-23,GGBR3,23.49
2022-03-24,GGBR3,24.11
2022-03-25,GGBR3,23.9
2022-03-28,GGBR3,23.95
2022-03-29,GGBR3,23.47
2022-03-30,GGBR3,23.93
2022-03-31,GGBR3,24.06
2022-04-01,GGBR3,24.0
2022-04-04,GGBR3,23.73
2022-04-05,GGBR3,23.35
2022-04-06,GGBR3,23.39
2022-04-07,GGBR3,22.92
2022-04-08,GGBR3,23.0
2022-04-11,GGBR3,22.9
2022-04-12,GGBR3,22.8
2022-04-13,GGBR3,23.0
2022-04-14,GGBR3,22.67
2022-04-18,GGBR3,22.84
2022-04-19,GGBR3,23.45
2022-04-20,GGBR3,22.6
2022-04-22,GGBR3,21.87
2022-04-25,GGBR3,21.52
2022-04-26,GGBR3,20.5
2022-04-27,GGBR3,22.03
2022-04-28,GGBR3,22.66
2022-04-29,GGBR3,21.99
2022-05-02,GGBR3,21.36
2022-05-03,GGBR3,21.57
2022-05-04,GGBR3,21.3
2022-05-05,GGBR3,22.2
2022-05-06,GGBR3,22.11
2022-05-09,GGBR3,21.68
2022-05-10,GGBR3,20.8
2022-05-11,GGBR3,21.42
2022-05-12,GGBR3,21.75
2022-05-13,GGBR3,21.85
2022-05-16,GGBR3,22.44
2022-05-17,GGBR3,22.2
2022-05-18,GGBR3,21.1
2022-05-19,GGBR3,21.3
2022-05-20,GGBR3,22.04
2022-05-23,GGBR3,22.43
2022-05-24,GGBR3,22.52
2022-05-25,GGBR3,22.78
2022-05-26,GGBR3,22.95
2022-05-27,GGBR3,23.33
2022-05-30,GGBR3,22.81
2022-05-31,GGBR3,22.9
2022-06-01,GGBR3,23.01
2022-06-02,GGBR3,23.73
2022-06-03,GGBR3,23.57
2022-06-06,GGBR3,23.76
2022-06-07,GGBR3,23.96
2022-06-08,GGBR3,23.01
2022-06-09,GGBR3,22.03
2022-06-10,GGBR3,21.79
2022-06-13,GGBR3,20.45
2022-06-14,GGBR3,20.17
2022-06-15,GGBR3,20.11
2022-06-17,GGBR3,18.9
2022-06-20,GGBR3,19.0
2022-06-21,GGBR3,18.83
2022-06-22,GGBR3,18.32
2022-06-23,GGBR3,17.91
2022-06-24,GGBR3,18.54
2022-06-27,GGBR3,18.72
2022-06-28,GGBR3,18.82
2022-06-29,GGBR3,18.5
2022-06-30,GGBR3,17.84
2022-07-01,GGBR3,17.6
2022-07-04,GGBR3,17.65
2022-07-05,GGBR3,17.49
2022-07-06,GGBR3,17.8
2022-07-07,GGBR3,18.44
2022-07-08,GGBR3,18.48
2022-07-11,GGBR3,18.05
2022-07-12,GGBR3,18.28
2022-07-13,GGBR3,18.59
2022-07-14,GGBR3,17.79
2022-07-15,GGBR3,18.57
2022-07-18,GGBR3,18.6
2022-07-19,GGBR3,18.93
2022-07-20,GGBR3,18.85
2022-07-21,GGBR3,18.92
2022-07-22,GGBR3,19.19
2022-07-25,GGBR3,19.31
2022-07-26,GGBR3,19.1
2022-07-27,GGBR3,19.04
2022-07-28,GGBR3,19.06
2022-07-29,GGBR3,19.6
2022-08-01,GGBR3,18.95
2022-08-02,GGBR3,19.49
2022-08-03,GGBR3,19.05
2022-08-04,GGBR3,19.71
2022-08-05,GGBR3,20.16
2022-08-08,GGBR3,20.57
2022-08-09,GGBR3,20.61
2022-08-10,GGBR3,20.87
2022-08-11,GGBR3,21.19
2022-08-12,GGBR3,21.55
2022-08-15,GGBR3,21.53
2022-08-16,GGBR3,20.35
2022-08-17,GGBR3,20.4
2022-08-18,GGBR3,19.81
2022-08-19,GGBR3,19.81
2022-08-22,GGBR3,19.2
2022-08-23,GGBR3,19.99
2022-08-24,GGBR3,20.13
2022-08-25,GGBR3,20.21
2022-08-26,GGBR3,19.88
2022-08-29,GGBR3,19.78
2022-08-30,GGBR3,19.5
2022-08-31,GGBR3,19.7
2022-09-01,GGBR3,19.51
2022-09-02,GGBR3,20.11
2022-09-05,GGBR3,20.36
2022-09-06,GGBR3,20.07
2022-09-08,GGBR3,19.62
2022-09-09,GGBR3,20.31
2022-09-12,GGBR3,20.46
2022-09-13,GGBR3,19.87
2022-09-14,GGBR3,19.1
2022-09-15,GGBR3,19.14
2022-09-16,GGBR3,19.27
2022-09-19,GGBR3,20.23
2022-09-20,GGBR3,20.12
2022-09-21,GGBR3,20.18
2022-09-22,GGBR3,20.35
2022-09-23,GGBR3,20.29
2022-09-26,GGBR3,19.22
2022-09-27,GGBR3,19.56
2022-09-28,GGBR3,19.63
2022-09-29,GGBR3,19.68
2022-09-30,GGBR3,20.08
2022-10-03,GGBR3,20.64
2022-10-04,GGBR3,21.05
2022-10-05,GGBR3,20.96
2022-10-06,GGBR3,21.16
2022-10-07,GGBR3,20.9
2022-10-10,GGBR3,21.34
2022-10-11,GGBR3,21.35
2022-10-13,GGBR3,21.59
2022-10-14,GGBR3,21.06
2022-10-17,GGBR3,21.45
2022-10-18,GGBR3,21.61
2022-10-19,GGBR3,21.62
2022-10-20,GGBR3,21.91
2022-10-21,GGBR3,22.22
2022-10-24,GGBR3,22.2
2022-10-25,GGBR3,22.4
2022-10-26,GGBR3,22.14
2022-10-27,GGBR3,22.46
2022-10-28,GGBR3,21.5
2022-10-31,GGBR3,21.83
2022-11-01,GGBR3,21.82
2022-11-03,GGBR3,21.59
2022-11-04,GGBR3,22.32
2022-11-07,GGBR3,22.2
2022-11-08,GGBR3,22.37
2022-11-09,GGBR3,23.5
2022-11-10,GGBR3,24.1
2022-11-11,GGBR3,25.66
2022-11-14,GGBR3,26.3
2022-11-16,GGBR3,26.28
2022-11-17,GGBR3,26.09
2022-11-18,GGBR3,26.07
2022-11-21,GGBR3,26.68
2022-11-22,GGBR3,24.36
2022-11-23,GGBR3,24.26
2022-11-24,GGBR3,24.14
2022-11-25,GGBR3,24.0
2022-11-28,GGBR3,23.92
2022-11-29,GGBR3,25.26
2022-11-30,GGBR3,25.51
2022-12-01,GGBR3,24.8
2022-12-02,GGBR3,25.4
2022-12-05,GGBR3,25.35
2022-12-06,GGBR3,25.43
2022-12-07,GGBR3,25.37
2022-12-08,GGBR3,24.87
2022-12-09,GGBR3,25.33
2022-12-12,GGBR3,25.23
2022-12-13,GGBR3,25.04
2022-12-14,GGBR3,25.02
2022-12-15,GGBR3,24.53
2022-12-16,GGBR3,24.4
2022-12-19,GGBR3,24.24
2022-12-20,GGBR3,25.03
2022-12-21,GGBR3,24.87
2022-12-22,GGBR3,24.58
2022-12-23,GGBR3,23.79
2022-12-26,GGBR3,23.6
2022-12-27,GGBR3,24.56
2022-12-28,GGBR3,24.56
2022-12-29,GGBR3,24.51
2023-01-02,GGBR3,24.62
2023-01-03,GGBR3,24.3
2023-01-04,GGBR3,24.19
2023-01-05,GGBR3,25.18
2023-01-06,GGBR3,25.01
2023-01-09,GGBR3,25.39
2023-01-10,GGBR3,25.97
2023-01-11,GGBR3,26.07
2023-01-12,GGBR3,26.2
2023-01-13,GGBR3,26.28
2023-01-16,GGBR3,25.73
2023-01-17,GGBR3,26.11
2023-01-18,GGBR3,26.62
2023-01-19,GGBR3,26.92
2023-01-20,GGBR3,26.87
2023-01-23,GGBR3,26.29
2023-01-24,GGBR3,26.34
2023-01-25,GGBR3,26.45
2023-01-26,GGBR3,26.75
2023-01-27,GGBR3,26.45
2023-01-30,GGBR3,26.36
2023-01-31,GGBR3,26.98
2023-02-01,GGBR3,26.65
2023-02-02,GGBR3,25.58
2023-02-03,GGBR3,25.7
2023-02-06,GGBR3,25.78
2023-02-07,GGBR3,26.0
2023-02-08,GGBR3,26.09
2023-02-09,GGBR3,24.0
2023-02-10,GGBR3,23.97
2023-02-13,GGBR3,24.06
2023-02-14,GGBR3,24.24
2023-02-15,GGBR3,24.05
2023-02-16,GGBR3,24.21
2023-02-17,GGBR3,23.89
2023-02-22,GGBR3,23.78
2023-02-23,GGBR3,23.65
2023-02-24,GGBR3,23.75
2023-02-27,GGBR3,24.0
2023-02-28,GGBR3,24.15
2023-03-01,GGBR3,25.0
2023-03-02,GGBR3,25.12
2023-03-03,GGBR3,25.31
2023-03-06,GGBR3,24.58
2023-03-07,GGBR3,24.4
2023-03-08,GGBR3,24.65
2023-03-09,GGBR3,23.9
2023-03-10,GGBR3,23.4
2023-03-13,GGBR3,23.31
2023-03-14,GGBR3,23.69
2023-03-15,GGBR3,22.56
2023-03-16,GGBR3,22.86
2023-03-17,GGBR3,22.51
2023-03-20,GGBR3,22.67
2023-03-21,GGBR3,22.68
2023-03-22,GGBR3,21.81
2023-03-23,GGBR3,21.28
2023-03-24,GGBR3,21.63
2023-03-27,GGBR3,21.54
2023-03-28,GGBR3,21.61
2023-03-29,GGBR3,21.6
2023-03-30,GGBR3,22.51
2023-03-31,GGBR3,22.33
2023-04-03,GGBR3,22.2
2023-04-04,GGBR3,21.9
2023-04-05,GGBR3,21.45
2023-04-06,GGBR3,21.58
2023-04-10,GGBR3,22.02
2023-04-11,GGBR3,23.09
2023-04-12,GGBR3,23.0
2023-04-13,GGBR3,22.8
2023-04-14,GGBR3,22.65
2023-04-17,GGBR3,22.68
2023-04-18,GGBR3,22.7
2023-04-19,GGBR3,22.5
2023-04-20,GGBR3,22.76
2023-04-24,GGBR3,22.32
2023-04-25,GGBR3,21.52
2023-04-26,GGBR3,21.49
2023-04-27,GGBR3,21.97
2023-04-28,GGBR3,22.49
2023-05-02,GGBR3,21.76
2023-05-03,GGBR3,22.25
2023-05-04,GGBR3,21.3
2023-05-05,GGBR3,21.8
2023-05-08,GGBR3,22.0
2023-05-09,GGBR3,22.02
2023-05-10,GGBR3,21.57
2023-05-11,GGBR3,21.65
2023-05-12,GGBR3,21.8
2023-05-15,GGBR3,21.9
2023-05-16,GGBR3,21.0
2023-05-17,GGBR3,21.5
2023-05-18,GGBR3,21.55
2023-05-19,GGBR3,21.47
2023-05-22,GGBR3,21.9
2023-05-23,GGBR3,21.77
2023-05-24,GGBR3,21.33
2023-05-25,GGBR3,21.39
2023-05-26,GGBR3,21.55
2023-05-29,GGBR3,21.33
2023-05-30,GGBR3,21.08
2023-05-31,GGBR3,21.13
2023-06-01,GGBR3,21.36
2023-06-02,GGBR3,21.8
2023-06-05,GGBR3,22.04
2023-06-06,GGBR3,22.24
2023-06-07,GGBR3,22.19
2023-06-09,GGBR3,22.65
2023-06-12,GGBR3,22.5
2023-06-13,GGBR3,22.46
2023-06-14,GGBR3,23.03
2023-06-15,GGBR3,22.94
2023-06-16,GGBR3,23.3
2023-06-19,GGBR3,23.49
2023-06-20,GGBR3,23.04
2023-06-21,GGBR3,22.93
2023-06-22,GGBR3,22.44
2023-06-23,GGBR3,22.53
2023-06-26,GGBR3,22.69
2023-06-27,GGBR3,22.64
2023-06-28,GGBR3,22.53
2023-06-29,GGBR3,22.84
2023-06-30,GGBR3,22.6
2023-07-03,GGBR3,23.31
2023-07-04,GGBR3,23.35
2023-07-05,GGBR3,23.48
2023-07-06,GGBR3,23.24
2023-07-07,GGBR3,23.93
2023-07-10,GGBR3,24.38
2023-07-11,GGBR3,24.19
2023-07-12,GGBR3,24.58
2023-07-13,GGBR3,24.98
2023-07-14,GGBR3,24.68
2023-07-17,GGBR3,24.81
2023-07-18,GGBR3,25.0
2023-07-19,GGBR3,24.93
2023-07-20,GGBR3,25.01
2023-07-21,GGBR3,24.94
2023-07-24,GGBR3,25.48
2023-07-25,GGBR3,25.97
2023-07-26,GGBR3,26.02
2023-07-27,GGBR3,25.69
2023-07-28,GGBR3,25.62
2023-07-31,GGBR3,26.36
2023-08-01,GGBR3,26.34
2023-08-02,GGBR3,26.13
2023-08-03,GGBR3,26.04
2023-08-04,GGBR3,25.88
2023-08-07,GGBR3,25.41
2023-08-08,GGBR3,24.75
2023-08-09,GGBR3,23.55
2023-08-10,GGBR3,24.03
2023-08-11,GGBR3,23.59
2023-08-14,GGBR3,23.85
2023-08-15,GGBR3,23.96
2023-08-16,GGBR3,23.88
2023-08-17,GGBR3,23.83
2023-08-18,GGBR3,23.75
2023-08-21,GGBR3,23.09
2023-08-22,GGBR3,23.61
2023-08-23,GGBR3,23.59
2023-08-24,GGBR3,23.16
2023-08-25,GGBR3,23.26
2023-08-28,GGBR3,23.6
2023-08-29,GGBR3,23.97
2023-08-30,GGBR3,24.2
2023-08-31,GGBR3,24.04
2023-09-01,GGBR3,24.32
2023-09-04,GGBR3,24.27
2023-09-05,GGBR3,23.88
2023-09-06,GGBR3,23.45
2023-09-08,GGBR3,23.62
2023-09-11,GGBR3,23.81
2023-09-12,GGBR3,23.72
2023-09-13,GGBR3,23.64
2023-09-14,GGBR3,24.02
2023-09-15,GGBR3,23.8
2023-09-18,GGBR3,23.24
2023-09-19,GGBR3,22.79
2023-09-20,GGBR3,23.19
2023-09-21,GGBR3,22.72
2023-09-22,GGBR3,22.4
2023-09-25,GGBR3,22.84
2023-09-26,GGBR3,22.52
2023-09-27,GGBR3,22.38
2023-09-28,GGBR3,22.52
2023-09-29,GGBR3,22.22
2023-10-02,GGBR3,21.94
2023-10-03,GGBR3,21.55
2023-10-04,GGBR3,21.26
2023-10-05,GGBR3,20.97
2023-10-06,GGBR3,21.03
2023-10-09,GGBR3,20.94
2023-10-10,GGBR3,20.93
2023-10-11,GGBR3,20.87
2023-10-13,GGBR3,20.99
2023-10-16,GGBR3,21.0
2023-10-17,GGBR3,20.74
2023-10-18,GGBR3,20.12
2023-10-19,GGBR3,20.12
2023-10-20,GGBR3,20.06
2023-10-23,GGBR3,20.27
2023-10-24,GGBR3,20.14
2023-10-25,GGBR3,19.95
2023-10-26,GGBR3,20.29
2023-10-27,GGBR3,20.18
2023-10-30,GGBR3,20.25
2023-10-31,GGBR3,20.06
2023-11-01,GGBR3,20.25
2023-11-03,GGBR3,20.95
2023-11-06,GGBR3,21.07
2023-11-07,GGBR3,20.74
2023-11-08,GGBR3,20.74
2023-11-09,GGBR3,20.65
2023-11-10,GGBR3,21.28
2023-11-13,GGBR3,21.18
2023-11-14,GGBR3,21.35
2023-11-16,GGBR3,21.83
2023-11-17,GGBR3,22.2
2023-11-20,GGBR3,21.3
2023-11-21,GGBR3,21.36
2023-11-22,GGBR3,21.36
2023-11-23,GGBR3,21.39
2023-11-24,GGBR3,20.81
2023-11-27,GGBR3,20.83
2023-11-28,GGBR3,20.89
2023-11-29,GGBR3,20.87
2023-11-30,GGBR3,20.49
2023-12-01,GGBR3,20.9
2023-12-04,GGBR3,20.7
2023-12-05,GGBR3,20.8
2023-12-06,GGBR3,20.72
2023-12-07,GGBR3,20.89
2023-12-08,GGBR3,20.84
2023-12-11,GGBR3,21.18
2023-12-12,GGBR3,20.98
2023-12-13,GGBR3,21.16
2023-12-14,GGBR3,21.31
2023-12-15,GGBR3,21.4
2023-12-18,GGBR3,21.15
2023-12-19,GGBR3,20.76
2023-12-20,GGBR3,20.8
2023-12-21,GGBR3,21.1
2023-12-22,GGBR3,21.15
2023-12-26,GGBR3,21.12
2023-12-27,GGBR3,21.2
2023-12-28,GGBR3,21.36
2024-01-02,GGBR3,21.1
2024-01-03,GGBR3,20.9
2024-01-04,GGBR3,20.91
2024-01-05,GGBR3,20.97
2024-01-08,GGBR3,21.17
2024-01-09,GGBR3,20.72
2024-01-10,GGBR3,20.16
2024-01-11,GGBR3,20.14
2024-01-12,GGBR3,19.98
2024-01-15,GGBR3,19.99
2024-01-16,GGBR3,19.34
2024-01-17,GGBR3,19.35
2024-01-18,GGBR3,19.45
2024-01-19,GGBR3,19.69
2024-01-22,GGBR3,19.54
2024-01-23,GGBR3,19.97
2024-01-24,GGBR3,20.42
2024-01-25,GGBR3,20.32
2024-01-26,GGBR3,20.15
2024-01-29,GGBR3,19.94
2024-01-30,GGBR3,19.9
2024-01-31,GGBR3,19.8
2024-02-01,GGBR3,19.6
2024-02-02,GGBR3,20.01
2024-02-05,GGBR3,20.04
2024-02-06,GGBR3,20.15
2024-02-07,GGBR3,20.31
2024-02-08,GGBR3,20.06
2024-02-09,GGBR3,19.73
2024-02-14,GGBR3,19.4
2024-02-15,GGBR3,19.42
2024-02-16,GGBR3,19.98
2024-02-19,GGBR3,20.0
2024-02-20,GGBR3,20.03
2024-02-21,GGBR3,20.1
2024-02-22,GGBR3,20.05
2024-02-23,GGBR3,20.0
2024-02-26,GGBR3,19.85
2024-02-27,GGBR3,20.11
2024-02-28,GGBR3,20.2
2024-02-29,GGBR3,20.21
2024-03-01,GGBR3,20.35
2024-03-04,GGBR3,19.69
2024-03-05,GGBR3,19.97
2024-03-06,GGBR3,19.74
2024-03-07,GGBR3,19.53
2024-03-08,GGBR3,19.58
2024-03-11,GGBR3,19.58
2024-03-12,GGBR3,19.63
2024-03-13,GGBR3,19.7
2024-03-14,GGBR3,19.33
2024-03-15,GGBR3,18.9
2024-03-18,GGBR3,19.4
2024-03-19,GGBR3,19.55
2024-03-20,GGBR3,19.58
2024-03-21,GGBR3,19.83
2024-03-22,GGBR3,19.57
2024-03-25,GGBR3,19.48
2024-03-26,GGBR3,19.33
2024-03-27,GGBR3,19.78
2024-03-28,GGBR3,20.02
2024-04-01,GGBR3,20.14
2024-04-02,GGBR3,20.17
2024-04-03,GGBR3,20.29
2024-04-04,GGBR3,20.31
2024-04-05,GGBR3,20.34
2024-04-08,GGBR3,20.67
2024-04-09,GGBR3,20.56
2024-04-10,GGBR3,20.52
2024-04-11,GGBR3,20.41
2024-04-12,GGBR3,19.91
2024-04-15,GGBR3,20.6
2024-04-16,GGBR3,20.19
2024-04-17,GGBR3,20.58
2024-04-18,GGBR3,16.82
2024-04-19,GGBR3,16.95
2024-04-22,GGBR3,17.2
2024-04-23,GGBR3,16.32
2024-04-24,GGBR3,16.11
2024-04-25,GGBR3,15.98
2024-04-26,GGBR3,16.3
2024-04-29,GGBR3,16.43
2024-04-30,GGBR3,16.22
2024-05-02,GGBR3,16.51
2024-05-03,GGBR3,17.14
2024-05-06,GGBR3,17.45
2024-05-07,GGBR3,17.41
2024-05-08,GGBR3,17.34
2024-05-09,GGBR3,17.35
2024-05-10,GGBR3,17.05
2024-05-13,GGBR3,17.4
2024-05-14,GGBR3,17.32
2024-05-15,GGBR3,17.5
2024-05-16,GGBR3,17.64
2024-05-17,GGBR3,17.24
2024-05-20,GGBR3,17.02
2024-05-21,GGBR3,16.7
2024-05-22,GGBR3,16.37
2024-05-23,GGBR3,16.46
2024-05-24,GGBR3,16.4
2024-05-27,GGBR3,16.33
2024-05-28,GGBR3,16.44
2024-05-29,GGBR3,16.42
2024-05-31,GGBR3,16.12
2024-06-03,GGBR3,15.74
2024-06-04,GGBR3,15.69
2024-06-05,GGBR3,15.38
2024-06-06,GGBR3,15.37
2024-06-07,GGBR3,15.27
2024-06-10,GGBR3,15.19
2024-06-11,GGBR3,15.49
2024-06-12,GGBR3,15.65
2024-06-13,GGBR3,15.5
2024-06-14,GGBR3,15.2
2024-06-17,GGBR3,15.1
2024-06-18,GGBR3,15.21
2024-06-19,GGBR3,15.44
2024-06-20,GGBR3,15.73
2024-06-21,GGBR3,16.02
2024-06-24,GGBR3,15.94
2024-06-25,GGBR3,15.93
2024-06-26,GGBR3,16.1
2024-06-27,GGBR3,16.14
2024-06-28,GGBR3,16.35
2024-07-01,GGBR3,16.24
2024-07-02,GGBR3,16.35
2024-07-03,GGBR3,16.29
2024-07-04,GGBR3,16.25
2024-07-05,GGBR3,16.16
2024-07-08,GGBR3,15.93
2024-07-09,GGBR3,16.1
2024-07-10,GGBR3,15.95
2024-07-11,GGBR3,16.25
2024-07-12,GGBR3,16.24
2024-07-15,GGBR3,16.35
2024-07-16,GGBR3,16.72
2024-07-17,GGBR3,16.89
2024-07-18,GGBR3,16.38
2024-07-19,GGBR3,16.57
2024-07-22,GGBR3,16.47
2024-07-23,GGBR3,16.03
2024-07-24,GGBR3,15.73
2024-07-25,GGBR3,16.27
2024-07-26,GGBR3,16.18
2024-07-29,GGBR3,16.0
2024-07-30,GGBR3,16.14
2024-07-31,GGBR3,15.9
2024-08-01,GGBR3,16.06
2024-08-02,GGBR3,15.59
2024-08-05,GGBR3,15.37
2024-08-06,GGBR3,15.34
2024-08-07,GGBR3,15.47
2024-08-08,GGBR3,15.59
2024-08-09,GGBR3,15.64
2024-08-12,GGBR3,15.62
2024-08-13,GGBR3,15.55
2024-08-14,GGBR3,15.48
2024-08-15,GGBR3,15.51
2024-08-16,GGBR3,15.51
2024-08-19,GGBR3,15.74
2024-08-20,GGBR3,15.8
2024-08-21,GGBR3,16.29
2024-08-22,GGBR3,16.04
2024-08-23,GGBR3,16.26
2024-08-26,GGBR3,16.11
2024-08-27,GGBR3,16.05
2024-08-28,GGBR3,16.03
2024-08-29,GGBR3,16.29
2024-08-30,GGBR3,16.21
2024-09-02,GGBR3,16.06
2024-09-03,GGBR3,15.91
2024-09-04,GGBR3,16.37
2024-09-05,GGBR3,16.4
2024-09-06,GGBR3,16.2
2024-09-09,GGBR3,16.49
2024-09-10,GGBR3,16.52
2024-09-11,GGBR3,16.37
2024-09-12,GGBR3,16.49
2024-09-13,GGBR3,16.68
2024-09-16,GGBR3,16.42
2024-09-17,GGBR3,16.35
2024-09-18,GGBR3,16.42
2024-09-19,GGBR3,16.42
2024-09-20,GGBR3,16.25
2024-09-23,GGBR3,15.92
2024-09-24,GGBR3,16.61
2024-09-25,GGBR3,16.3
2024-09-26,GGBR3,16.88
2024-09-27,GGBR3,16.82
2024-09-30,GGBR3,16.87
2024-10-01,GGBR3,16.9
2024-10-02,GGBR3,17.17
2024-10-03,GGBR3,16.71
2024-10-04,GGBR3,16.95
2024-10-07,GGBR3,17.11
2024-10-08,GGBR3,16.77
2024-10-09,GGBR3,16.8
2024-10-10,GGBR3,16.79
2024-10-11,GGBR3,16.46
2024-10-14,GGBR3,16.46
2024-10-15,GGBR3,16.35
2024-10-16,GGBR3,16.3
2024-10-17,GGBR3,16.07
2024-10-18,GGBR3,16.65
2024-10-21,GGBR3,16.68
2024-10-22,GGBR3,16.96
2024-10-23,GGBR3,17.0
2024-10-24,GGBR3,17.08
2024-10-25,GGBR3,17.3
2024-10-28,GGBR3,17.56
2024-10-29,GGBR3,17.54
2024-10-30,GGBR3,17.71
2024-10-31,GGBR3,17.86
2024-11-01,GGBR3,17.74
2024-11-04,GGBR3,18.13
2024-11-05,GGBR3,18.05
2024-11-06,GGBR3,19.84
2024-11-07,GGBR3,20.06
2024-11-08,GGBR3,19.42
2024-11-11,GGBR3,19.41
2024-11-12,GGBR3,18.71
2024-11-13,GGBR3,18.75
2024-11-14,GGBR3,19.26
2024-11-18,GGBR3,19.31
2024-11-19,GGBR3,18.99
2024-11-21,GGBR3,19.3
2024-11-22,GGBR3,19.5
2024-11-25,GGBR3,19.46
2024-11-26,GGBR3,19.56
2024-11-27,GGBR3,19.5
2024-11-28,GGBR3,19.66
2024-11-29,GGBR3,19.6
2024-12-02,GGBR3,19.73
2024-12-03,GGBR3,20.19
2024-12-04,GGBR3,19.86
2024-12-05,GGBR3,19.91
2024-12-06,GGBR3,19.58
2024-12-09,GGBR3,20.02
2024-12-10,GGBR3,20.09
2024-12-11,GGBR3,20.06
2024-12-12,GGBR3,19.8
2024-12-13,GGBR3,18.97
2024-12-16,GGBR3,19.21
2024-12-17,GGBR3,19.15
2024-12-18,GGBR3,18.43
2024-12-19,GGBR3,17.83
2024-12-20,GGBR3,17.88
2024-12-23,GGBR3,17.51
2024-12-26,GGBR3,17.36
2024-12-27,GGBR3,17.08
2024-12-30,GGBR3,16.97
2025-01-02,GGBR3,16.56
2025-01-03,GGBR3,16.07
2025-01-06,GGBR3,16.3
2025-01-07,GGBR3,16.32
2025-01-08,GGBR3,16.07
2025-01-09,GGBR3,15.66
2025-01-10,GGBR3,15.47
2025-01-13,GGBR3,15.74
2025-01-14,GGBR3,15.64
2025-01-15,GGBR3,16.03
2025-01-16,GGBR3,15.7
2025-01-17,GGBR3,15.92
2025-01-20,GGBR3,16.14
2025-01-21,GGBR3,16.78
2025-01-22,GGBR3,16.08
2025-01-23,GGBR3,16.14
2025-01-24,GGBR3,16.25
2025-01-27,GGBR3,16.25
2025-01-28,GGBR3,16.31
2025-01-29,GGBR3,16.12
2025-01-30,GGBR3,16.49
2025-01-31,GGBR3,15.87
2025-02-03,GGBR3,16.15
2025-02-04,GGBR3,15.88
2025-02-05,GGBR3,15.87
2025-02-06,GGBR3,16.1
2025-02-07,GGBR3,15.86
2025-02-10,GGBR3,16.39
2025-02-11,GGBR3,16.59
2025-02-12,GGBR3,16.18
2025-02-13,GGBR3,16.35
2025-02-14,GGBR3,16.35
2025-02-17,GGBR3,16.29
2025-02-18,GGBR3,16.18
2025-02-19,GGBR3,16.1
2025-02-20,GGBR3,15.58
2025-02-21,GGBR3,15.36
2025-02-24,GGBR3,15.67
2025-02-25,GGBR3,15.49
2025-02-26,GGBR3,15.55
2025-02-27,GGBR3,15.74
2025-02-28,GGBR3,15.69
2025-03-05,GGBR3,15.72
2025-03-06,GGBR3,15.6
2025-03-07,GGBR3,15.84
2025-03-10,GGBR3,15.75
2025-03-11,GGBR3,15.55
2025-03-12,GGBR3,15.49
2025-03-13,GGBR3,15.46
2025-03-14,GGBR3,15.71
2025-03-17,GGBR3,15.91
2025-03-18,GGBR3,15.95
2025-03-19,GGBR3,16.1
2025-03-20,GGBR3,16.01
2025-03-21,GGBR3,16.06
2025-03-24,GGBR3,16.17
2025-03-25,GGBR3,16.12
2025-03-26,GGBR3,16.23
2025-03-27,GGBR3,16.3
2025-03-28,GGBR3,15.95
2025-03-31,GGBR3,15.36
2025-04-01,GGBR3,15.62
2025-04-02,GGBR3,15.48
2025-04-03,GGBR3,15.31
2025-04-04,GGBR3,14.75
2025-04-07,GGBR3,14.23
2025-04-08,GGBR3,13.66
2025-04-09,GGBR3,14.5
2025-04-10,GGBR3,14.03
2025-04-11,GGBR3,14.28
2025-04-14,GGBR3,14.51
2025-04-15,GGBR3,14.5
2025-04-16,GGBR3,14.5
2025-04-17,GGBR3,14.55
2025-04-22,GGBR3,14.48
2025-04-23,GGBR3,14.62
2025-04-24,GGBR3,14.8
2025-04-25,GGBR3,14.99
2025-04-28,GGBR3,15.1
2025-04-29,GGBR3,15.15
2025-04-30,GGBR3,14.68
2025-05-02,GGBR3,14.94
2025-05-05,GGBR3,14.74
2025-05-06,GGBR3,14.75
2025-05-07,GGBR3,14.4
2025-05-08,GGBR3,14.5
2025-05-09,GGBR3,14.55
2025-05-12,GGBR3,14.8
2025-05-13,GGBR3,15.06
2025-05-14,GGBR3,15.16
2025-05-15,GGBR3,15.2
2025-05-16,GGBR3,15.11
2025-05-19,GGBR3,15.2
2025-05-20,GGBR3,15.28
2025-05-21,GGBR3,15.15
2025-05-22,GGBR3,14.9
2025-05-23,GGBR3,14.96
2025-05-26,GGBR3,14.95
2025-05-27,GGBR3,15.22
2025-05-28,GGBR3,14.99
2025-05-29,GGBR3,14.98
2025-05-30,GGBR3,14.54
2025-06-02,GGBR3,14.98
2025-06-03,GGBR3,15.05
2025-06-04,GGBR3,15.0
2025-06-05,GGBR3,15.29
2025-06-06,GGBR3,15.01
2025-06-09,GGBR3,15.86
2025-06-10,GGBR3,15.73
2025-06-11,GGBR3,15.22
2025-06-12,GGBR3,15.22
2025-06-13,GGBR3,14.96
2025-06-16,GGBR3,14.95
2025-06-17,GGBR3,14.7
2025-06-18,GGBR3,14.67
2025-06-20,GGBR3,14.27
2025-06-23,GGBR3,14.32
2025-06-24,GGBR3,14.41
2025-06-25,GGBR3,14.45
2025-06-26,GGBR3,14.58
2025-06-27,GGBR3,14.55
2025-06-30,GGBR3,14.56
2025-07-01,GGBR3,14.71
2025-07-02,GGBR3,15.0
2025-07-03,GGBR3,15.16
2025-07-04,GGBR3,15.16
2025-07-07,GGBR3,15.1
2025-07-08,GGBR3,15.05
2025-07-09,GGBR3,14.93
2025-07-10,GGBR3,15.2
2025-07-11,GGBR3,14.94
2025-07-14,GGBR3,15.13
2025-07-15,GGBR3,14.87
2025-07-16,GGBR3,14.84
2025-07-17,GGBR3,14.76
2025-07-18,GGBR3,14.65
2025-07-21,GGBR3,15.09
2025-07-22,GGBR3,15.08
2025-07-23,GGBR3,15.3
2025-07-24,GGBR3,15.21
2025-07-25,GGBR3,15.04
2025-07-28,GGBR3,14.9
2025-07-29,GGBR3,14.68
2025-07-30,GGBR3,14.9
2025-07-31,GGBR3,14.6
2025-08-01,GGBR3,14.37
2025-08-04,GGBR3,14.6
2025-08-05,GGBR3,14.35
2025-08-06,GGBR3,14.31
2025-08-07,GGBR3,14.6
2025-08-08,GGBR3,14.84
2025-08-11,GGBR3,14.75
2025-08-12,GGBR3,14.8
2025-08-13,GGBR3,14.76
2025-08-14,GGBR3,14.71
2025-08-15,GGBR3,14.5
2025-08-18,GGBR3,14.78
2025-08-19,GGBR3,14.91
2025-08-20,GGBR3,14.4
2025-08-21,GGBR3,14.55
2025-08-22,GGBR3,14.86
2025-08-25,GGBR3,14.96
2025-08-26,GGBR3,14.84
2025-08-27,GGBR3,14.89
2025-08-28,GGBR3,15.15
2025-08-29,GGBR3,15.16
2025-09-01,GGBR3,15.19
2025-09-02,GGBR3,15.11
2025-09-03,GGBR3,15.07
2025-09-04,GGBR3,15.08
2025-09-05,GGBR3,15.21
2025-09-08,GGBR3,15.23
2025-09-09,GGBR3,15.1
2025-09-10,GGBR3,15.23
2025-09-11,GGBR3,15.37
2025-09-12,GGBR3,15.05
2025-09-15,GGBR3,15.33
2025-09-16,GGBR3,15.33
2025-09-17,GGBR3,15.4
2025-09-18,GGBR3,15.37
2025-09-19,GGBR3,15.27
2025-09-22,GGBR3,15.04
2025-09-23,GGBR3,15.09
2025-09-24,GGBR3,15.08
2025-09-25,GGBR3,14.98
2025-09-26,GGBR3,14.8
2025-09-29,GGBR3,14.82
2025-09-30,GGBR3,14.73
2025-10-01,GGBR3,14.88
2025-10-02,GGBR3,15.07
2025-10-03,GGBR3,15.34
2025-10-06,GGBR3,15.37
2025-10-07,GGBR3,15.21
2025-10-08,GGBR3,15.31
2025-10-09,GGBR3,15.25
2025-10-10,GGBR3,15.1
2025-10-13,GGBR3,15.54
2025-10-14,GGBR3,15.13
2025-10-15,GGBR3,15.46
2025-10-16,GGBR3,15.24
2025-10-17,GGBR3,15.55
2025-10-20,GGBR3,15.9
2025-10-21,GGBR3,15.7
2025-10-22,GGBR3,15.22
2025-10-23,GGBR3,15.6
2025-10-24,GGBR3,15.49
2025-10-27,GGBR3,15.45
2025-10-28,GGBR3,15.68
2025-10-29,GGBR3,15.93
2025-10-30,GGBR3,15.81
2025-10-31,GGBR3,16.06
2025-11-03,GGBR3,15.91
2025-11-04,GGBR3,16.07
2025-11-05,GGBR3,16.68
2025-11-06,GGBR3,16.55
2025-11-07,GGBR3,16.3
2025-11-10,GGBR3,16.48
2025-11-11,GGBR3,16.11
2025-11-12,GGBR3,16.4
2025-11-13,GGBR3,16.44
2025-11-14,GGBR3,16.32
2025-11-17,GGBR3,16.07
2025-11-18,GGBR3,16.15
2025-11-19,GGBR3,16.06
2025-11-21,GGBR3,15.81
2025-11-24,GGBR3,15.9
2025-11-25,GGBR3,16.27
2025-11-26,GGBR3,16.6
2025-11-27,GGBR3,16.4
2025-11-28,GGBR3,16.8
2025-12-01,GGBR3,16.55
2025-12-02,GGBR3,16.42
2025-12-03,GGBR3,17.0
2025-12-04,GGBR3,17.09
2025-12-05,GGBR3,16.8
2025-12-08,GGBR3,16.96
2025-12-09,GGBR3,17.0
2025-12-10,GGBR3,17.34
2025-12-11,GGBR3,16.95
2025-12-12,GGBR3,17.0
2025-12-15,GGBR3,17.17
2025-12-16,GGBR3,17.6
2025-12-17,GGBR3,17.02
2025-12-18,GGBR3,17.22
2025-12-19,GGBR3,17.36
2025-12-22,GGBR3,17.43
2025-12-23,GGBR3,17.42
2025-12-26,GGBR3,17.56
2025-12-29,GGBR3,17.36
2025-12-30,GGBR3,17.47
2026-01-02,GGBR3,17.47
2026-01-05,GGBR3,17.67
2026-01-06,GGBR3,17.97
2026-01-07,GGBR3,18.0
2026-01-08,GGBR3,18.2
2026-01-09,GGBR3,18.0
2026-01-12,GGBR3,18.18
2026-01-13,GGBR3,18.39
2026-01-14,GGBR3,18.75
2026-01-15,GGBR3,18.78
2026-01-16,GGBR3,18.65
2026-01-19,GGBR3,18.56
2026-01-20,GGBR3,18.67
2026-01-21,GGBR3,19.2
2026-01-22,GGBR3,19.67
2026-01-23,GGBR3,19.6
2026-01-26,GGBR3,19.5
2026-01-27,GGBR3,20.22
2026-01-28,GGBR3,20.19
2026-01-29,GGBR3,19.36
2026-01-30,GGBR3,19.0
2026-02-02,GGBR3,19.22
2026-02-03,GGBR3,19.55
2026-02-04,GGBR3,19.17
2026-02-05,GGBR3,18.65
2026-02-06,GGBR3,18.67
2026-02-09,GGBR3,18.99
2026-02-10,GGBR3,18.77
2026-02-11,GGBR3,19.33
2026-02-12,GGBR3,18.99
2026-02-13,GGBR3,18.51
2026-02-18,GGBR3,18.57
2026-02-19,GGBR3,18.49
2026-02-20,GGBR3,18.67
2026-02-23,GGBR3,18.73
2026-02-24,GGBR3,18.52
2026-02-25,GGBR3,18.69
2026-02-26,GGBR3,18.13
2026-02-27,GGBR3,17.86
2026-03-02,GGBR3,17.8
2026-03-03,GGBR3,17.1
2026-03-04,GGBR3,17.32
2026-03-05,GGBR3,16.88
2026-03-06,GGBR3,16.43
2026-03-09,GGBR3,16.43
2026-03-10,GGBR3,16.35
2026-03-11,GGBR3,16.3
2026-03-12,GGBR3,15.74
2026-03-13,GGBR3,15.64
2026-03-16,GGBR3,16.0
2026-03-17,GGBR3,15.78
2026-03-18,GGBR3,15.71
2026-03-19,GGBR3,15.83
2026-03-20,GGBR3,15.74
2026-03-23,GGBR3,16.4
2026-03-24,GGBR3,16.27
2026-03-25,GGBR3,16.55
2026-03-26,GGBR3,16.81
2026-03-27,GGBR3,16.76
2026-03-30,GGBR3,16.93
2026-03-31,GGBR3,17.69
2026-04-01,GGBR3,18.45
2026-04-02,GGBR3,18.45
2026-04-06,GGBR3,18.2
2026-04-07,GGBR3,18.17
2026-04-08,GGBR3,18.32
2026-04-09,GGBR3,18.54
2026-04-10,GGBR3,18.3
2026-04-13,GGBR3,18.05
2026-04-14,GGBR3,18.36
2026-04-15,GGBR3,18.34
2026-04-16,GGBR3,18.45
2026-04-17,GGBR3,18.71
2026-04-20,GGBR3,18.3
2026-04-22,GGBR3,18.55
2026-04-23,GGBR3,18.43
2026-04-24,GGBR3,18.42
2026-04-27,GGBR3,18.58
2026-04-28,GGBR3,19.36
2026-04-29,GGBR3,19.19
2026-04-30,GGBR3,19.42
2026-05-04,GGBR3,19.28
2026-05-05,GGBR3,20.08
2026-05-06,GGBR3,20.73
2026-05-07,GGBR3,20.42
2026-05-08,GGBR3,20.79
2026-05-11,GGBR3,20.54
2026-05-12,GGBR3,20.15
2026-05-13,GGBR3,20.16
2026-05-14,GGBR3,20.31
2026-05-15,GGBR3,19.67
2026-05-18,GGBR3,20.02
2026-05-19,GGBR3,19.85
2026-05-20,GGBR3,20.08
2026-05-21,GGBR3,20.23
2026-05-22,GGBR3,20.39
2026-05-25,GGBR3,20.43
2026-05-26,GGBR3,20.05
2026-05-27,GGBR3,20.43
2026-05-28,GGBR3,20.19
2026-05-29,GGBR3,19.21
2026-06-01,GGBR3,19.91
2026-06-02,GGBR3,20.95
2026-06-03,GGBR3,20.64
2026-06-05,GGBR3,20.0
2026-06-08,GGBR3,20.29
2026-06-09,GGBR3,20.06
2026-06-10,GGBR3,19.99
2026-06-11,GGBR3,20.33
2026-06-12,GGBR3,20.67
2026-06-15,GGBR3,19.94
2026-06-16,GGBR3,19.8
2026-06-17,GGBR3,19.5
2026-06-18,GGBR3,18.69
2026-06-19,GGBR3,18.4
2026-06-22,GGBR3,19.1
2026-06-23,GGBR3,18.47
2026-06-24,GGBR3,18.41
2026-06-25,GGBR3,18.61
2026-06-26,GGBR3,18.46
2026-06-29,GGBR3,18.3
2026-06-30,GGBR3,17.84
2026-07-01,GGBR3,18.12
2026-07-02,GGBR3,18.13
2026-07-03,GGBR3,18.3
2026-07-06,GGBR3,18.62
2026-07-07,GGBR3,18.9
2026-07-08,GGBR3,18.96
2026-07-09,GGBR3,19.38
2026-07-10,GGBR3,19.42
2026-07-13,GGBR3,19.67
2026-07-14,GGBR3,19.89
2026-07-15,GGBR3,20.6
2026-07-16,GGBR3,20.44
2026-07-17,GGBR3,20.58
2026-07-20,GGBR3,20.13
2026-07-21,GGBR3,19.96
2026-07-22,GGBR3,20.37
2026-07-23,GGBR3,20.61
2026-07-24,GGBR3,20.79
2026-07-27,GGBR3,21.09
2026-07-28,GGBR3,21.46
2026-07-29,GGBR3,21.2
2026-07-30,GGBR3,21.32
2026-07-31,GGBR3,21.49
2026-08-03,GGBR3,21.74
2026-08-04,GGBR3,22.15
2026-08-05,GGBR3,22.6
2026-08-06,GGBR3,22.01
2026-08-07,GGBR3,21.32
2026-08-10,GGBR3,21.73
2026-08-11,GGBR3,20.89
2026-08-12,GGBR3,21.39
2026-08-13,GGBR3,21.12
2026-08-14,GGBR3,21.0
2026-08-17,GGBR3,21.19
2026-08-18,GGBR3,20.71
2026-08-19,GGBR3,19.8
2026-08-20,GGBR3,19.12
2026-08-21,GGBR3,19.18
2026-08-24,GGBR3,18.95
2026-08-25,GGBR3,18.96
2026-08-26,GGBR3,19.66
2026-08-27,GGBR3,20.65
2026-08-28,GGBR3,20.19
2026-08-31,GGBR3,20.44
2026-09-01,GGBR3,20.8
2026-09-02,GGBR3,21.83
2026-09-03,GGBR3,21.38
2026-09-04,GGBR3,21.55
2026-09-08,GGBR3,22.01
2026-09-09,GGBR3,21.87
2026-09-10,GGBR3,22.1
2026-09-11,GGBR3,21.82
2026-09-14,GGBR3,21.65
2026-09-15,GGBR3,22.22
2026-09-16,GGBR3,21.74
2026-09-17,GGBR3,22.03
2026-09-18,GGBR3,21.78
2026-09-21,GGBR3,21.99
2026-09-22,GGBR3,21.73
2026-09-23,GGBR3,21.39
2026-09-24,GGBR3,21.37
2026-09-25,GGBR3,21.1
2026-09-28,GGBR3,21.3
2026-09-29,GGBR3,20.65
2026-09-30,GGBR3,20.64
2026-10-01,GGBR3,21.5
2026-10-02,GGBR3,22.55
2026-10-05,GGBR3,22.44
2026-10-06,GGBR3,22.08
2026-10-07,GGBR3,21.42
2026-10-08,GGBR3,21.19
2021-01-04,GGBR4,26.04
2021-01-05,GGBR4,26.67
2021-01-06,GGBR4,27.99
2021-01-07,GGBR4,29.54
2021-01-08,GGBR4,29.1
2021-01-11,GGBR4,28.3
2021-01-12,GGBR4,27.52
2021-01-13,GGBR4,26.61
2021-01-14,GGBR4,27.72
2021-01-15,GGBR4,26.08
2021-01-18,GGBR4,26.45
2021-01-19,GGBR4,25.67
2021-01-20,GGBR4,25.14
2021-01-21,GGBR4,25.02
2021-01-22,GGBR4,25.36
2021-01-26,GGBR4,24.05
2021-01-27,GGBR4,23.61
2021-01-28,GGBR4,24.29
2021-01-29,GGBR4,23.25
2021-02-01,GGBR4,23.24
2021-02-02,GGBR4,22.97
2021-02-03,GGBR4,23.53
2021-02-04,GGBR4,23.19
2021-02-05,GGBR4,24.2
2021-02-08,GGBR4,24.0
2021-02-09,GGBR4,24.15
2021-02-10,GGBR4,23.57
2021-02-11,GGBR4,24.11
2021-02-12,GGBR4,24.11
2021-02-17,GGBR4,24.46
2021-02-18,GGBR4,24.39
2021-02-19,GGBR4,24.9
2021-02-22,GGBR4,24.78
2021-02-23,GGBR4,25.73
2021-02-24,GGBR4,27.14
2021-02-25,GGBR4,26.12
2021-02-26,GGBR4,25.87
2021-03-01,GGBR4,26.67
2021-03-02,GGBR4,27.03
2021-03-03,GGBR4,26.94
2021-03-04,GGBR4,26.91
2021-03-05,GGBR4,27.62
2021-03-08,GGBR4,26.96
2021-03-09,GGBR4,27.33
2021-03-10,GGBR4,26.97
2021-03-11,GGBR4,27.99
2021-03-12,GGBR4,27.5
2021-03-15,GGBR4,28.49
2021-03-16,GGBR4,28.78
2021-03-17,GGBR4,29.12
2021-03-18,GGBR4,28.61
2021-03-19,GGBR4,28.64
2021-03-22,GGBR4,27.77
2021-03-23,GGBR4,26.56
2021-03-24,GGBR4,26.77
2021-03-25,GGBR4,27.17
2021-03-26,GGBR4,28.6
2021-03-29,GGBR4,29.0
2021-03-30,GGBR4,29.46
2021-03-31,GGBR4,30.22
2021-04-01,GGBR4,29.38
2021-04-05,GGBR4,29.44
2021-04-06,GGBR4,30.14
2021-04-07,GGBR4,30.71
2021-04-08,GGBR4,30.81
2021-04-09,GGBR4,31.12
2021-04-12,GGBR4,31.22
2021-04-13,GGBR4,31.94
2021-04-14,GGBR4,32.39
2021-04-15,GGBR4,32.62
2021-04-16,GGBR4,32.53
2021-04-19,GGBR4,32.51
2021-04-20,GGBR4,32.27
2021-04-22,GGBR4,33.3
2021-04-23,GGBR4,33.52
2021-04-26,GGBR4,34.3
2021-04-27,GGBR4,34.43
2021-04-28,GGBR4,34.67
2021-04-29,GGBR4,34.39
2021-04-30,GGBR4,33.22
2021-05-03,GGBR4,32.5
2021-05-04,GGBR4,32.65
2021-05-05,GGBR4,34.45
2021-05-06,GGBR4,36.02
2021-05-07,GGBR4,36.37
2021-05-10,GGBR4,36.38
2021-05-11,GGBR4,37.65
2021-05-12,GGBR4,36.65
2021-05-13,GGBR4,35.63
2021-05-14,GGBR4,34.61
2021-05-17,GGBR4,35.4
2021-05-18,GGBR4,35.86
2021-05-19,GGBR4,35.47
2021-05-20,GGBR4,34.3
2021-05-21,GGBR4,33.87
2021-05-24,GGBR4,32.89
2021-05-25,GGBR4,32.2
2021-05-26,GGBR4,32.55
2021-05-27,GGBR4,33.09
2021-05-28,GGBR4,32.65
2021-05-31,GGBR4,32.92
2021-06-01,GGBR4,34.12
2021-06-02,GGBR4,33.39
2021-06-04,GGBR4,32.46
2021-06-07,GGBR4,31.89
2021-06-08,GGBR4,31.34
2021-06-09,GGBR4,32.07
2021-06-10,GGBR4,32.14
2021-06-11,GGBR4,33.0
2021-06-14,GGBR4,32.1
2021-06-15,GGBR4,31.76
2021-06-16,GGBR4,30.14
2021-06-17,GGBR4,29.0
2021-06-18,GGBR4,29.08
2021-06-21,GGBR4,29.87
2021-06-22,GGBR4,29.8
2021-06-23,GGBR4,29.79
2021-06-24,GGBR4,30.77
2021-06-25,GGBR4,30.84
2021-06-28,GGBR4,30.57
2021-06-29,GGBR4,30.26
2021-06-30,GGBR4,29.61
2021-07-01,GGBR4,28.95
2021-07-02,GGBR4,29.76
2021-07-05,GGBR4,29.68
2021-07-06,GGBR4,29.56
2021-07-07,GGBR4,30.0
2021-07-08,GGBR4,29.1
2021-07-12,GGBR4,30.41
2021-07-13,GGBR4,30.53
2021-07-14,GGBR4,30.13
2021-07-15,GGBR4,29.93
2021-07-16,GGBR4,29.46
2021-07-19,GGBR4,29.51
2021-07-20,GGBR4,29.63
2021-07-21,GGBR4,30.3
2021-07-22,GGBR4,30.56
2021-07-23,GGBR4,30.74
2021-07-26,GGBR4,31.8
2021-07-27,GGBR4,30.66
2021-07-28,GGBR4,30.73
2021-07-29,GGBR4,31.4
2021-07-30,GGBR4,30.8
2021-08-02,GGBR4,30.73
2021-08-03,GGBR4,31.55
2021-08-04,GGBR4,31.61
2021-08-05,GGBR4,30.74
2021-08-06,GGBR4,31.36
2021-08-09,GGBR4,30.96
2021-08-10,GGBR4,31.74
2021-08-11,GGBR4,32.08
2021-08-12,GGBR4,31.64
2021-08-13,GGBR4,31.32
2021-08-16,GGBR4,30.34
2021-08-17,GGBR4,28.95
2021-08-18,GGBR4,28.7
2021-08-19,GGBR4,27.69
2021-08-20,GGBR4,27.65
2021-08-23,GGBR4,27.85
2021-08-24,GGBR4,28.89
2021-08-25,GGBR4,29.05
2021-08-26,GGBR4,28.44
2021-08-27,GGBR4,28.95
2021-08-30,GGBR4,28.69
2021-08-31,GGBR4,28.32
2021-09-01,GGBR4,28.15
2021-09-02,GGBR4,27.39
2021-09-03,GGBR4,27.38
2021-09-06,GGBR4,27.69
2021-09-08,GGBR4,27.05
2021-09-09,GGBR4,27.41
2021-09-10,GGBR4,27.3
2021-09-13,GGBR4,27.51
2021-09-14,GGBR4,27.55
2021-09-15,GGBR4,27.33
2021-09-16,GGBR4,26.4
2021-09-17,GGBR4,24.6
2021-09-20,GGBR4,24.37
2021-09-21,GGBR4,24.15
2021-09-22,GGBR4,25.56
2021-09-23,GGBR4,27.0
2021-09-24,GGBR4,26.62
2021-09-27,GGBR4,26.72
2021-09-28,GGBR4,25.6
2021-09-29,GGBR4,26.07
2021-09-30,GGBR4,27.1
2021-10-01,GGBR4,27.7
2021-10-04,GGBR4,27.14
2021-10-05,GGBR4,27.0
2021-10-06,GGBR4,26.46
2021-10-07,GGBR4,26.89
2021-10-08,GGBR4,27.18
2021-10-11,GGBR4,27.17
2021-10-13,GGBR4,27.63
2021-10-14,GGBR4,28.16
2021-10-15,GGBR4,28.17
2021-10-18,GGBR4,28.18
2021-10-19,GGBR4,27.83
2021-10-20,GGBR4,27.34
2021-10-21,GGBR4,26.56
2021-10-22,GGBR4,26.73
2021-10-25,GGBR4,27.96
2021-10-26,GGBR4,28.05
2021-10-27,GGBR4,27.35
2021-10-28,GGBR4,27.4
2021-10-29,GGBR4,26.9
2021-11-01,GGBR4,26.6
2021-11-03,GGBR4,25.55
2021-11-04,GGBR4,25.53
2021-11-05,GGBR4,24.51
2021-11-08,GGBR4,23.8
2021-11-09,GGBR4,23.99
2021-11-10,GGBR4,23.69
2021-11-11,GGBR4,25.11
2021-11-12,GGBR4,25.4
2021-11-16,GGBR4,25.44
2021-11-17,GGBR4,25.32
2021-11-18,GGBR4,24.28
2021-11-19,GGBR4,24.79
2021-11-22,GGBR4,25.43
2021-11-23,GGBR4,25.58
2021-11-24,GGBR4,26.0
2021-11-25,GGBR4,26.24
2021-11-26,GGBR4,25.55
2021-11-29,GGBR4,25.8
2021-11-30,GGBR4,25.8
2021-12-01,GGBR4,26.17
2021-12-02,GGBR4,27.66
2021-12-03,GGBR4,27.85
2021-12-06,GGBR4,28.5
2021-12-07,GGBR4,28.95
2021-12-08,GGBR4,28.93
2021-12-09,GGBR4,28.95
2021-12-10,GGBR4,29.59
2021-12-13,GGBR4,29.46
2021-12-14,GGBR4,29.32
2021-12-15,GGBR4,29.16
2021-12-16,GGBR4,29.83
2021-12-17,GGBR4,29.01
2021-12-20,GGBR4,27.29
2021-12-21,GGBR4,27.74
2021-12-22,GGBR4,27.48
2021-12-23,GGBR4,26.95
2021-12-27,GGBR4,27.2
2021-12-28,GGBR4,27.09
2021-12-29,GGBR4,27.13
2021-12-30,GGBR4,27.26
2022-01-03,GGBR4,27.26
2022-01-04,GGBR4,27.64
2022-01-05,GGBR4,27.18
2022-01-06,GGBR4,27.19
2022-01-07,GGBR4,27.43
2022-01-10,GGBR4,27.58
2022-01-11,GGBR4,28.2
2022-01-12,GGBR4,28.85
2022-01-13,GGBR4,28.27
2022-01-14,GGBR4,28.28
2022-01-17,GGBR4,27.66
2022-01-18,GGBR4,28.6
2022-01-19,GGBR4,29.04
2022-01-20,GGBR4,28.63
2022-01-21,GGBR4,27.46
2022-01-24,GGBR4,27.8
2022-01-25,GGBR4,27.39
2022-01-26,GGBR4,27.88
2022-01-27,GGBR4,27.96
2022-01-28,GGBR4,28.07
2022-01-31,GGBR4,27.84
2022-02-01,GGBR4,28.73
2022-02-02,GGBR4,28.95
2022-02-03,GGBR4,28.73
2022-02-04,GGBR4,28.78
2022-02-07,GGBR4,29.2
2022-02-08,GGBR4,28.9
2022-02-09,GGBR4,29.04
2022-02-10,GGBR4,28.8
2022-02-11,GGBR4,28.09
2022-02-14,GGBR4,27.78
2022-02-15,GGBR4,27.67
2022-02-16,GGBR4,27.45
2022-02-17,GGBR4,25.99
2022-02-18,GGBR4,25.54
2022-02-21,GGBR4,25.24
2022-02-22,GGBR4,25.4
2022-02-23,GGBR4,24.55
2022-02-24,GGBR4,24.28
2022-02-25,GGBR4,25.46
2022-03-02,GGBR4,27.1
2022-03-03,GGBR4,28.3
2022-03-04,GGBR4,29.4
2022-03-07,GGBR4,28.87
2022-03-08,GGBR4,27.92
2022-03-09,GGBR4,28.86
2022-03-10,GGBR4,30.19
2022-03-11,GGBR4,30.22
2022-03-14,GGBR4,28.87
2022-03-15,GGBR4,27.56
2022-03-16,GGBR4,28.16
2022-03-17,GGBR4,29.53
2022-03-18,GGBR4,30.49
2022-03-21,GGBR4,30.38
2022-03-22,GGBR4,29.87
2022-03-23,GGBR4,29.98
2022-03-24,GGBR4,30.88
2022-03-25,GGBR4,30.58
2022-03-28,GGBR4,30.71
2022-03-29,GGBR4,30.09
2022-03-30,GGBR4,30.72
2022-03-31,GGBR4,30.81
2022-04-01,GGBR4,30.64
2022-04-04,GGBR4,30.16
2022-04-05,GGBR4,30.14
2022-04-06,GGBR4,30.02
2022-04-07,GGBR4,29.29
2022-04-08,GGBR4,29.39
2022-04-11,GGBR4,29.28
2022-04-12,GGBR4,29.31
2022-04-13,GGBR4,29.65
2022-04-14,GGBR4,29.42
2022-04-18,GGBR4,29.49
2022-04-19,GGBR4,30.27
2022-04-20,GGBR4,29.05
2022-04-22,GGBR4,28.27
2022-04-25,GGBR4,27.7
2022-04-26,GGBR4,26.62
2022-04-27,GGBR4,28.22
2022-04-28,GGBR4,29.04
2022-04-29,GGBR4,27.97
2022-05-02,GGBR4,27.4
2022-05-03,GGBR4,27.62
2022-05-04,GGBR4,27.41
2022-05-05,GGBR4,28.05
2022-05-06,GGBR4,28.2
2022-05-09,GGBR4,27.54
2022-05-10,GGBR4,26.34
2022-05-11,GGBR4,27.12
2022-05-12,GGBR4,27.39
2022-05-13,GGBR4,27.8
2022-05-16,GGBR4,28.2
2022-05-17,GGBR4,27.95
2022-05-18,GGBR4,26.36
2022-05-19,GGBR4,27.05
2022-05-20,GGBR4,27.96
2022-05-23,GGBR4,28.73
2022-05-24,GGBR4,29.1
2022-05-25,GGBR4,28.91
2022-05-26,GGBR4,29.04
2022-05-27,GGBR4,29.4
2022-05-30,GGBR4,29.04
2022-05-31,GGBR4,29.17
2022-06-01,GGBR4,29.09
2022-06-02,GGBR4,30.27
2022-06-03,GGBR4,30.08
2022-06-06,GGBR4,30.32
2022-06-07,GGBR4,30.39
2022-06-08,GGBR4,28.9
2022-06-09,GGBR4,27.64
2022-06-10,GGBR4,27.46
2022-06-13,GGBR4,26.0
2022-06-14,GGBR4,25.41
2022-06-15,GGBR4,25.36
2022-06-17,GGBR4,23.36
2022-06-20,GGBR4,23.4
2022-06-21,GGBR4,23.86
2022-06-22,GGBR4,22.92
2022-06-23,GGBR4,22.27
2022-06-24,GGBR4,23.15
2022-06-27,GGBR4,23.5
2022-06-28,GGBR4,23.4
2022-06-29,GGBR4,23.14
2022-06-30,GGBR4,22.35
2022-07-01,GGBR4,22.28
2022-07-04,GGBR4,22.16
2022-07-05,GGBR4,21.77
2022-07-06,GGBR4,22.22
2022-07-07,GGBR4,23.5
2022-07-08,GGBR4,23.38
2022-07-11,GGBR4,22.94
2022-07-12,GGBR4,23.12
2022-07-13,GGBR4,23.26
2022-07-14,GGBR4,22.22
2022-07-15,GGBR4,23.54
2022-07-18,GGBR4,23.38
2022-07-19,GGBR4,23.99
2022-07-20,GGBR4,23.81
2022-07-21,GGBR4,23.84
2022-07-22,GGBR4,23.81
2022-07-25,GGBR4,24.29
2022-07-26,GGBR4,24.04
2022-07-27,GGBR4,24.01
2022-07-28,GGBR4,24.13
2022-07-29,GGBR4,24.46
2022-08-01,GGBR4,23.67
2022-08-02,GGBR4,24.4
2022-08-03,GGBR4,23.41
2022-08-04,GGBR4,24.15
2022-08-05,GGBR4,24.65
2022-08-08,GGBR4,24.85
2022-08-09,GGBR4,25.25
2022-08-10,GGBR4,25.38
2022-08-11,GGBR4,25.58
2022-08-12,GGBR4,26.1
2022-08-15,GGBR4,25.73
2022-08-16,GGBR4,24.43
2022-08-17,GGBR4,24.71
2022-08-18,GGBR4,24.22
2022-08-19,GGBR4,23.73
2022-08-22,GGBR4,23.14
2022-08-23,GGBR4,24.52
2022-08-24,GGBR4,24.32
2022-08-25,GGBR4,24.67
2022-08-26,GGBR4,24.06
2022-08-29,GGBR4,23.96
2022-08-30,GGBR4,23.54
2022-08-31,GGBR4,23.32
2022-09-01,GGBR4,23.35
2022-09-02,GGBR4,24.07
2022-09-05,GGBR4,24.42
2022-09-06,GGBR4,24.1
2022-09-08,GGBR4,23.64
2022-09-09,GGBR4,24.54
2022-09-12,GGBR4,24.61
2022-09-13,GGBR4,23.68
2022-09-14,GGBR4,22.8
2022-09-15,GGBR4,22.8
2022-09-16,GGBR4,22.99
2022-09-19,GGBR4,24.31
2022-09-20,GGBR4,24.09
2022-09-21,GGBR4,24.13
2022-09-22,GGBR4,24.68
2022-09-23,GGBR4,24.31
2022-09-26,GGBR4,23.17
2022-09-27,GGBR4,23.77
2022-09-28,GGBR4,23.71
2022-09-29,GGBR4,23.63
2022-09-30,GGBR4,24.44
2022-10-03,GGBR4,25.15
2022-10-04,GGBR4,25.51
2022-10-05,GGBR4,25.25
2022-10-06,GGBR4,25.54
2022-10-07,GGBR4,25.58
2022-10-10,GGBR4,25.82
2022-10-11,GGBR4,25.86
2022-10-13,GGBR4,25.91
2022-10-14,GGBR4,25.3
2022-10-17,GGBR4,25.83
2022-10-18,GGBR4,26.21
2022-10-19,GGBR4,25.81
2022-10-20,GGBR4,26.46
2022-10-21,GGBR4,26.98
2022-10-24,GGBR4,26.86
2022-10-25,GGBR4,26.71
2022-10-26,GGBR4,26.64
2022-10-27,GGBR4,26.58
2022-10-28,GGBR4,25.61
2022-10-31,GGBR4,25.75
2022-11-01,GGBR4,26.23
2022-11-03,GGBR4,25.78
2022-11-04,GGBR4,26.96
2022-11-07,GGBR4,26.57
2022-11-08,GGBR4,27.24
2022-11-09,GGBR4,28.51
2022-11-10,GGBR4,28.55
2022-11-11,GGBR4,31.12
2022-11-14,GGBR4,31.2
2022-11-16,GGBR4,30.57
2022-11-17,GGBR4,30.36
2022-11-18,GGBR4,29.83
2022-11-21,GGBR4,30.1
2022-11-22,GGBR4,28.95
2022-11-23,GGBR4,29.36
2022-11-24,GGBR4,29.65
2022-11-25,GGBR4,29.37
2022-11-28,GGBR4,29.27
2022-11-29,GGBR4,31.02
2022-11-30,GGBR4,31.57
2022-12-01,GGBR4,30.68
2022-12-02,GGBR4,31.1
2022-12-05,GGBR4,30.65
2022-12-06,GGBR4,31.05
2022-12-07,GGBR4,30.98
2022-12-08,GGBR4,30.93
2022-12-09,GGBR4,31.47
2022-12-12,GGBR4,31.26
2022-12-13,GGBR4,30.96
2022-12-14,GGBR4,31.12
2022-12-15,GGBR4,30.24
2022-12-16,GGBR4,30.17
2022-12-19,GGBR4,29.75
2022-12-20,GGBR4,30.45
2022-12-21,GGBR4,30.43
2022-12-22,GGBR4,29.86
2022-12-23,GGBR4,28.7
2022-12-26,GGBR4,28.18
2022-12-27,GGBR4,29.58
2022-12-28,GGBR4,29.45
2022-12-29,GGBR4,29.37
2023-01-02,GGBR4,29.46
2023-01-03,GGBR4,29.52
2023-01-04,GGBR4,29.38
2023-01-05,GGBR4,30.1
2023-01-06,GGBR4,30.33
2023-01-09,GGBR4,30.95
2023-01-10,GGBR4,31.81
2023-01-11,GGBR4,32.13
2023-01-12,GGBR4,32.25
2023-01-13,GGBR4,32.43
2023-01-16,GGBR4,31.89
2023-01-17,GGBR4,32.35
2023-01-18,GGBR4,33.41
2023-01-19,GGBR4,33.5
2023-01-20,GGBR4,33.2
2023-01-23,GGBR4,32.49
2023-01-24,GGBR4,32.39
2023-01-25,GGBR4,32.28
2023-01-26,GGBR4,33.0
2023-01-27,GGBR4,32.27
2023-01-30,GGBR4,32.42
2023-01-31,GGBR4,32.74
2023-02-01,GGBR4,32.12
2023-02-02,GGBR4,30.67
2023-02-03,GGBR4,31.05
2023-02-06,GGBR4,30.8
2023-02-07,GGBR4,31.24
2023-02-08,GGBR4,31.14
2023-02-09,GGBR4,28.67
2023-02-10,GGBR4,28.32
2023-02-13,GGBR4,28.59
2023-02-14,GGBR4,28.66
2023-02-15,GGBR4,28.54
2023-02-16,GGBR4,28.86
2023-02-17,GGBR4,28.59
2023-02-22,GGBR4,28.15
2023-02-23,GGBR4,28.45
2023-02-24,GGBR4,28.05
2023-02-27,GGBR4,28.2
2023-02-28,GGBR4,28.63
2023-03-01,GGBR4,29.52
2023-03-02,GGBR4,29.57
2023-03-03,GGBR4,29.42
2023-03-06,GGBR4,28.48
2023-03-07,GGBR4,28.09
2023-03-08,GGBR4,28.62
2023-03-09,GGBR4,27.38
2023-03-10,GGBR4,26.99
2023-03-13,GGBR4,26.7
2023-03-14,GGBR4,27.05
2023-03-15,GGBR4,25.6
2023-03-16,GGBR4,25.87
2023-03-17,GGBR4,25.5
2023-03-20,GGBR4,25.35
2023-03-21,GGBR4,25.62
2023-03-22,GGBR4,24.5
2023-03-23,GGBR4,24.3
2023-03-24,GGBR4,24.59
2023-03-27,GGBR4,24.68
2023-03-28,GGBR4,24.77
2023-03-29,GGBR4,24.7
2023-03-30,GGBR4,25.5
2023-03-31,GGBR4,25.29
2023-04-03,GGBR4,25.4
2023-04-04,GGBR4,24.78
2023-04-05,GGBR4,24.04
2023-04-06,GGBR4,23.94
2023-04-10,GGBR4,24.61
2023-04-11,GGBR4,25.92
2023-04-12,GGBR4,25.67
2023-04-13,GGBR4,25.94
2023-04-14,GGBR4,26.15
2023-04-17,GGBR4,26.01
2023-04-18,GGBR4,26.05
2023-04-19,GGBR4,25.57
2023-04-20,GGBR4,25.89
2023-04-24,GGBR4,25.14
2023-04-25,GGBR4,24.26
2023-04-26,GGBR4,24.17
2023-04-27,GGBR4,24.44
2023-04-28,GGBR4,25.18
2023-05-02,GGBR4,24.43
2023-05-03,GGBR4,24.71
2023-05-04,GGBR4,23.69
2023-05-05,GGBR4,24.79
2023-05-08,GGBR4,25.02
2023-05-09,GGBR4,25.16
2023-05-10,GGBR4,24.37
2023-05-11,GGBR4,24.12
2023-05-12,GGBR4,24.26
2023-05-15,GGBR4,24.42
2023-05-16,GGBR4,23.35
2023-05-17,GGBR4,24.12
2023-05-18,GGBR4,24.2
2023-05-19,GGBR4,24.08
2023-05-22,GGBR4,25.09
2023-05-23,GGBR4,25.04
2023-05-24,GGBR4,24.46
2023-05-25,GGBR4,24.21
2023-05-26,GGBR4,24.96
2023-05-29,GGBR4,24.95
2023-05-30,GGBR4,24.32
2023-05-31,GGBR4,23.97
2023-06-01,GGBR4,24.29
2023-06-02,GGBR4,25.08
2023-06-05,GGBR4,25.06
2023-06-06,GGBR4,25.0
2023-06-07,GGBR4,25.19
2023-06-09,GGBR4,25.3
2023-06-12,GGBR4,25.13
2023-06-13,GGBR4,25.15
2023-06-14,GGBR4,26.04
2023-06-15,GGBR4,25.92
2023-06-16,GGBR4,25.95
2023-06-19,GGBR4,26.23
2023-06-20,GGBR4,25.86
2023-06-21,GGBR4,25.65
2023-06-22,GGBR4,25.16
2023-06-23,GGBR4,25.13
2023-06-26,GGBR4,25.33
2023-06-27,GGBR4,25.42
2023-06-28,GGBR4,25.03
2023-06-29,GGBR4,25.28
2023-06-30,GGBR4,25.07
2023-07-03,GGBR4,25.97
2023-07-04,GGBR4,25.92
2023-07-05,GGBR4,25.82
2023-07-06,GGBR4,25.57
2023-07-07,GGBR4,26.14
2023-07-10,GGBR4,26.29
2023-07-11,GGBR4,26.36
2023-07-12,GGBR4,26.91
2023-07-13,GGBR4,27.38
2023-07-14,GGBR4,27.16
2023-07-17,GGBR4,27.26
2023-07-18,GGBR4,27.53
2023-07-19,GGBR4,27.43
2023-07-20,GGBR4,27.52
2023-07-21,GGBR4,27.22
2023-07-24,GGBR4,28.02
2023-07-25,GGBR4,29.0
2023-07-26,GGBR4,29.05
2023-07-27,GGBR4,28.48
2023-07-28,GGBR4,28.38
2023-07-31,GGBR4,29.25
2023-08-01,GGBR4,29.16
2023-08-02,GGBR4,28.76
2023-08-03,GGBR4,28.49
2023-08-04,GGBR4,28.07
2023-08-07,GGBR4,27.78
2023-08-08,GGBR4,26.95
2023-08-09,GGBR4,25.86
2023-08-10,GGBR4,25.88
2023-08-11,GGBR4,25.66
2023-08-14,GGBR4,25.84
2023-08-15,GGBR4,25.78
2023-08-16,GGBR4,25.76
2023-08-17,GGBR4,25.64
2023-08-18,GGBR4,25.5
2023-08-21,GGBR4,24.92
2023-08-22,GGBR4,25.19
2023-08-23,GGBR4,25.25
2023-08-24,GGBR4,24.82
2023-08-25,GGBR4,24.79
2023-08-28,GGBR4,25.2
2023-08-29,GGBR4,25.68
2023-08-30,GGBR4,25.87
2023-08-31,GGBR4,25.85
2023-09-01,GGBR4,26.0
2023-09-04,GGBR4,26.18
2023-09-05,GGBR4,25.79
2023-09-06,GGBR4,25.39
2023-09-08,GGBR4,25.31
2023-09-11,GGBR4,25.55
2023-09-12,GGBR4,25.73
2023-09-13,GGBR4,25.36
2023-09-14,GGBR4,25.65
2023-09-15,GGBR4,25.78
2023-09-18,GGBR4,24.94
2023-09-19,GGBR4,24.59
2023-09-20,GGBR4,24.97
2023-09-21,GGBR4,24.39
2023-09-22,GGBR4,24.26
2023-09-25,GGBR4,24.4
2023-09-26,GGBR4,24.43
2023-09-27,GGBR4,24.45
2023-09-28,GGBR4,24.3
2023-09-29,GGBR4,24.13
2023-10-02,GGBR4,23.78
2023-10-03,GGBR4,23.29
2023-10-04,GGBR4,23.0
2023-10-05,GGBR4,22.67
2023-10-06,GGBR4,22.67
2023-10-09,GGBR4,22.53
2023-10-10,GGBR4,22.59
2023-10-11,GGBR4,22.52
2023-10-13,GGBR4,22.33
2023-10-16,GGBR4,22.54
2023-10-17,GGBR4,22.33
2023-10-18,GGBR4,21.66
2023-10-19,GGBR4,21.63
2023-10-20,GGBR4,21.45
2023-10-23,GGBR4,21.76
2023-10-24,GGBR4,21.55
2023-10-25,GGBR4,21.47
2023-10-26,GGBR4,21.81
2023-10-27,GGBR4,21.84
2023-10-30,GGBR4,21.88
2023-10-31,GGBR4,21.77
2023-11-01,GGBR4,22.18
2023-11-03,GGBR4,22.85
2023-11-06,GGBR4,23.12
2023-11-07,GGBR4,22.8
2023-11-08,GGBR4,22.69
2023-11-09,GGBR4,22.72
2023-11-10,GGBR4,23.76
2023-11-13,GGBR4,23.55
2023-11-14,GGBR4,24.16
2023-11-16,GGBR4,24.24
2023-11-17,GGBR4,24.51
2023-11-20,GGBR4,23.0
2023-11-21,GGBR4,23.38
2023-11-22,GGBR4,23.3
2023-11-23,GGBR4,23.25
2023-11-24,GGBR4,22.32
2023-11-27,GGBR4,22.31
2023-11-28,GGBR4,22.29
2023-11-29,GGBR4,22.35
2023-11-30,GGBR4,21.85
2023-12-01,GGBR4,22.15
2023-12-04,GGBR4,22.09
2023-12-05,GGBR4,22.26
2023-12-06,GGBR4,22.25
2023-12-07,GGBR4,22.31
2023-12-08,GGBR4,22.51
2023-12-11,GGBR4,22.54
2023-12-12,GGBR4,22.7
2023-12-13,GGBR4,23.0
2023-12-14,GGBR4,23.47
2023-12-15,GGBR4,23.23
2023-12-18,GGBR4,23.54
2023-12-19,GGBR4,22.96
2023-12-20,GGBR4,22.77
2023-12-21,GGBR4,23.4
2023-12-22,GGBR4,23.65
2023-12-26,GGBR4,23.6
2023-12-27,GGBR4,23.53
2023-12-28,GGBR4,23.76
2024-01-02,GGBR4,23.53
2024-01-03,GGBR4,23.27
2024-01-04,GGBR4,23.15
2024-01-05,GGBR4,23.16
2024-01-08,GGBR4,23.36
2024-01-09,GGBR4,22.14
2024-01-10,GGBR4,21.48
2024-01-11,GGBR4,21.2
2024-01-12,GGBR4,21.31
2024-01-15,GGBR4,21.28
2024-01-16,GGBR4,20.68
2024-01-17,GGBR4,20.56
2024-01-18,GGBR4,20.81
2024-01-19,GGBR4,21.07
2024-01-22,GGBR4,20.86
2024-01-23,GGBR4,21.23
2024-01-24,GGBR4,21.72
2024-01-25,GGBR4,21.78
2024-01-26,GGBR4,21.84
2024-01-29,GGBR4,21.36
2024-01-30,GGBR4,21.27
2024-01-31,GGBR4,21.04
2024-02-01,GGBR4,20.97
2024-02-02,GGBR4,21.47
2024-02-05,GGBR4,21.34
2024-02-06,GGBR4,21.73
2024-02-07,GGBR4,21.78
2024-02-08,GGBR4,21.35
2024-02-09,GGBR4,20.98
2024-02-14,GGBR4,20.74
2024-02-15,GGBR4,20.7
2024-02-16,GGBR4,21.21
2024-02-19,GGBR4,21.26
2024-02-20,GGBR4,21.4
2024-02-21,GGBR4,21.84
2024-02-22,GGBR4,21.65
2024-02-23,GGBR4,21.46
2024-02-26,GGBR4,21.2
2024-02-27,GGBR4,21.65
2024-02-28,GGBR4,21.55
2024-02-29,GGBR4,21.5
2024-03-01,GGBR4,22.43
2024-03-04,GGBR4,21.93
2024-03-05,GGBR4,21.67
2024-03-06,GGBR4,21.38
2024-03-07,GGBR4,21.06
2024-03-08,GGBR4,21.24
2024-03-11,GGBR4,21.19
2024-03-12,GGBR4,21.54
2024-03-13,GGBR4,21.86
2024-03-14,GGBR4,21.2
2024-03-15,GGBR4,20.78
2024-03-18,GGBR4,21.43
2024-03-19,GGBR4,21.66
2024-03-20,GGBR4,21.85
2024-03-21,GGBR4,22.05
2024-03-22,GGBR4,21.61
2024-03-25,GGBR4,21.57
2024-03-26,GGBR4,21.51
2024-03-27,GGBR4,21.97
2024-03-28,GGBR4,22.2
2024-04-01,GGBR4,22.3
2024-04-02,GGBR4,22.47
2024-04-03,GGBR4,22.67
2024-04-04,GGBR4,23.07
2024-04-05,GGBR4,22.74
2024-04-08,GGBR4,23.15
2024-04-09,GGBR4,23.0
2024-04-10,GGBR4,22.85
2024-04-11,GGBR4,22.87
2024-04-12,GGBR4,22.31
2024-04-15,GGBR4,23.09
2024-04-16,GGBR4,22.42
2024-04-17,GGBR4,22.51
2024-04-18,GGBR4,18.77
2024-04-19,GGBR4,19.22
2024-04-22,GGBR4,19.62
2024-04-23,GGBR4,18.83
2024-04-24,GGBR4,18.36
2024-04-25,GGBR4,18.23
2024-04-26,GGBR4,18.63
2024-04-29,GGBR4,18.6
2024-04-30,GGBR4,18.26
2024-05-02,GGBR4,18.63
2024-05-03,GGBR4,19.66
2024-05-06,GGBR4,19.64
2024-05-07,GGBR4,19.31
2024-05-08,GGBR4,19.45
2024-05-09,GGBR4,19.35
2024-05-10,GGBR4,19.14
2024-05-13,GGBR4,19.31
2024-05-14,GGBR4,19.31
2024-05-15,GGBR4,19.85
2024-05-16,GGBR4,20.06
2024-05-17,GGBR4,19.55
2024-05-20,GGBR4,19.28
2024-05-21,GGBR4,18.95
2024-05-22,GGBR4,18.56
2024-05-23,GGBR4,18.45
2024-05-24,GGBR4,18.72
2024-05-27,GGBR4,18.51
2024-05-28,GGBR4,18.47
2024-05-29,GGBR4,18.24
2024-05-31,GGBR4,18.11
2024-06-03,GGBR4,17.59
2024-06-04,GGBR4,17.39
2024-06-05,GGBR4,17.25
2024-06-06,GGBR4,17.28
2024-06-07,GGBR4,16.97
2024-06-10,GGBR4,16.85
2024-06-11,GGBR4,17.25
2024-06-12,GGBR4,17.37
2024-06-13,GGBR4,17.33
2024-06-14,GGBR4,17.0
2024-06-17,GGBR4,16.89
2024-06-18,GGBR4,16.98
2024-06-19,GGBR4,17.23
2024-06-20,GGBR4,17.4
2024-06-21,GGBR4,17.74
2024-06-24,GGBR4,17.85
2024-06-25,GGBR4,17.84
2024-06-26,GGBR4,18.21
2024-06-27,GGBR4,18.26
2024-06-28,GGBR4,18.38
2024-07-01,GGBR4,18.32
2024-07-02,GGBR4,18.48
2024-07-03,GGBR4,18.34
2024-07-04,GGBR4,18.24
2024-07-05,GGBR4,18.0
2024-07-08,GGBR4,17.8
2024-07-09,GGBR4,17.91
2024-07-10,GGBR4,17.88
2024-07-11,GGBR4,18.12
2024-07-12,GGBR4,18.27
2024-07-15,GGBR4,18.6
2024-07-16,GGBR4,19.0
2024-07-17,GGBR4,19.02
2024-07-18,GGBR4,18.68
2024-07-19,GGBR4,18.79
2024-07-22,GGBR4,18.89
2024-07-23,GGBR4,18.04
2024-07-24,GGBR4,17.95
2024-07-25,GGBR4,18.32
2024-07-26,GGBR4,18.32
2024-07-29,GGBR4,18.12
2024-07-30,GGBR4,18.03
2024-07-31,GGBR4,18.26
2024-08-01,GGBR4,18.17
2024-08-02,GGBR4,17.33
2024-08-05,GGBR4,17.22
2024-08-06,GGBR4,17.2
2024-08-07,GGBR4,17.13
2024-08-08,GGBR4,17.38
2024-08-09,GGBR4,17.51
2024-08-12,GGBR4,17.6
2024-08-13,GGBR4,17.51
2024-08-14,GGBR4,17.4
2024-08-15,GGBR4,17.4
2024-08-16,GGBR4,17.22
2024-08-19,GGBR4,17.65
2024-08-20,GGBR4,17.75
2024-08-21,GGBR4,18.43
2024-08-22,GGBR4,18.28
2024-08-23,GGBR4,18.28
2024-08-26,GGBR4,18.42
2024-08-27,GGBR4,18.27
2024-08-28,GGBR4,18.06
2024-08-29,GGBR4,18.47
2024-08-30,GGBR4,18.3
2024-09-02,GGBR4,18.32
2024-09-03,GGBR4,17.7
2024-09-04,GGBR4,18.24
2024-09-05,GGBR4,18.4
2024-09-06,GGBR4,18.17
2024-09-09,GGBR4,18.5
2024-09-10,GGBR4,18.49
2024-09-11,GGBR4,18.57
2024-09-12,GGBR4,18.6
2024-09-13,GGBR4,18.8
2024-09-16,GGBR4,18.48
2024-09-17,GGBR4,18.52
2024-09-18,GGBR4,18.42
2024-09-19,GGBR4,18.45
2024-09-20,GGBR4,18.05
2024-09-23,GGBR4,17.74
2024-09-24,GGBR4,18.48
2024-09-25,GGBR4,18.27
2024-09-26,GGBR4,18.98
2024-09-27,GGBR4,19.0
2024-09-30,GGBR4,19.1
2024-10-01,GGBR4,19.13
2024-10-02,GGBR4,19.37
2024-10-03,GGBR4,18.85
2024-10-04,GGBR4,19.18
2024-10-07,GGBR4,19.42
2024-10-08,GGBR4,19.08
2024-10-09,GGBR4,19.11
2024-10-10,GGBR4,19.15
2024-10-11,GGBR4,18.43
2024-10-14,GGBR4,18.46
2024-10-15,GGBR4,18.34
2024-10-16,GGBR4,18.26
2024-10-17,GGBR4,18.19
2024-10-18,GGBR4,18.4
2024-10-21,GGBR4,18.34
2024-10-22,GGBR4,18.17
2024-10-23,GGBR4,17.96
2024-10-24,GGBR4,17.92
2024-10-25,GGBR4,17.99
2024-10-28,GGBR4,18.28
2024-10-29,GGBR4,18.48
2024-10-30,GGBR4,18.42
2024-10-31,GGBR4,18.3
2024-11-01,GGBR4,18.2
2024-11-04,GGBR4,18.23
2024-11-05,GGBR4,18.21
2024-11-06,GGBR4,19.96
2024-11-07,GGBR4,20.5
2024-11-08,GGBR4,20.46
2024-11-11,GGBR4,20.45
2024-11-12,GGBR4,19.68
2024-11-13,GGBR4,19.79
2024-11-14,GGBR4,20.03
2024-11-18,GGBR4,19.94
2024-11-19,GGBR4,19.63
2024-11-21,GGBR4,19.71
2024-11-22,GGBR4,19.79
2024-11-25,GGBR4,20.31
2024-11-26,GGBR4,19.95
2024-11-27,GGBR4,20.13
2024-11-28,GGBR4,20.25
2024-11-29,GGBR4,20.3
2024-12-02,GGBR4,20.48
2024-12-03,GGBR4,20.87
2024-12-04,GGBR4,20.82
2024-12-05,GGBR4,20.85
2024-12-06,GGBR4,20.47
2024-12-09,GGBR4,21.15
2024-12-10,GGBR4,21.04
2024-12-11,GGBR4,21.0
2024-12-12,GGBR4,20.6
2024-12-13,GGBR4,20.0
2024-12-16,GGBR4,20.13
2024-12-17,GGBR4,20.38
2024-12-18,GGBR4,19.62
2024-12-19,GGBR4,19.37
2024-12-20,GGBR4,19.25
2024-12-23,GGBR4,18.76
2024-12-26,GGBR4,18.71
2024-12-27,GGBR4,18.34
2024-12-30,GGBR4,18.14
2025-01-02,GGBR4,17.91
2025-01-03,GGBR4,17.32
2025-01-06,GGBR4,18.03
2025-01-07,GGBR4,17.94
2025-01-08,GGBR4,17.6
2025-01-09,GGBR4,17.1
2025-01-10,GGBR4,16.8
2025-01-13,GGBR4,16.99
2025-01-14,GGBR4,17.07
2025-01-15,GGBR4,17.65
2025-01-16,GGBR4,17.26
2025-01-17,GGBR4,17.37
2025-01-20,GGBR4,17.53
2025-01-21,GGBR4,17.91
2025-01-22,GGBR4,17.6
2025-01-23,GGBR4,17.46
2025-01-24,GGBR4,17.56
2025-01-27,GGBR4,17.75
2025-01-28,GGBR4,17.67
2025-01-29,GGBR4,17.47
2025-01-30,GGBR4,17.77
2025-01-31,GGBR4,17.22
2025-02-03,GGBR4,17.48
2025-02-04,GGBR4,17.09
2025-02-05,GGBR4,16.9
2025-02-06,GGBR4,17.09
2025-02-07,GGBR4,16.7
2025-02-10,GGBR4,17.57
2025-02-11,GGBR4,17.74
2025-02-12,GGBR4,17.37
2025-02-13,GGBR4,17.45
2025-02-14,GGBR4,17.58
2025-02-17,GGBR4,17.37
2025-02-18,GGBR4,17.44
2025-02-19,GGBR4,17.36
2025-02-20,GGBR4,16.43
2025-02-21,GGBR4,16.22
2025-02-24,GGBR4,16.27
2025-02-25,GGBR4,16.32
2025-02-26,GGBR4,16.65
2025-02-27,GGBR4,16.85
2025-02-28,GGBR4,16.66
2025-03-05,GGBR4,16.72
2025-03-06,GGBR4,16.82
2025-03-07,GGBR4,16.96
2025-03-10,GGBR4,16.86
2025-03-11,GGBR4,16.8
2025-03-12,GGBR4,16.53
2025-03-13,GGBR4,16.48
2025-03-14,GGBR4,16.91
2025-03-17,GGBR4,17.19
2025-03-18,GGBR4,17.21
2025-03-19,GGBR4,17.24
2025-03-20,GGBR4,17.2
2025-03-21,GGBR4,17.14
2025-03-24,GGBR4,17.24
2025-03-25,GGBR4,17.32
2025-03-26,GGBR4,17.47
2025-03-27,GGBR4,17.38
2025-03-28,GGBR4,16.9
2025-03-31,GGBR4,16.18
2025-04-01,GGBR4,16.61
2025-04-02,GGBR4,16.38
2025-04-03,GGBR4,15.92
2025-04-04,GGBR4,15.15
2025-04-07,GGBR4,14.6
2025-04-08,GGBR4,14.0
2025-04-09,GGBR4,15.0
2025-04-10,GGBR4,14.54
2025-04-11,GGBR4,14.68
2025-04-14,GGBR4,15.15
2025-04-15,GGBR4,14.98
2025-04-16,GGBR4,15.07
2025-04-17,GGBR4,14.95
2025-04-22,GGBR4,14.89
2025-04-23,GGBR4,15.06
2025-04-24,GGBR4,15.37
2025-04-25,GGBR4,15.33
2025-04-28,GGBR4,15.55
2025-04-29,GGBR4,15.37
2025-04-30,GGBR4,14.99
2025-05-02,GGBR4,14.94
2025-05-05,GGBR4,14.82
2025-05-06,GGBR4,14.78
2025-05-07,GGBR4,14.61
2025-05-08,GGBR4,14.9
2025-05-09,GGBR4,14.75
2025-05-12,GGBR4,15.15
2025-05-13,GGBR4,15.5
2025-05-14,GGBR4,15.57
2025-05-15,GGBR4,15.71
2025-05-16,GGBR4,15.77
2025-05-19,GGBR4,15.69
2025-05-20,GGBR4,15.61
2025-05-21,GGBR4,15.46
2025-05-22,GGBR4,15.47
2025-05-23,GGBR4,15.45
2025-05-26,GGBR4,15.64
2025-05-27,GGBR4,16.08
2025-05-28,GGBR4,15.9
2025-05-29,GGBR4,15.75
2025-05-30,GGBR4,15.25
2025-06-02,GGBR4,16.02
2025-06-03,GGBR4,16.24
2025-06-04,GGBR4,16.14
2025-06-05,GGBR4,16.7
2025-06-06,GGBR4,16.69
2025-06-09,GGBR4,17.76
2025-06-10,GGBR4,17.65
2025-06-11,GGBR4,17.0
2025-06-12,GGBR4,16.92
2025-06-13,GGBR4,16.76
2025-06-16,GGBR4,16.84
2025-06-17,GGBR4,16.58
2025-06-18,GGBR4,16.53
2025-06-20,GGBR4,16.01
2025-06-23,GGBR4,16.09
2025-06-24,GGBR4,16.09
2025-06-25,GGBR4,15.86
2025-06-26,GGBR4,16.06
2025-06-27,GGBR4,15.9
2025-06-30,GGBR4,16.0
2025-07-01,GGBR4,16.0
2025-07-02,GGBR4,16.5
2025-07-03,GGBR4,16.79
2025-07-04,GGBR4,16.78
2025-07-07,GGBR4,16.85
2025-07-08,GGBR4,16.88
2025-07-09,GGBR4,16.79
2025-07-10,GGBR4,16.88
2025-07-11,GGBR4,16.69
2025-07-14,GGBR4,16.65
2025-07-15,GGBR4,16.47
2025-07-16,GGBR4,16.53
2025-07-17,GGBR4,16.35
2025-07-18,GGBR4,16.11
2025-07-21,GGBR4,16.62
2025-07-22,GGBR4,16.91
2025-07-23,GGBR4,17.22
2025-07-24,GGBR4,17.28
2025-07-25,GGBR4,17.18
2025-07-28,GGBR4,16.8
2025-07-29,GGBR4,16.71
2025-07-30,GGBR4,16.98
2025-07-31,GGBR4,16.84
2025-08-01,GGBR4,16.05
2025-08-04,GGBR4,16.23
2025-08-05,GGBR4,16.17
2025-08-06,GGBR4,15.99
2025-08-07,GGBR4,16.2
2025-08-08,GGBR4,16.39
2025-08-11,GGBR4,16.35
2025-08-12,GGBR4,16.35
2025-08-13,GGBR4,16.47
2025-08-14,GGBR4,16.3
2025-08-15,GGBR4,16.23
2025-08-18,GGBR4,16.39
2025-08-19,GGBR4,16.28
2025-08-20,GGBR4,16.07
2025-08-21,GGBR4,15.98
2025-08-22,GGBR4,16.36
2025-08-25,GGBR4,16.68
2025-08-26,GGBR4,16.8
2025-08-27,GGBR4,16.78
2025-08-28,GGBR4,16.79
2025-08-29,GGBR4,16.66
2025-09-01,GGBR4,16.9
2025-09-02,GGBR4,16.92
2025-09-03,GGBR4,16.76
2025-09-04,GGBR4,17.0
2025-09-05,GGBR4,17.44
2025-09-08,GGBR4,17.37
2025-09-09,GGBR4,17.09
2025-09-10,GGBR4,16.92
2025-09-11,GGBR4,17.0
2025-09-12,GGBR4,16.3
2025-09-15,GGBR4,16.7
2025-09-16,GGBR4,16.78
2025-09-17,GGBR4,16.84
2025-09-18,GGBR4,16.81
2025-09-19,GGBR4,16.77
2025-09-22,GGBR4,16.74
2025-09-23,GGBR4,16.86
2025-09-24,GGBR4,16.7
2025-09-25,GGBR4,16.68
2025-09-26,GGBR4,16.62
2025-09-29,GGBR4,16.76
2025-09-30,GGBR4,16.61
2025-10-01,GGBR4,16.96
2025-10-02,GGBR4,17.17
2025-10-03,GGBR4,17.5
2025-10-06,GGBR4,17.45
2025-10-07,GGBR4,17.19
2025-10-08,GGBR4,17.53
2025-10-09,GGBR4,17.57
2025-10-10,GGBR4,17.35
2025-10-13,GGBR4,17.72
2025-10-14,GGBR4,17.71
2025-10-15,GGBR4,17.92
2025-10-16,GGBR4,17.67
2025-10-17,GGBR4,18.0
2025-10-20,GGBR4,18.26
2025-10-21,GGBR4,18.19
2025-10-22,GGBR4,18.0
2025-10-23,GGBR4,18.19
2025-10-24,GGBR4,18.21
2025-10-27,GGBR4,18.22
2025-10-28,GGBR4,18.46
2025-10-29,GGBR4,19.25
2025-10-30,GGBR4,18.72
2025-10-31,GGBR4,18.94
2025-11-03,GGBR4,18.71
2025-11-04,GGBR4,18.58
2025-11-05,GGBR4,19.09
2025-11-06,GGBR4,19.12
2025-11-07,GGBR4,19.03
2025-11-10,GGBR4,19.1
2025-11-11,GGBR4,18.9
2025-11-12,GGBR4,19.05
2025-11-13,GGBR4,18.91
2025-11-14,GGBR4,18.77
2025-11-17,GGBR4,18.7
2025-11-18,GGBR4,18.65
2025-11-19,GGBR4,18.49
2025-11-21,GGBR4,18.47
2025-11-24,GGBR4,18.59
2025-11-25,GGBR4,18.76
2025-11-26,GGBR4,19.13
2025-11-27,GGBR4,19.11
2025-11-28,GGBR4,19.04
2025-12-01,GGBR4,19.15
2025-12-02,GGBR4,19.11
2025-12-03,GGBR4,19.63
2025-12-04,GGBR4,19.6
2025-12-05,GGBR4,19.1
2025-12-08,GGBR4,19.05
2025-12-09,GGBR4,19.08
2025-12-10,GGBR4,19.59
2025-12-11,GGBR4,19.86
2025-12-12,GGBR4,19.93
2025-12-15,GGBR4,20.37
2025-12-16,GGBR4,20.65
2025-12-17,GGBR4,20.31
2025-12-18,GGBR4,20.43
2025-12-19,GGBR4,20.37
2025-12-22,GGBR4,20.57
2025-12-23,GGBR4,20.75
2025-12-26,GGBR4,20.75
2025-12-29,GGBR4,20.53
2025-12-30,GGBR4,20.39
2026-01-02,GGBR4,20.51
2026-01-05,GGBR4,20.71
2026-01-06,GGBR4,21.05
2026-01-07,GGBR4,21.27
2026-01-08,GGBR4,21.2
2026-01-09,GGBR4,21.05
2026-01-12,GGBR4,21.25
2026-01-13,GGBR4,21.66
2026-01-14,GGBR4,22.21
2026-01-15,GGBR4,22.28
2026-01-16,GGBR4,22.04
2026-01-19,GGBR4,22.01
2026-01-20,GGBR4,22.2
2026-01-21,GGBR4,22.56
2026-01-22,GGBR4,23.08
2026-01-23,GGBR4,23.25
2026-01-26,GGBR4,22.73
2026-01-27,GGBR4,23.5
2026-01-28,GGBR4,23.73
2026-01-29,GGBR4,22.74
2026-01-30,GGBR4,22.42
2026-02-02,GGBR4,22.59
2026-02-03,GGBR4,23.04
2026-02-04,GGBR4,22.4
2026-02-05,GGBR4,22.01
2026-02-06,GGBR4,21.97
2026-02-09,GGBR4,22.25
2026-02-10,GGBR4,22.15
2026-02-11,GGBR4,22.65
2026-02-12,GGBR4,22.19
2026-02-13,GGBR4,21.65
2026-02-18,GGBR4,21.62
2026-02-19,GGBR4,21.52
2026-02-20,GGBR4,21.64
2026-02-23,GGBR4,21.61
2026-02-24,GGBR4,21.13
2026-02-25,GGBR4,21.41
2026-02-26,GGBR4,21.08
2026-02-27,GGBR4,20.99
2026-03-02,GGBR4,20.8
2026-03-03,GGBR4,19.75
2026-03-04,GGBR4,19.86
2026-03-05,GGBR4,19.32
2026-03-06,GGBR4,18.9
2026-03-09,GGBR4,18.75
2026-03-10,GGBR4,18.85
2026-03-11,GGBR4,18.67
2026-03-12,GGBR4,18.03
2026-03-13,GGBR4,17.73
2026-03-16,GGBR4,17.8
2026-03-17,GGBR4,17.66
2026-03-18,GGBR4,17.39
2026-03-19,GGBR4,17.49
2026-03-20,GGBR4,17.45
2026-03-23,GGBR4,18.0
2026-03-24,GGBR4,18.24
2026-03-25,GGBR4,18.46
2026-03-26,GGBR4,18.43
2026-03-27,GGBR4,18.13
2026-03-30,GGBR4,18.36
2026-03-31,GGBR4,19.0
2026-04-01,GGBR4,19.72
2026-04-02,GGBR4,19.81
2026-04-06,GGBR4,19.62
2026-04-07,GGBR4,19.7
2026-04-08,GGBR4,20.44
2026-04-09,GGBR4,21.33
2026-04-10,GGBR4,21.29
2026-04-13,GGBR4,21.12
2026-04-14,GGBR4,21.6
2026-04-15,GGBR4,21.8
2026-04-16,GGBR4,21.53
2026-04-17,GGBR4,21.54
2026-04-20,GGBR4,21.44
2026-04-22,GGBR4,21.72
2026-04-23,GGBR4,21.68
2026-04-24,GGBR4,21.77
2026-04-27,GGBR4,21.66
2026-04-28,GGBR4,22.56
2026-04-29,GGBR4,22.46
2026-04-30,GGBR4,22.61
2026-05-04,GGBR4,22.65
2026-05-05,GGBR4,23.75
2026-05-06,GGBR4,24.36
2026-05-07,GGBR4,23.77
2026-05-08,GGBR4,23.88
2026-05-11,GGBR4,23.7
2026-05-12,GGBR4,23.62
2026-05-13,GGBR4,23.49
2026-05-14,GGBR4,23.58
2026-05-15,GGBR4,23.34
2026-05-18,GGBR4,23.26
2026-05-19,GGBR4,23.02
2026-05-20,GGBR4,23.47
2026-05-21,GGBR4,23.5
2026-05-22,GGBR4,24.01
2026-05-25,GGBR4,24.18
2026-05-26,GGBR4,23.61
2026-05-27,GGBR4,23.74
2026-05-28,GGBR4,23.5
2026-05-29,GGBR4,22.77
2026-06-01,GGBR4,23.14
2026-06-02,GGBR4,24.65
2026-06-03,GGBR4,24.13
2026-06-05,GGBR4,23.48
2026-06-08,GGBR4,23.68
2026-06-09,GGBR4,23.47
2026-06-10,GGBR4,23.43
2026-06-11,GGBR4,23.82
2026-06-12,GGBR4,23.88
2026-06-15,GGBR4,23.36
2026-06-16,GGBR4,23.29
2026-06-17,GGBR4,22.81
2026-06-18,GGBR4,21.65
2026-06-19,GGBR4,21.66
2026-06-22,GGBR4,21.9
2026-06-23,GGBR4,21.7
2026-06-24,GGBR4,21.38
2026-06-25,GGBR4,21.44
2026-06-26,GGBR4,21.42
2026-06-29,GGBR4,21.29
2026-06-30,GGBR4,20.78
2026-07-01,GGBR4,20.89
2026-07-02,GGBR4,21.15
2026-07-03,GGBR4,21.44
2026-07-06,GGBR4,21.84
2026-07-07,GGBR4,21.85
2026-07-08,GGBR4,22.14
2026-07-09,GGBR4,22.48
2026-07-10,GGBR4,23.01
2026-07-13,GGBR4,22.82
2026-07-14,GGBR4,23.32
2026-07-15,GGBR4,24.2
2026-07-16,GGBR4,23.91
2026-07-17,GGBR4,24.04
2026-07-20,GGBR4,23.62
2026-07-21,GGBR4,23.49
2026-07-22,GGBR4,24.06
2026-07-23,GGBR4,24.06
2026-07-24,GGBR4,24.26
2026-07-27,GGBR4,24.48
2026-07-28,GGBR4,25.14
2026-07-29,GGBR4,24.79
2026-07-30,GGBR4,24.98
2026-07-31,GGBR4,24.98
2026-08-03,GGBR4,25.63
2026-08-04,GGBR4,25.87
2026-08-05,GGBR4,26.31
2026-08-06,GGBR4,25.65
2026-08-07,GGBR4,25.05
2026-08-10,GGBR4,25.25
2026-08-11,GGBR4,24.16
2026-08-12,GGBR4,24.88
2026-08-13,GGBR4,24.79
2026-08-14,GGBR4,24.65
2026-08-17,GGBR4,24.78
2026-08-18,GGBR4,24.2
2026-08-19,GGBR4,22.94
2026-08-20,GGBR4,22.15
2026-08-21,GGBR4,22.15
2026-08-24,GGBR4,22.14
2026-08-25,GGBR4,22.45
2026-08-26,GGBR4,22.88
2026-08-27,GGBR4,23.97
2026-08-28,GGBR4,23.8
2026-08-31,GGBR4,23.74
2026-09-01,GGBR4,24.15
2026-09-02,GGBR4,25.42
2026-09-03,GGBR4,25.14
2026-09-04,GGBR4,25.34
2026-09-08,GGBR4,25.7
2026-09-09,GGBR4,25.41
2026-09-10,GGBR4,26.01
2026-09-11,GGBR4,26.1
2026-09-14,GGBR4,25.06
2026-09-15,GGBR4,25.85
2026-09-16,GGBR4,25.6
2026-09-17,GGBR4,25.98
2026-09-18,GGBR4,25.34
2026-09-21,GGBR4,25.52
2026-09-22,GGBR4,25.64
2026-09-23,GGBR4,25.25
2026-09-24,GGBR4,24.73
2026-09-25,GGBR4,24.99
2026-09-28,GGBR4,25.09
2026-09-29,GGBR4,24.2
2026-09-30,GGBR4,24.27
2026-10-01,GGBR4,25.08
2026-10-02,GGBR4,26.1
2026-10-05,GGBR4,25.79
2026-10-06,GGBR4,25.53
2026-10-07,GGBR4,25.21
2026-10-08,GGBR4,24.77
2021-01-04,USIM3,15.74
2021-01-05,USIM3,16.26
2021-01-06,USIM3,16.71
2021-01-07,USIM3,17.06
2021-01-08,USIM3,17.12
2021-01-11,USIM3,17.15
2021-01-12,USIM3,17.18
2021-01-13,USIM3,16.12
2021-01-14,USIM3,16.55
2021-01-15,USIM3,15.94
2021-01-18,USIM3,16.25
2021-01-19,USIM3,15.3
2021-01-20,USIM3,15.21
2021-01-21,USIM3,15.39
2021-01-22,USIM3,15.4
2021-01-26,USIM3,14.7
2021-01-27,USIM3,14.35
2021-01-28,USIM3,14.97
2021-01-29,USIM3,14.17
2021-02-01,USIM3,14.07
2021-02-02,USIM3,14.18
2021-02-03,USIM3,14.13
2021-02-04,USIM3,14.03
2021-02-05,USIM3,14.06
2021-02-08,USIM3,14.1
2021-02-09,USIM3,14.36
2021-02-10,USIM3,14.11
2021-02-11,USIM3,14.38
2021-02-12,USIM3,14.6
2021-02-17,USIM3,15.28
2021-02-18,USIM3,15.1
2021-02-19,USIM3,15.56
2021-02-22,USIM3,15.65
2021-02-23,USIM3,16.25
2021-02-24,USIM3,17.78
2021-02-25,USIM3,17.16
2021-02-26,USIM3,16.89
2021-03-01,USIM3,17.03
2021-03-02,USIM3,17.36
2021-03-03,USIM3,17.29
2021-03-04,USIM3,17.22
2021-03-05,USIM3,17.84
2021-03-08,USIM3,17.25
2021-03-09,USIM3,17.38
2021-03-10,USIM3,16.97
2021-03-11,USIM3,17.68
2021-03-12,USIM3,17.63
2021-03-15,USIM3,17.83
2021-03-16,USIM3,19.6
2021-03-17,USIM3,19.11
2021-03-18,USIM3,18.79
2021-03-19,USIM3,18.21
2021-03-22,USIM3,17.59
2021-03-23,USIM3,16.88
2021-03-24,USIM3,17.08
2021-03-25,USIM3,16.95
2021-03-26,USIM3,16.95
2021-03-29,USIM3,17.2
2021-03-30,USIM3,17.63
2021-03-31,USIM3,17.89
2021-04-01,USIM3,17.46
2021-04-05,USIM3,18.06
2021-04-06,USIM3,18.34
2021-04-07,USIM3,18.86
2021-04-08,USIM3,19.27
2021-04-09,USIM3,20.28
2021-04-12,USIM3,20.5
2021-04-13,USIM3,20.82
2021-04-14,USIM3,21.78
2021-04-15,USIM3,22.44
2021-04-16,USIM3,22.69
2021-04-19,USIM3,22.96
2021-04-20,USIM3,22.35
2021-04-22,USIM3,23.92
2021-04-23,USIM3,23.65
2021-04-26,USIM3,24.07
2021-04-27,USIM3,23.99
2021-04-28,USIM3,24.01
2021-04-29,USIM3,23.73
2021-04-30,USIM3,23.19
2021-05-03,USIM3,22.62
2021-05-04,USIM3,22.52
2021-05-05,USIM3,23.19
2021-05-06,USIM3,23.91
2021-05-07,USIM3,23.4
2021-05-10,USIM3,23.95
2021-05-11,USIM3,23.94
2021-05-12,USIM3,23.45
2021-05-13,USIM3,22.22
2021-05-14,USIM3,21.06
2021-05-17,USIM3,21.45
2021-05-18,USIM3,21.61
2021-05-19,USIM3,21.71
2021-05-20,USIM3,21.22
2021-05-21,USIM3,20.79
2021-05-24,USIM3,20.79
2021-05-25,USIM3,20.4
2021-05-26,USIM3,20.48
2021-05-27,USIM3,20.4
2021-05-28,USIM3,20.23
2021-05-31,USIM3,20.35
2021-06-01,USIM3,20.89
2021-06-02,USIM3,20.51
2021-06-04,USIM3,19.88
2021-06-07,USIM3,19.64
2021-06-08,USIM3,19.4
2021-06-09,USIM3,19.89
2021-06-10,USIM3,19.57
2021-06-11,USIM3,19.63
2021-06-14,USIM3,19.65
2021-06-15,USIM3,19.37
2021-06-16,USIM3,19.06
2021-06-17,USIM3,18.88
2021-06-18,USIM3,19.49
2021-06-21,USIM3,19.4
2021-06-22,USIM3,19.6
2021-06-23,USIM3,19.6
2021-06-24,USIM3,19.8
2021-06-25,USIM3,19.4
2021-06-28,USIM3,19.6
2021-06-29,USIM3,19.55
2021-06-30,USIM3,19.75
2021-07-01,USIM3,19.56
2021-07-02,USIM3,20.0
2021-07-05,USIM3,20.0
2021-07-06,USIM3,19.95
2021-07-07,USIM3,20.12
2021-07-08,USIM3,20.07
2021-07-12,USIM3,20.49
2021-07-13,USIM3,20.79
2021-07-14,USIM3,20.05
2021-07-15,USIM3,20.11
2021-07-16,USIM3,19.81
2021-07-19,USIM3,19.6
2021-07-20,USIM3,19.82
2021-07-21,USIM3,20.09
2021-07-22,USIM3,20.15
2021-07-23,USIM3,20.48
2021-07-26,USIM3,21.15
2021-07-27,USIM3,20.83
2021-07-28,USIM3,20.82
2021-07-29,USIM3,21.15
2021-07-30,USIM3,20.99
2021-08-02,USIM3,20.65
2021-08-03,USIM3,20.61
2021-08-04,USIM3,21.73
2021-08-05,USIM3,21.36
2021-08-06,USIM3,21.9
2021-08-09,USIM3,21.46
2021-08-10,USIM3,21.95
2021-08-11,USIM3,22.1
2021-08-12,USIM3,21.7
2021-08-13,USIM3,21.24
2021-08-16,USIM3,20.32
2021-08-17,USIM3,19.23
2021-08-18,USIM3,18.27
2021-08-19,USIM3,17.15
2021-08-20,USIM3,17.03
2021-08-23,USIM3,16.79
2021-08-24,USIM3,18.03
2021-08-25,USIM3,17.94
2021-08-26,USIM3,17.18
2021-08-27,USIM3,18.3
2021-08-30,USIM3,18.49
2021-08-31,USIM3,18.3
2021-09-01,USIM3,16.97
2021-09-02,USIM3,16.12
2021-09-03,USIM3,16.23
2021-09-06,USIM3,16.43
2021-09-08,USIM3,15.39
2021-09-09,USIM3,15.65
2021-09-10,USIM3,15.36
2021-09-13,USIM3,15.69
2021-09-14,USIM3,15.51
2021-09-15,USIM3,15.3
2021-09-16,USIM3,14.51
2021-09-17,USIM3,13.75
2021-09-20,USIM3,13.55
2021-09-21,USIM3,13.77
2021-09-22,USIM3,15.0
2021-09-23,USIM3,16.11
2021-09-24,USIM3,15.83
2021-09-27,USIM3,15.44
2021-09-28,USIM3,14.42
2021-09-29,USIM3,15.1
2021-09-30,USIM3,15.72
2021-10-01,USIM3,16.46
2021-10-04,USIM3,15.63
2021-10-05,USIM3,15.51
2021-10-06,USIM3,15.35
2021-10-07,USIM3,15.26
2021-10-08,USIM3,16.0
2021-10-11,USIM3,15.95
2021-10-13,USIM3,15.81
2021-10-14,USIM3,15.8
2021-10-15,USIM3,15.97
2021-10-18,USIM3,15.7
2021-10-19,USIM3,15.18
2021-10-20,USIM3,14.77
2021-10-21,USIM3,14.05
2021-10-22,USIM3,14.34
2021-10-25,USIM3,14.67
2021-10-26,USIM3,14.08
2021-10-27,USIM3,13.96
2021-10-28,USIM3,13.92
2021-10-29,USIM3,12.88
2021-11-01,USIM3,12.74
2021-11-03,USIM3,12.32
2021-11-04,USIM3,12.22
2021-11-05,USIM3,11.98
2021-11-08,USIM3,12.34
2021-11-09,USIM3,12.35
2021-11-10,USIM3,12.31
2021-11-11,USIM3,13.0
2021-11-12,USIM3,13.14
2021-11-16,USIM3,12.75
2021-11-17,USIM3,12.34
2021-11-18,USIM3,11.71
2021-11-19,USIM3,12.01
2021-11-22,USIM3,12.3
2021-11-23,USIM3,12.74
2021-11-24,USIM3,13.2
2021-11-25,USIM3,13.25
2021-11-26,USIM3,12.69
2021-11-29,USIM3,13.25
2021-11-30,USIM3,13.0
2021-12-01,USIM3,12.8
2021-12-02,USIM3,13.66
2021-12-03,USIM3,13.42
2021-12-06,USIM3,13.99
2021-12-07,USIM3,14.01
2021-12-08,USIM3,14.25
2021-12-09,USIM3,14.0
2021-12-10,USIM3,14.41
2021-12-13,USIM3,14.59
2021-12-14,USIM3,14.44
2021-12-15,USIM3,14.54
2021-12-16,USIM3,14.78
2021-12-17,USIM3,14.68
2021-12-20,USIM3,13.81
2021-12-21,USIM3,14.29
2021-12-22,USIM3,14.18
2021-12-23,USIM3,14.26
2021-12-27,USIM3,14.37
2021-12-28,USIM3,14.09
2021-12-29,USIM3,14.17
2021-12-30,USIM3,14.51
2022-01-03,USIM3,14.23
2022-01-04,USIM3,14.13
2022-01-05,USIM3,13.19
2022-01-06,USIM3,13.1
2022-01-07,USIM3,13.74
2022-01-10,USIM3,14.27
2022-01-11,USIM3,14.75
2022-01-12,USIM3,14.54
2022-01-13,USIM3,14.25
2022-01-14,USIM3,14.69
2022-01-17,USIM3,14.2
2022-01-18,USIM3,14.69
2022-01-19,USIM3,14.8
2022-01-20,USIM3,14.66
2022-01-21,USIM3,14.25
2022-01-24,USIM3,14.62
2022-01-25,USIM3,14.48
2022-01-26,USIM3,14.53
2022-01-27,USIM3,14.61
2022-01-28,USIM3,14.62
2022-01-31,USIM3,14.62
2022-02-01,USIM3,15.38
2022-02-02,USIM3,15.46
2022-02-03,USIM3,14.96
2022-02-04,USIM3,15.0
2022-02-07,USIM3,15.3
2022-02-08,USIM3,15.3
2022-02-09,USIM3,15.66
2022-02-10,USIM3,15.53
2022-02-11,USIM3,14.38
2022-02-14,USIM3,14.58
2022-02-15,USIM3,14.53
2022-02-16,USIM3,14.37
2022-02-17,USIM3,13.74
2022-02-18,USIM3,13.54
2022-02-21,USIM3,13.34
2022-02-22,USIM3,13.55
2022-02-23,USIM3,13.12
2022-02-24,USIM3,13.3
2022-02-25,USIM3,13.65
2022-03-02,USIM3,14.09
2022-03-03,USIM3,14.46
2022-03-04,USIM3,14.59
2022-03-07,USIM3,13.92
2022-03-08,USIM3,13.66
2022-03-09,USIM3,13.99
2022-03-10,USIM3,14.1
2022-03-11,USIM3,13.42
2022-03-14,USIM3,12.8
2022-03-15,USIM3,12.17
2022-03-16,USIM3,12.52
2022-03-17,USIM3,13.03
2022-03-18,USIM3,13.52
2022-03-21,USIM3,13.43
2022-03-22,USIM3,13.45
2022-03-23,USIM3,13.18
2022-03-24,USIM3,13.34
2022-03-25,USIM3,13.16
2022-03-28,USIM3,13.27
2022-03-29,USIM3,13.45
2022-03-30,USIM3,13.41
2022-03-31,USIM3,13.04
2022-04-01,USIM3,12.86
2022-04-04,USIM3,13.15
2022-04-05,USIM3,12.77
2022-04-06,USIM3,12.53
2022-04-07,USIM3,12.61
2022-04-08,USIM3,12.31
2022-04-11,USIM3,12.06
2022-04-12,USIM3,12.21
2022-04-13,USIM3,12.16
2022-04-14,USIM3,12.05
2022-04-18,USIM3,11.9
2022-04-19,USIM3,12.27
2022-04-20,USIM3,11.46
2022-04-22,USIM3,11.15
2022-04-25,USIM3,11.26
2022-04-26,USIM3,10.79
2022-04-27,USIM3,10.85
2022-04-28,USIM3,11.33
2022-04-29,USIM3,10.52
2022-05-02,USIM3,10.43
2022-05-03,USIM3,10.39
2022-05-04,USIM3,10.55
2022-05-05,USIM3,10.34
2022-05-06,USIM3,10.1
2022-05-09,USIM3,10.12
2022-05-10,USIM3,9.42
2022-05-11,USIM3,9.58
2022-05-12,USIM3,9.65
2022-05-13,USIM3,9.91
2022-05-16,USIM3,10.29
2022-05-17,USIM3,10.32
2022-05-18,USIM3,10.13
2022-05-19,USIM3,10.37
2022-05-20,USIM3,10.53
2022-05-23,USIM3,10.95
2022-05-24,USIM3,11.03
2022-05-25,USIM3,11.13
2022-05-26,USIM3,11.0
2022-05-27,USIM3,10.86
2022-05-30,USIM3,10.51
2022-05-31,USIM3,10.4
2022-06-01,USIM3,10.75
2022-06-02,USIM3,11.16
2022-06-03,USIM3,11.05
2022-06-06,USIM3,10.82
2022-06-07,USIM3,10.63
2022-06-08,USIM3,10.36
2022-06-09,USIM3,10.0
2022-06-10,USIM3,9.86
2022-06-13,USIM3,9.52
2022-06-14,USIM3,9.29
2022-06-15,USIM3,9.34
2022-06-17,USIM3,8.84
2022-06-20,USIM3,8.82
2022-06-21,USIM3,8.65
2022-06-22,USIM3,8.78
2022-06-23,USIM3,8.31
2022-06-24,USIM3,8.55
2022-06-27,USIM3,8.73
2022-06-28,USIM3,8.66
2022-06-29,USIM3,8.6
2022-06-30,USIM3,8.21
2022-07-01,USIM3,8.1
2022-07-04,USIM3,8.16
2022-07-05,USIM3,8.16
2022-07-06,USIM3,8.26
2022-07-07,USIM3,8.4
2022-07-08,USIM3,8.3
2022-07-11,USIM3,8.08
2022-07-12,USIM3,8.0
2022-07-13,USIM3,8.1
2022-07-14,USIM3,7.85
2022-07-15,USIM3,8.18
2022-07-18,USIM3,8.1
2022-07-19,USIM3,8.33
2022-07-20,USIM3,8.61
2022-07-21,USIM3,8.64
2022-07-22,USIM3,8.39
2022-07-25,USIM3,8.47
2022-07-26,USIM3,8.23
2022-07-27,USIM3,8.37
2022-07-28,USIM3,8.49
2022-07-29,USIM3,8.33
2022-08-01,USIM3,7.95
2022-08-02,USIM3,8.1
2022-08-03,USIM3,8.04
2022-08-04,USIM3,8.42
2022-08-05,USIM3,8.34
2022-08-08,USIM3,8.42
2022-08-09,USIM3,8.49
2022-08-10,USIM3,8.69
2022-08-11,USIM3,8.81
2022-08-12,USIM3,9.04
2022-08-15,USIM3,8.97
2022-08-16,USIM3,9.05
2022-08-17,USIM3,9.18
2022-08-18,USIM3,9.01
2022-08-19,USIM3,8.96
2022-08-22,USIM3,8.75
2022-08-23,USIM3,9.46
2022-08-24,USIM3,9.23
2022-08-25,USIM3,9.2
2022-08-26,USIM3,8.65
2022-08-29,USIM3,8.2
2022-08-30,USIM3,8.18
2022-08-31,USIM3,8.12
2022-09-01,USIM3,8.49
2022-09-02,USIM3,8.79
2022-09-05,USIM3,8.55
2022-09-06,USIM3,8.37
2022-09-08,USIM3,8.05
2022-09-09,USIM3,8.37
2022-09-12,USIM3,8.53
2022-09-13,USIM3,8.22
2022-09-14,USIM3,8.08
2022-09-15,USIM3,7.95
2022-09-16,USIM3,7.91
2022-09-19,USIM3,8.21
2022-09-20,USIM3,8.05
2022-09-21,USIM3,8.13
2022-09-22,USIM3,8.34
2022-09-23,USIM3,8.2
2022-09-26,USIM3,7.94
2022-09-27,USIM3,7.77
2022-09-28,USIM3,7.93
2022-09-29,USIM3,7.83
2022-09-30,USIM3,8.2
2022-10-03,USIM3,8.44
2022-10-04,USIM3,8.63
2022-10-05,USIM3,8.53
2022-10-06,USIM3,8.53
2022-10-07,USIM3,8.44
2022-10-10,USIM3,8.29
2022-10-11,USIM3,8.27
2022-10-13,USIM3,8.41
2022-10-14,USIM3,8.07
2022-10-17,USIM3,8.13
2022-10-18,USIM3,8.19
2022-10-19,USIM3,8.06
2022-10-20,USIM3,8.3
2022-10-21,USIM3,8.5
2022-10-24,USIM3,8.23
2022-10-25,USIM3,8.31
2022-10-26,USIM3,8.11
2022-10-27,USIM3,8.17
2022-10-28,USIM3,7.54
2022-10-31,USIM3,7.39
2022-11-01,USIM3,7.53
2022-11-03,USIM3,7.52
2022-11-04,USIM3,8.01
2022-11-07,USIM3,7.66
2022-11-08,USIM3,7.73
2022-11-09,USIM3,7.61
2022-11-10,USIM3,7.21
2022-11-11,USIM3,7.85
2022-11-14,USIM3,7.9
2022-11-16,USIM3,7.87
2022-11-17,USIM3,7.73
2022-11-18,USIM3,7.51
2022-11-21,USIM3,7.22
2022-11-22,USIM3,7.45
2022-11-23,USIM3,7.43
2022-11-24,USIM3,7.67
2022-11-25,USIM3,7.63
2022-11-28,USIM3,7.22
2022-11-29,USIM3,7.65
2022-11-30,USIM3,7.72
2022-12-01,USIM3,7.46
2022-12-02,USIM3,7.5
2022-12-05,USIM3,7.6
2022-12-06,USIM3,7.73
2022-12-07,USIM3,7.74
2022-12-08,USIM3,7.51
2022-12-09,USIM3,7.69
2022-12-12,USIM3,7.56
2022-12-13,USIM3,7.28
2022-12-14,USIM3,7.65
2022-12-15,USIM3,7.46
2022-12-16,USIM3,7.23
2022-12-19,USIM3,7.06
2022-12-20,USIM3,7.21
2022-12-21,USIM3,7.13
2022-12-22,USIM3,7.1
2022-12-23,USIM3,7.15
2022-12-26,USIM3,7.11
2022-12-27,USIM3,7.12
2022-12-28,USIM3,7.33
2022-12-29,USIM3,7.41
2023-01-02,USIM3,7.16
2023-01-03,USIM3,7.15
2023-01-04,USIM3,7.25
2023-01-05,USIM3,7.58
2023-01-06,USIM3,7.58
2023-01-09,USIM3,7.64
2023-01-10,USIM3,8.0
2023-01-11,USIM3,7.99
2023-01-12,USIM3,7.93
2023-01-13,USIM3,7.89
2023-01-16,USIM3,7.8
2023-01-17,USIM3,7.96
2023-01-18,USIM3,8.27
2023-01-19,USIM3,8.22
2023-01-20,USIM3,8.6
2023-01-23,USIM3,8.62
2023-01-24,USIM3,8.24
2023-01-25,USIM3,8.31
2023-01-26,USIM3,8.63
2023-01-27,USIM3,8.51
2023-01-30,USIM3,8.59
2023-01-31,USIM3,8.75
2023-02-01,USIM3,8.67
2023-02-02,USIM3,8.38
2023-02-03,USIM3,8.19
2023-02-06,USIM3,7.98
2023-02-07,USIM3,8.02
2023-02-08,USIM3,8.02
2023-02-09,USIM3,7.84
2023-02-10,USIM3,7.66
2023-02-13,USIM3,7.79
2023-02-14,USIM3,7.54
2023-02-15,USIM3,7.61
2023-02-16,USIM3,7.65
2023-02-17,USIM3,7.69
2023-02-22,USIM3,7.58
2023-02-23,USIM3,7.38
2023-02-24,USIM3,7.21
2023-02-27,USIM3,7.21
2023-02-28,USIM3,7.29
2023-03-01,USIM3,7.55
2023-03-02,USIM3,7.41
2023-03-03,USIM3,7.47
2023-03-06,USIM3,7.57
2023-03-07,USIM3,7.33
2023-03-08,USIM3,7.59
2023-03-09,USIM3,7.42
2023-03-10,USIM3,7.28
2023-03-13,USIM3,7.29
2023-03-14,USIM3,7.4
2023-03-15,USIM3,7.15
2023-03-16,USIM3,7.25
2023-03-17,USIM3,7.59
2023-03-20,USIM3,7.5
2023-03-21,USIM3,7.35
2023-03-22,USIM3,7.4
2023-03-23,USIM3,7.12
2023-03-24,USIM3,7.21
2023-03-27,USIM3,7.2
2023-03-28,USIM3,7.35
2023-03-29,USIM3,7.39
2023-03-30,USIM3,7.97
2023-03-31,USIM3,7.97
2023-04-03,USIM3,7.78
2023-04-04,USIM3,7.63
2023-04-05,USIM3,7.57
2023-04-06,USIM3,7.49
2023-04-10,USIM3,7.73
2023-04-11,USIM3,8.15
2023-04-12,USIM3,8.1
2023-04-13,USIM3,8.12
2023-04-14,USIM3,7.97
2023-04-17,USIM3,7.87
2023-04-18,USIM3,7.91
2023-04-19,USIM3,7.6
2023-04-20,USIM3,7.4
2023-04-24,USIM3,7.23
2023-04-25,USIM3,7.1
2023-04-26,USIM3,7.07
2023-04-27,USIM3,7.25
2023-04-28,USIM3,7.05
2023-05-02,USIM3,6.99
2023-05-03,USIM3,6.98
2023-05-04,USIM3,6.9
2023-05-05,USIM3,7.19
2023-05-08,USIM3,7.2
2023-05-09,USIM3,7.35
2023-05-10,USIM3,7.3
2023-05-11,USIM3,7.2
2023-05-12,USIM3,7.23
2023-05-15,USIM3,7.3
2023-05-16,USIM3,7.17
2023-05-17,USIM3,7.4
2023-05-18,USIM3,7.43
2023-05-19,USIM3,7.55
2023-05-22,USIM3,7.52
2023-05-23,USIM3,7.24
2023-05-24,USIM3,7.15
2023-05-25,USIM3,7.17
2023-05-26,USIM3,7.14
2023-05-29,USIM3,7.11
2023-05-30,USIM3,6.97
2023-05-31,USIM3,7.05
2023-06-01,USIM3,7.11
2023-06-02,USIM3,7.21
2023-06-05,USIM3,7.24
2023-06-06,USIM3,7.28
2023-06-07,USIM3,7.25
2023-06-09,USIM3,7.38
2023-06-12,USIM3,7.39
2023-06-13,USIM3,7.3
2023-06-14,USIM3,7.41
2023-06-15,USIM3,7.44
2023-06-16,USIM3,7.5
2023-06-19,USIM3,7.58
2023-06-20,USIM3,7.5
2023-06-21,USIM3,7.46
2023-06-22,USIM3,7.38
2023-06-23,USIM3,7.38
2023-06-26,USIM3,7.39
2023-06-27,USIM3,7.31
2023-06-28,USIM3,7.25
2023-06-29,USIM3,7.34
2023-06-30,USIM3,7.29
2023-07-03,USIM3,7.36
2023-07-04,USIM3,7.42
2023-07-05,USIM3,7.5
2023-07-06,USIM3,7.4
2023-07-07,USIM3,7.6
2023-07-10,USIM3,7.47
2023-07-11,USIM3,7.45
2023-07-12,USIM3,7.36
2023-07-13,USIM3,7.55
2023-07-14,USIM3,7.55
2023-07-17,USIM3,7.47
2023-07-18,USIM3,7.42
2023-07-19,USIM3,7.26
2023-07-20,USIM3,7.31
2023-07-21,USIM3,7.25
2023-07-24,USIM3,7.38
2023-07-25,USIM3,7.63
2023-07-26,USIM3,7.59
2023-07-27,USIM3,7.68
2023-07-28,USIM3,7.2
2023-07-31,USIM3,7.34
2023-08-01,USIM3,7.32
2023-08-02,USIM3,7.34
2023-08-03,USIM3,7.25
2023-08-04,USIM3,7.24
2023-08-07,USIM3,7.19
2023-08-08,USIM3,7.13
2023-08-09,USIM3,7.16
2023-08-10,USIM3,7.13
2023-08-11,USIM3,7.13
2023-08-14,USIM3,7.04
2023-08-15,USIM3,7.03
2023-08-16,USIM3,7.01
2023-08-17,USIM3,6.99
2023-08-18,USIM3,7.05
2023-08-21,USIM3,6.95
2023-08-22,USIM3,7.07
2023-08-23,USIM3,7.02
2023-08-24,USIM3,7.01
2023-08-25,USIM3,6.95
2023-08-28,USIM3,7.01
2023-08-29,USIM3,7.05
2023-08-30,USIM3,7.08
2023-08-31,USIM3,6.96
2023-09-01,USIM3,7.05
2023-09-04,USIM3,7.19
2023-09-05,USIM3,7.08
2023-09-06,USIM3,7.12
2023-09-08,USIM3,6.96
2023-09-11,USIM3,7.03
2023-09-12,USIM3,6.93
2023-09-13,USIM3,6.92
2023-09-14,USIM3,7.0
2023-09-15,USIM3,7.24
2023-09-18,USIM3,7.07
2023-09-19,USIM3,6.95
2023-09-20,USIM3,6.94
2023-09-21,USIM3,6.79
2023-09-22,USIM3,6.8
2023-09-25,USIM3,6.74
2023-09-26,USIM3,6.65
2023-09-27,USIM3,6.7
2023-09-28,USIM3,6.77
2023-09-29,USIM3,6.94
2023-10-02,USIM3,6.77
2023-10-03,USIM3,6.67
2023-10-04,USIM3,6.63
2023-10-05,USIM3,6.53
2023-10-06,USIM3,6.5
2023-10-09,USIM3,6.45
2023-10-10,USIM3,6.55
2023-10-11,USIM3,6.49
2023-10-13,USIM3,6.48
2023-10-16,USIM3,6.47
2023-10-17,USIM3,6.38
2023-10-18,USIM3,6.3
2023-10-19,USIM3,6.26
2023-10-20,USIM3,6.19
2023-10-23,USIM3,6.13
2023-10-24,USIM3,6.18
2023-10-25,USIM3,5.99
2023-10-26,USIM3,6.14
2023-10-27,USIM3,6.3
2023-10-30,USIM3,6.56
2023-10-31,USIM3,6.64
2023-11-01,USIM3,6.73
2023-11-03,USIM3,6.88
2023-11-06,USIM3,6.75
2023-11-07,USIM3,6.85
2023-11-08,USIM3,6.83
2023-11-09,USIM3,6.59
2023-11-10,USIM3,6.8
2023-11-13,USIM3,6.79
2023-11-14,USIM3,6.96
2023-11-16,USIM3,7.52
2023-11-17,USIM3,7.45
2023-11-20,USIM3,7.63
2023-11-21,USIM3,7.57
2023-11-22,USIM3,7.75
2023-11-23,USIM3,7.62
2023-11-24,USIM3,7.44
2023-11-27,USIM3,7.85
2023-11-28,USIM3,7.85
2023-11-29,USIM3,7.67
2023-11-30,USIM3,7.81
2023-12-01,USIM3,8.04
2023-12-04,USIM3,7.9
2023-12-05,USIM3,7.84
2023-12-06,USIM3,7.89
2023-12-07,USIM3,7.91
2023-12-08,USIM3,7.99
2023-12-11,USIM3,8.04
2023-12-12,USIM3,8.03
2023-12-13,USIM3,8.15
2023-12-14,USIM3,8.26
2023-12-15,USIM3,8.35
2023-12-18,USIM3,8.38
2023-12-19,USIM3,8.44
2023-12-20,USIM3,8.47
2023-12-21,USIM3,8.95
2023-12-22,USIM3,9.06
2023-12-26,USIM3,9.15
2023-12-27,USIM3,9.17
2023-12-28,USIM3,9.2
2024-01-02,USIM3,9.07
2024-01-03,USIM3,9.01
2024-01-04,USIM3,8.8
2024-01-05,USIM3,8.79
2024-01-08,USIM3,8.63
2024-01-09,USIM3,8.29
2024-01-10,USIM3,8.1
2024-01-11,USIM3,8.18
2024-01-12,USIM3,8.11
2024-01-15,USIM3,8.2
2024-01-16,USIM3,8.05
2024-01-17,USIM3,7.92
2024-01-18,USIM3,8.14
2024-01-19,USIM3,8.18
2024-01-22,USIM3,8.1
2024-01-23,USIM3,8.23
2024-01-24,USIM3,8.54
2024-01-25,USIM3,8.64
2024-01-26,USIM3,9.02
2024-01-29,USIM3,8.81
2024-01-30,USIM3,8.58
2024-01-31,USIM3,8.7
2024-02-01,USIM3,8.74
2024-02-02,USIM3,8.68
2024-02-05,USIM3,8.63
2024-02-06,USIM3,8.77
2024-02-07,USIM3,8.87
2024-02-08,USIM3,8.99
2024-02-09,USIM3,8.94
2024-02-14,USIM3,9.01
2024-02-15,USIM3,9.55
2024-02-16,USIM3,9.95
2024-02-19,USIM3,9.9
2024-02-20,USIM3,10.23
2024-02-21,USIM3,10.19
2024-02-22,USIM3,10.44
2024-02-23,USIM3,10.5
2024-02-26,USIM3,10.51
2024-02-27,USIM3,10.7
2024-02-28,USIM3,10.78
2024-02-29,USIM3,10.8
2024-03-01,USIM3,10.86
2024-03-04,USIM3,10.36
2024-03-05,USIM3,10.2
2024-03-06,USIM3,10.3
2024-03-07,USIM3,10.19
2024-03-08,USIM3,10.41
2024-03-11,USIM3,9.95
2024-03-12,USIM3,9.73
2024-03-13,USIM3,9.35
2024-03-14,USIM3,9.33
2024-03-15,USIM3,9.37
2024-03-18,USIM3,9.36
2024-03-19,USIM3,9.59
2024-03-20,USIM3,9.7
2024-03-21,USIM3,9.67
2024-03-22,USIM3,9.59
2024-03-25,USIM3,9.36
2024-03-26,USIM3,9.31
2024-03-27,USIM3,9.47
2024-03-28,USIM3,9.37
2024-04-01,USIM3,9.52
2024-04-02,USIM3,9.56
2024-04-03,USIM3,9.56
2024-04-04,USIM3,9.52
2024-04-05,USIM3,9.27
2024-04-08,USIM3,9.84
2024-04-09,USIM3,9.93
2024-04-10,USIM3,9.62
2024-04-11,USIM3,9.54
2024-04-12,USIM3,9.46
2024-04-15,USIM3,9.5
2024-04-16,USIM3,9.31
2024-04-17,USIM3,9.2
2024-04-18,USIM3,9.21
2024-04-19,USIM3,9.51
2024-04-22,USIM3,9.65
2024-04-23,USIM3,8.35
2024-04-24,USIM3,8.09
2024-04-25,USIM3,7.99
2024-04-26,USIM3,7.61
2024-04-29,USIM3,7.65
2024-04-30,USIM3,7.48
2024-05-02,USIM3,7.51
2024-05-03,USIM3,7.66
2024-05-06,USIM3,7.55
2024-05-07,USIM3,7.54
2024-05-08,USIM3,7.58
2024-05-09,USIM3,7.5
2024-05-10,USIM3,7.43
2024-05-13,USIM3,7.47
2024-05-14,USIM3,7.33
2024-05-15,USIM3,7.36
2024-05-16,USIM3,7.42
2024-05-17,USIM3,7.35
2024-05-20,USIM3,7.53
2024-05-21,USIM3,7.68
2024-05-22,USIM3,7.5
2024-05-23,USIM3,7.39
2024-05-24,USIM3,7.29
2024-05-27,USIM3,7.38
2024-05-28,USIM3,7.31
2024-05-29,USIM3,7.15
2024-05-31,USIM3,6.98
2024-06-03,USIM3,6.97
2024-06-04,USIM3,6.89
2024-06-05,USIM3,6.78
2024-06-06,USIM3,6.83
2024-06-07,USIM3,6.63
2024-06-10,USIM3,6.52
2024-06-11,USIM3,6.59
2024-06-12,USIM3,6.51
2024-06-13,USIM3,6.6
2024-06-14,USIM3,6.71
2024-06-17,USIM3,6.66
2024-06-18,USIM3,7.0
2024-06-19,USIM3,7.02
2024-06-20,USIM3,7.21
2024-06-21,USIM3,7.17
2024-06-24,USIM3,7.4
2024-06-25,USIM3,7.33
2024-06-26,USIM3,7.49
2024-06-27,USIM3,7.7
2024-06-28,USIM3,7.63
2024-07-01,USIM3,7.46
2024-07-02,USIM3,7.55
2024-07-03,USIM3,7.69
2024-07-04,USIM3,7.68
2024-07-05,USIM3,7.71
2024-07-08,USIM3,7.5
2024-07-09,USIM3,7.59
2024-07-10,USIM3,7.45
2024-07-11,USIM3,7.62
2024-07-12,USIM3,7.64
2024-07-15,USIM3,7.71
2024-07-16,USIM3,7.59
2024-07-17,USIM3,7.98
2024-07-18,USIM3,7.79
2024-07-19,USIM3,7.96
2024-07-22,USIM3,8.01
2024-07-23,USIM3,7.7
2024-07-24,USIM3,7.56
2024-07-25,USIM3,7.63
2024-07-26,USIM3,6.05
2024-07-29,USIM3,5.76
2024-07-30,USIM3,6.04
2024-07-31,USIM3,6.04
2024-08-01,USIM3,5.89
2024-08-02,USIM3,5.88
2024-08-05,USIM3,5.72
2024-08-06,USIM3,5.64
2024-08-07,USIM3,5.6
2024-08-08,USIM3,5.8
2024-08-09,USIM3,5.85
2024-08-12,USIM3,5.92
2024-08-13,USIM3,6.09
2024-08-14,USIM3,5.94
2024-08-15,USIM3,6.08
2024-08-16,USIM3,5.98
2024-08-19,USIM3,6.44
2024-08-20,USIM3,6.31
2024-08-21,USIM3,6.5
2024-08-22,USIM3,6.2
2024-08-23,USIM3,6.41
2024-08-26,USIM3,6.46
2024-08-27,USIM3,6.33
2024-08-28,USIM3,6.05
2024-08-29,USIM3,6.01
2024-08-30,USIM3,6.09
2024-09-02,USIM3,6.07
2024-09-03,USIM3,5.85
2024-09-04,USIM3,6.04
2024-09-05,USIM3,6.01
2024-09-06,USIM3,5.87
2024-09-09,USIM3,5.82
2024-09-10,USIM3,5.76
2024-09-11,USIM3,5.9
2024-09-12,USIM3,5.86
2024-09-13,USIM3,6.06
2024-09-16,USIM3,6.0
2024-09-17,USIM3,5.98
2024-09-18,USIM3,6.1
2024-09-19,USIM3,6.07
2024-09-20,USIM3,5.75
2024-09-23,USIM3,5.53
2024-09-24,USIM3,5.88
2024-09-25,USIM3,5.82
2024-09-26,USIM3,6.11
2024-09-27,USIM3,6.01
2024-09-30,USIM3,6.01
2024-10-01,USIM3,6.02
2024-10-02,USIM3,6.14
2024-10-03,USIM3,5.97
2024-10-04,USIM3,6.09
2024-10-07,USIM3,6.05
2024-10-08,USIM3,5.91
2024-10-09,USIM3,6.12
2024-10-10,USIM3,6.07
2024-10-11,USIM3,6.08
2024-10-14,USIM3,6.2
2024-10-15,USIM3,6.01
2024-10-16,USIM3,6.02
2024-10-17,USIM3,5.98
2024-10-18,USIM3,6.06
2024-10-21,USIM3,6.1
2024-10-22,USIM3,6.05
2024-10-23,USIM3,6.08
2024-10-24,USIM3,6.13
2024-10-25,USIM3,6.46
2024-10-28,USIM3,6.46
2024-10-29,USIM3,6.25
2024-10-30,USIM3,6.33
2024-10-31,USIM3,6.37
2024-11-01,USIM3,6.08
2024-11-04,USIM3,6.39
2024-11-05,USIM3,6.48
2024-11-06,USIM3,6.54
2024-11-07,USIM3,6.5
2024-11-08,USIM3,6.18
2024-11-11,USIM3,6.0
2024-11-12,USIM3,5.93
2024-11-13,USIM3,5.99
2024-11-14,USIM3,5.95
2024-11-18,USIM3,6.13
2024-11-19,USIM3,6.12
2024-11-21,USIM3,5.93
2024-11-22,USIM3,6.14
2024-11-25,USIM3,6.18
2024-11-26,USIM3,6.19
2024-11-27,USIM3,6.25
2024-11-28,USIM3,5.91
2024-11-29,USIM3,6.11
2024-12-02,USIM3,6.08
2024-12-03,USIM3,6.06
2024-12-04,USIM3,6.03
2024-12-05,USIM3,6.02
2024-12-06,USIM3,5.9
2024-12-09,USIM3,5.96
2024-12-10,USIM3,6.04
2024-12-11,USIM3,6.08
2024-12-12,USIM3,5.95
2024-12-13,USIM3,5.85
2024-12-16,USIM3,5.75
2024-12-17,USIM3,5.7
2024-12-18,USIM3,5.51
2024-12-19,USIM3,5.56
2024-12-20,USIM3,5.42
2024-12-23,USIM3,5.3
2024-12-26,USIM3,5.29
2024-12-27,USIM3,5.25
2024-12-30,USIM3,5.32
2025-01-02,USIM3,5.16
2025-01-03,USIM3,4.98
2025-01-06,USIM3,5.1
2025-01-07,USIM3,5.11
2025-01-08,USIM3,4.91
2025-01-09,USIM3,4.86
2025-01-10,USIM3,4.81
2025-01-13,USIM3,4.84
2025-01-14,USIM3,4.79
2025-01-15,USIM3,5.08
2025-01-16,USIM3,4.9
2025-01-17,USIM3,5.1
2025-01-20,USIM3,5.05
2025-01-21,USIM3,5.3
2025-01-22,USIM3,5.2
2025-01-23,USIM3,5.13
2025-01-24,USIM3,5.31
2025-01-27,USIM3,5.35
2025-01-28,USIM3,5.22
2025-01-29,USIM3,5.31
2025-01-30,USIM3,5.55
2025-01-31,USIM3,5.44
2025-02-03,USIM3,5.41
2025-02-04,USIM3,5.31
2025-02-05,USIM3,5.31
2025-02-06,USIM3,5.49
2025-02-07,USIM3,5.5
2025-02-10,USIM3,5.63
2025-02-11,USIM3,5.82
2025-02-12,USIM3,5.52
2025-02-13,USIM3,5.69
2025-02-14,USIM3,5.9
2025-02-17,USIM3,5.94
2025-02-18,USIM3,6.03
2025-02-19,USIM3,6.05
2025-02-20,USIM3,6.03
2025-02-21,USIM3,5.9
2025-02-24,USIM3,5.75
2025-02-25,USIM3,5.75
2025-02-26,USIM3,5.83
2025-02-27,USIM3,5.85
2025-02-28,USIM3,5.66
2025-03-05,USIM3,5.73
2025-03-06,USIM3,5.78
2025-03-07,USIM3,5.92
2025-03-10,USIM3,5.93
2025-03-11,USIM3,5.84
2025-03-12,USIM3,5.91
2025-03-13,USIM3,5.75
2025-03-14,USIM3,5.85
2025-03-17,USIM3,5.87
2025-03-18,USIM3,5.86
2025-03-19,USIM3,5.94
2025-03-20,USIM3,5.86
2025-03-21,USIM3,5.79
2025-03-24,USIM3,5.86
2025-03-25,USIM3,5.9
2025-03-26,USIM3,5.89
2025-03-27,USIM3,5.97
2025-03-28,USIM3,5.7
2025-03-31,USIM3,5.61
2025-04-01,USIM3,5.88
2025-04-02,USIM3,5.79
2025-04-03,USIM3,5.77
2025-04-04,USIM3,5.31
2025-04-07,USIM3,5.3
2025-04-08,USIM3,5.1
2025-04-09,USIM3,5.46
2025-04-10,USIM3,5.36
2025-04-11,USIM3,5.36
2025-04-14,USIM3,5.56
2025-04-15,USIM3,5.49
2025-04-16,USIM3,5.57
2025-04-17,USIM3,5.65
2025-04-22,USIM3,5.77
2025-04-23,USIM3,6.04
2025-04-24,USIM3,5.75
2025-04-25,USIM3,5.74
2025-04-28,USIM3,5.74
2025-04-29,USIM3,5.7
2025-04-30,USIM3,5.51
2025-05-02,USIM3,5.45
2025-05-05,USIM3,5.38
2025-05-06,USIM3,5.35
2025-05-07,USIM3,5.45
2025-05-08,USIM3,5.51
2025-05-09,USIM3,5.33
2025-05-12,USIM3,5.37
2025-05-13,USIM3,5.45
2025-05-14,USIM3,5.48
2025-05-15,USIM3,5.53
2025-05-16,USIM3,5.45
2025-05-19,USIM3,5.46
2025-05-20,USIM3,5.47
2025-05-21,USIM3,5.26
2025-05-22,USIM3,5.19
2025-05-23,USIM3,5.25
2025-05-26,USIM3,5.24
2025-05-27,USIM3,5.38
2025-05-28,USIM3,5.14
2025-05-29,USIM3,5.19
2025-05-30,USIM3,5.1
2025-06-02,USIM3,5.04
2025-06-03,USIM3,5.13
2025-06-04,USIM3,5.09
2025-06-05,USIM3,5.05
2025-06-06,USIM3,5.13
2025-06-09,USIM3,5.12
2025-06-10,USIM3,5.05
2025-06-11,USIM3,5.06
2025-06-12,USIM3,4.98
2025-06-13,USIM3,4.76
2025-06-16,USIM3,4.91
2025-06-17,USIM3,4.61
2025-06-18,USIM3,4.52
2025-06-20,USIM3,4.44
2025-06-23,USIM3,4.36
2025-06-24,USIM3,4.16
2025-06-25,USIM3,4.0
2025-06-26,USIM3,4.1
2025-06-27,USIM3,4.2
2025-06-30,USIM3,4.14
2025-07-01,USIM3,4.17
2025-07-02,USIM3,4.31
2025-07-03,USIM3,4.43
2025-07-04,USIM3,4.45
2025-07-07,USIM3,4.38
2025-07-08,USIM3,4.36
2025-07-09,USIM3,4.29
2025-07-10,USIM3,4.38
2025-07-11,USIM3,4.43
2025-07-14,USIM3,4.26
2025-07-15,USIM3,4.23
2025-07-16,USIM3,4.11
2025-07-17,USIM3,4.16
2025-07-18,USIM3,4.02
2025-07-21,USIM3,4.1
2025-07-22,USIM3,4.3
2025-07-23,USIM3,4.52
2025-07-24,USIM3,4.35
2025-07-25,USIM3,4.27
2025-07-28,USIM3,4.19
2025-07-29,USIM3,4.22
2025-07-30,USIM3,4.22
2025-07-31,USIM3,4.61
2025-08-01,USIM3,4.59
2025-08-04,USIM3,4.56
2025-08-05,USIM3,4.43
2025-08-06,USIM3,4.6
2025-08-07,USIM3,4.68
2025-08-08,USIM3,4.68
2025-08-11,USIM3,4.56
2025-08-12,USIM3,4.52
2025-08-13,USIM3,4.46
2025-08-14,USIM3,4.19
2025-08-15,USIM3,4.18
2025-08-18,USIM3,4.3
2025-08-19,USIM3,4.29
2025-08-20,USIM3,4.28
2025-08-21,USIM3,4.28
2025-08-22,USIM3,4.34
2025-08-25,USIM3,4.34
2025-08-26,USIM3,4.3
2025-08-27,USIM3,4.37
2025-08-28,USIM3,4.55
2025-08-29,USIM3,4.48
2025-09-01,USIM3,4.42
2025-09-02,USIM3,4.37
2025-09-03,USIM3,4.34
2025-09-04,USIM3,4.47
2025-09-05,USIM3,4.6
2025-09-08,USIM3,4.68
2025-09-09,USIM3,4.57
2025-09-10,USIM3,4.53
2025-09-11,USIM3,4.55
2025-09-12,USIM3,4.53
2025-09-15,USIM3,4.51
2025-09-16,USIM3,4.59
2025-09-17,USIM3,4.6
2025-09-18,USIM3,4.4
2025-09-19,USIM3,4.5
2025-09-22,USIM3,4.5
2025-09-23,USIM3,4.46
2025-09-24,USIM3,4.53
2025-09-25,USIM3,4.54
2025-09-26,USIM3,4.49
2025-09-29,USIM3,4.4
2025-09-30,USIM3,4.21
2025-10-01,USIM3,4.41
2025-10-02,USIM3,4.42
2025-10-03,USIM3,4.41
2025-10-06,USIM3,4.68
2025-10-07,USIM3,4.45
2025-10-08,USIM3,4.4
2025-10-09,USIM3,4.41
2025-10-10,USIM3,4.3
2025-10-13,USIM3,4.48
2025-10-14,USIM3,4.61
2025-10-15,USIM3,4.7
2025-10-16,USIM3,4.72
2025-10-17,USIM3,4.8
2025-10-20,USIM3,4.82
2025-10-21,USIM3,4.93
2025-10-22,USIM3,4.9
2025-10-23,USIM3,4.96
2025-10-24,USIM3,4.89
2025-10-27,USIM3,5.4
2025-10-28,USIM3,5.4
2025-10-29,USIM3,5.4
2025-10-30,USIM3,5.42
2025-10-31,USIM3,5.63
2025-11-03,USIM3,5.42
2025-11-04,USIM3,5.44
2025-11-05,USIM3,5.8
2025-11-06,USIM3,5.44
2025-11-07,USIM3,5.44
2025-11-10,USIM3,5.31
2025-11-11,USIM3,5.32
2025-11-12,USIM3,5.33
2025-11-13,USIM3,5.15
2025-11-14,USIM3,5.2
2025-11-17,USIM3,5.24
2025-11-18,USIM3,5.15
2025-11-19,USIM3,5.11
2025-11-21,USIM3,5.16
2025-11-24,USIM3,5.06
2025-11-25,USIM3,5.38
2025-11-26,USIM3,5.36
2025-11-27,USIM3,5.25
2025-11-28,USIM3,5.28
2025-12-01,USIM3,5.35
2025-12-02,USIM3,5.39
2025-12-03,USIM3,5.71
2025-12-04,USIM3,5.78
2025-12-05,USIM3,5.59
2025-12-08,USIM3,5.64
2025-12-09,USIM3,5.86
2025-12-10,USIM3,6.09
2025-12-11,USIM3,5.81
2025-12-12,USIM3,5.83
2025-12-15,USIM3,5.9
2025-12-16,USIM3,5.84
2025-12-17,USIM3,5.88
2025-12-18,USIM3,5.85
2025-12-19,USIM3,5.81
2025-12-22,USIM3,5.81
2025-12-23,USIM3,5.93
2025-12-26,USIM3,5.9
2025-12-29,USIM3,5.88
2025-12-30,USIM3,5.96
2026-01-02,USIM3,5.97
2026-01-05,USIM3,6.09
2026-01-06,USIM3,6.37
2026-01-07,USIM3,6.47
2026-01-08,USIM3,6.59
2026-01-09,USIM3,6.49
2026-01-12,USIM3,6.58
2026-01-13,USIM3,6.65
2026-01-14,USIM3,6.79
2026-01-15,USIM3,6.55
2026-01-16,USIM3,6.28
2026-01-19,USIM3,6.35
2026-01-20,USIM3,6.09
2026-01-21,USIM3,6.23
2026-01-22,USIM3,6.3
2026-01-23,USIM3,6.55
2026-01-26,USIM3,6.35
2026-01-27,USIM3,6.51
2026-01-28,USIM3,7.0
2026-01-29,USIM3,6.61
2026-01-30,USIM3,6.25
2026-02-02,USIM3,6.47
2026-02-03,USIM3,6.56
2026-02-04,USIM3,6.52
2026-02-05,USIM3,6.32
2026-02-06,USIM3,6.17
2026-02-09,USIM3,6.19
2026-02-10,USIM3,6.1
2026-02-11,USIM3,6.26
2026-02-12,USIM3,6.08
2026-02-13,USIM3,6.42
2026-02-18,USIM3,6.32
2026-02-19,USIM3,6.31
2026-02-20,USIM3,6.28
2026-02-23,USIM3,6.44
2026-02-24,USIM3,6.54
2026-02-25,USIM3,6.84
2026-02-26,USIM3,6.99
2026-02-27,USIM3,7.06
2026-03-02,USIM3,6.93
2026-03-03,USIM3,6.72
2026-03-04,USIM3,6.86
2026-03-05,USIM3,6.7
2026-03-06,USIM3,6.56
2026-03-09,USIM3,6.65
2026-03-10,USIM3,6.77
2026-03-11,USIM3,6.55
2026-03-12,USIM3,6.42
2026-03-13,USIM3,6.38
2026-03-16,USIM3,6.38
2026-03-17,USIM3,6.58
2026-03-18,USIM3,6.5
2026-03-19,USIM3,6.41
2026-03-20,USIM3,6.2
2026-03-23,USIM3,6.64
2026-03-24,USIM3,6.67
2026-03-25,USIM3,6.77
2026-03-26,USIM3,6.74
2026-03-27,USIM3,6.59
2026-03-30,USIM3,6.6
2026-03-31,USIM3,6.66
2026-04-01,USIM3,6.7
2026-04-02,USIM3,6.69
2026-04-06,USIM3,6.71
2026-04-07,USIM3,6.78
2026-04-08,USIM3,7.14
2026-04-09,USIM3,7.6
2026-04-10,USIM3,7.09
2026-04-13,USIM3,6.87
2026-04-14,USIM3,6.91
2026-04-15,USIM3,6.81
2026-04-16,USIM3,6.83
2026-04-17,USIM3,7.0
2026-04-20,USIM3,7.13
2026-04-22,USIM3,7.15
2026-04-23,USIM3,7.22
2026-04-24,USIM3,7.54
2026-04-27,USIM3,7.97
2026-04-28,USIM3,8.0
2026-04-29,USIM3,7.84
2026-04-30,USIM3,8.05
2026-05-04,USIM3,7.97
2026-05-05,USIM3,8.28
2026-05-06,USIM3,8.33
2026-05-07,USIM3,8.44
2026-05-08,USIM3,8.75
2026-05-11,USIM3,8.74
2026-05-12,USIM3,8.5
2026-05-13,USIM3,8.7
2026-05-14,USIM3,9.32
2026-05-15,USIM3,8.58
2026-05-18,USIM3,8.53
2026-05-19,USIM3,8.54
2026-05-20,USIM3,9.03
2026-05-21,USIM3,9.17
2026-05-22,USIM3,9.66
2026-05-25,USIM3,9.34
2026-05-26,USIM3,9.03
2026-05-27,USIM3,9.56
2026-05-28,USIM3,9.8
2026-05-29,USIM3,10.07
2026-06-01,USIM3,10.13
2026-06-02,USIM3,10.87
2026-06-03,USIM3,10.1
2026-06-05,USIM3,9.8
2026-06-08,USIM3,9.81
2026-06-09,USIM3,9.71
2026-06-10,USIM3,9.58
2026-06-11,USIM3,9.61
2026-06-12,USIM3,9.69
2026-06-15,USIM3,9.78
2026-06-16,USIM3,9.1
2026-06-17,USIM3,8.67
2026-06-18,USIM3,8.23
2026-06-19,USIM3,8.41
2026-06-22,USIM3,8.31
2026-06-23,USIM3,7.88
2026-06-24,USIM3,7.85
2026-06-25,USIM3,7.7
2026-06-26,USIM3,7.58
2026-06-29,USIM3,7.68
2026-06-30,USIM3,7.64
2026-07-01,USIM3,7.8
2026-07-02,USIM3,7.73
2026-07-03,USIM3,7.95
2026-07-06,USIM3,7.91
2026-07-07,USIM3,7.61
2026-07-08,USIM3,7.55
2026-07-09,USIM3,7.5
2026-07-10,USIM3,7.62
2026-07-13,USIM3,7.59
2026-07-14,USIM3,7.49
2026-07-15,USIM3,7.37
2026-07-16,USIM3,7.14
2026-07-17,USIM3,7.39
2026-07-20,USIM3,7.33
2026-07-21,USIM3,7.54
2026-07-22,USIM3,7.75
2026-07-23,USIM3,7.54
2026-07-24,USIM3,7.58
2026-07-27,USIM3,7.7
2026-07-28,USIM3,7.67
2026-07-29,USIM3,7.31
2026-07-30,USIM3,6.68
2026-07-31,USIM3,6.5
2026-08-03,USIM3,6.7
2026-08-04,USIM3,6.65
2026-08-05,USIM3,6.57
2026-08-06,USIM3,6.28
2026-08-07,USIM3,6.25
2026-08-10,USIM3,6.22
2026-08-11,USIM3,5.92
2026-08-12,USIM3,5.82
2026-08-13,USIM3,5.75
2026-08-14,USIM3,5.59
2026-08-17,USIM3,5.61
2026-08-18,USIM3,5.56
2026-08-19,USIM3,5.52
2026-08-20,USIM3,5.38
2026-08-21,USIM3,5.82
2026-08-24,USIM3,6.87
2026-08-25,USIM3,6.38
2026-08-26,USIM3,6.71
2026-08-27,USIM3,6.65
2026-08-28,USIM3,6.6
2026-08-31,USIM3,6.86
2026-09-01,USIM3,6.98
2026-09-02,USIM3,7.28
2026-09-03,USIM3,7.28
2026-09-04,USIM3,7.12
2026-09-08,USIM3,7.08
2026-09-09,USIM3,7.15
2026-09-10,USIM3,7.08
2026-09-11,USIM3,6.87
2026-09-14,USIM3,6.64
2026-09-15,USIM3,6.8
2026-09-16,USIM3,6.56
2026-09-17,USIM3,6.59
2026-09-18,USIM3,6.48
2026-09-21,USIM3,6.61
2026-09-22,USIM3,6.56
2026-09-23,USIM3,6.55
2026-09-24,USIM3,6.36
2026-09-25,USIM3,6.48
2026-09-28,USIM3,6.55
2026-09-29,USIM3,6.43
2026-09-30,USIM3,6.5
2026-10-01,USIM3,6.61
2026-10-02,USIM3,7.02
2026-10-05,USIM3,6.95
2026-10-06,USIM3,6.93
2026-10-07,USIM3,6.87
2026-10-08,USIM3,6.85
2021-01-04,USIM5,14.94
2021-01-05,USIM5,15.1
2021-01-06,USIM5,15.72
2021-01-07,USIM5,16.59
2021-01-08,USIM5,16.51
2021-01-11,USIM5,16.71
2021-01-12,USIM5,16.48
2021-01-13,USIM5,15.48
2021-01-14,USIM5,15.76
2021-01-15,USIM5,15.02
2021-01-18,USIM5,15.06
2021-01-19,USIM5,14.35
2021-01-20,USIM5,14.11
2021-01-21,USIM5,14.16
2021-01-22,USIM5,14.16
2021-01-26,USIM5,13.52
2021-01-27,USIM5,13.16
2021-01-28,USIM5,13.91
2021-01-29,USIM5,13.2
2021-02-01,USIM5,13.35
2021-02-02,USIM5,13.07
2021-02-03,USIM5,13.02
2021-02-04,USIM5,13.15
2021-02-05,USIM5,13.73
2021-02-08,USIM5,13.88
2021-02-09,USIM5,14.06
2021-02-10,USIM5,13.81
2021-02-11,USIM5,14.14
2021-02-12,USIM5,14.19
2021-02-17,USIM5,15.01
2021-02-18,USIM5,14.83
2021-02-19,USIM5,14.97
2021-02-22,USIM5,14.99
2021-02-23,USIM5,15.74
2021-02-24,USIM5,17.24
2021-02-25,USIM5,16.41
2021-02-26,USIM5,16.24
2021-03-01,USIM5,16.85
2021-03-02,USIM5,17.23
2021-03-03,USIM5,17.32
2021-03-04,USIM5,16.81
2021-03-05,USIM5,17.79
2021-03-08,USIM5,16.99
2021-03-09,USIM5,17.09
2021-03-10,USIM5,16.54
2021-03-11,USIM5,17.28
2021-03-12,USIM5,16.88
2021-03-15,USIM5,17.08
2021-03-16,USIM5,18.54
2021-03-17,USIM5,18.37
2021-03-18,USIM5,17.96
2021-03-19,USIM5,17.78
2021-03-22,USIM5,17.23
2021-03-23,USIM5,16.65
2021-03-24,USIM5,16.42
2021-03-25,USIM5,16.36
2021-03-26,USIM5,16.58
2021-03-29,USIM5,16.67
2021-03-30,USIM5,16.87
2021-03-31,USIM5,17.1
2021-04-01,USIM5,16.61
2021-04-05,USIM5,17.06
2021-04-06,USIM5,17.65
2021-04-07,USIM5,17.9
2021-04-08,USIM5,18.57
2021-04-09,USIM5,19.2
2021-04-12,USIM5,19.41
2021-04-13,USIM5,19.97
2021-04-14,USIM5,20.81
2021-04-15,USIM5,21.0
2021-04-16,USIM5,21.57
2021-04-19,USIM5,21.43
2021-04-20,USIM5,21.08
2021-04-22,USIM5,22.21
2021-04-23,USIM5,22.15
2021-04-26,USIM5,22.94
2021-04-27,USIM5,23.09
2021-04-28,USIM5,22.92
2021-04-29,USIM5,22.92
2021-04-30,USIM5,22.45
2021-05-03,USIM5,21.73
2021-05-04,USIM5,21.92
2021-05-05,USIM5,22.9
2021-05-06,USIM5,23.57
2021-05-07,USIM5,23.14
2021-05-10,USIM5,23.38
2021-05-11,USIM5,23.57
2021-05-12,USIM5,22.36
2021-05-13,USIM5,21.36
2021-05-14,USIM5,20.3
2021-05-17,USIM5,20.62
2021-05-18,USIM5,20.78
2021-05-19,USIM5,20.54
2021-05-20,USIM5,20.28
2021-05-21,USIM5,19.88
2021-05-24,USIM5,20.06
2021-05-25,USIM5,19.44
2021-05-26,USIM5,19.66
2021-05-27,USIM5,19.59
2021-05-28,USIM5,19.6
2021-05-31,USIM5,19.86
2021-06-01,USIM5,20.15
2021-06-02,USIM5,19.59
2021-06-04,USIM5,19.05
2021-06-07,USIM5,18.82
2021-06-08,USIM5,18.38
2021-06-09,USIM5,18.85
2021-06-10,USIM5,18.81
2021-06-11,USIM5,18.92
2021-06-14,USIM5,18.7
2021-06-15,USIM5,18.61
2021-06-16,USIM5,18.13
2021-06-17,USIM5,17.71
2021-06-18,USIM5,18.1
2021-06-21,USIM5,18.16
2021-06-22,USIM5,18.23
2021-06-23,USIM5,18.62
2021-06-24,USIM5,19.1
2021-06-25,USIM5,18.84
2021-06-28,USIM5,18.93
2021-06-29,USIM5,19.15
2021-06-30,USIM5,19.1
2021-07-01,USIM5,19.29
2021-07-02,USIM5,19.53
2021-07-05,USIM5,19.56
2021-07-06,USIM5,19.48
2021-07-07,USIM5,19.77
2021-07-08,USIM5,19.57
2021-07-12,USIM5,20.23
2021-07-13,USIM5,20.5
2021-07-14,USIM5,19.79
2021-07-15,USIM5,19.76
2021-07-16,USIM5,19.33
2021-07-19,USIM5,19.1
2021-07-20,USIM5,19.2
2021-07-21,USIM5,19.68
2021-07-22,USIM5,19.92
2021-07-23,USIM5,20.2
2021-07-26,USIM5,20.92
2021-07-27,USIM5,20.23
2021-07-28,USIM5,20.19
2021-07-29,USIM5,20.84
2021-07-30,USIM5,20.57
2021-08-02,USIM5,20.43
2021-08-03,USIM5,20.45
2021-08-04,USIM5,21.39
2021-08-05,USIM5,21.02
2021-08-06,USIM5,21.59
2021-08-09,USIM5,21.52
2021-08-10,USIM5,22.1
2021-08-11,USIM5,22.03
2021-08-12,USIM5,21.72
2021-08-13,USIM5,21.15
2021-08-16,USIM5,20.03
2021-08-17,USIM5,19.01
2021-08-18,USIM5,18.11
2021-08-19,USIM5,17.08
2021-08-20,USIM5,17.1
2021-08-23,USIM5,16.75
2021-08-24,USIM5,17.94
2021-08-25,USIM5,17.94
2021-08-26,USIM5,17.32
2021-08-27,USIM5,18.5
2021-08-30,USIM5,18.64
2021-08-31,USIM5,18.49
2021-09-01,USIM5,17.0
2021-09-02,USIM5,16.23
2021-09-03,USIM5,16.28
2021-09-06,USIM5,16.54
2021-09-08,USIM5,15.59
2021-09-09,USIM5,15.67
2021-09-10,USIM5,15.31
2021-09-13,USIM5,15.93
2021-09-14,USIM5,15.68
2021-09-15,USIM5,15.54
2021-09-16,USIM5,14.7
2021-09-17,USIM5,13.92
2021-09-20,USIM5,13.72
2021-09-21,USIM5,14.02
2021-09-22,USIM5,15.24
2021-09-23,USIM5,16.65
2021-09-24,USIM5,16.29
2021-09-27,USIM5,15.95
2021-09-28,USIM5,14.79
2021-09-29,USIM5,15.7
2021-09-30,USIM5,16.12
2021-10-01,USIM5,16.87
2021-10-04,USIM5,15.99
2021-10-05,USIM5,15.93
2021-10-06,USIM5,15.78
2021-10-07,USIM5,15.77
2021-10-08,USIM5,16.55
2021-10-11,USIM5,16.53
2021-10-13,USIM5,16.31
2021-10-14,USIM5,16.29
2021-10-15,USIM5,16.58
2021-10-18,USIM5,16.08
2021-10-19,USIM5,15.59
2021-10-20,USIM5,14.97
2021-10-21,USIM5,14.16
2021-10-22,USIM5,14.35
2021-10-25,USIM5,14.68
2021-10-26,USIM5,14.22
2021-10-27,USIM5,14.19
2021-10-28,USIM5,14.33
2021-10-29,USIM5,13.25
2021-11-01,USIM5,13.1
2021-11-03,USIM5,12.37
2021-11-04,USIM5,12.3
2021-11-05,USIM5,12.05
2021-11-08,USIM5,12.6
2021-11-09,USIM5,12.76
2021-11-10,USIM5,12.67
2021-11-11,USIM5,13.46
2021-11-12,USIM5,13.5
2021-11-16,USIM5,13.11
2021-11-17,USIM5,12.81
2021-11-18,USIM5,12.08
2021-11-19,USIM5,12.25
2021-11-22,USIM5,12.61
2021-11-23,USIM5,13.21
2021-11-24,USIM5,13.67
2021-11-25,USIM5,13.82
2021-11-26,USIM5,12.91
2021-11-29,USIM5,13.7
2021-11-30,USIM5,13.59
2021-12-01,USIM5,13.43
2021-12-02,USIM5,14.43
2021-12-03,USIM5,14.23
2021-12-06,USIM5,14.78
2021-12-07,USIM5,14.92
2021-12-08,USIM5,15.05
2021-12-09,USIM5,14.94
2021-12-10,USIM5,15.21
2021-12-13,USIM5,15.39
2021-12-14,USIM5,15.31
2021-12-15,USIM5,15.44
2021-12-16,USIM5,15.75
2021-12-17,USIM5,15.54
2021-12-20,USIM5,14.67
2021-12-21,USIM5,15.12
2021-12-22,USIM5,14.9
2021-12-23,USIM5,14.86
2021-12-27,USIM5,15.04
2021-12-28,USIM5,14.75
2021-12-29,USIM5,14.8
2021-12-30,USIM5,15.16
2022-01-03,USIM5,14.97
2022-01-04,USIM5,14.85
2022-01-05,USIM5,13.99
2022-01-06,USIM5,14.01
2022-01-07,USIM5,14.68
2022-01-10,USIM5,15.38
2022-01-11,USIM5,16.31
2022-01-12,USIM5,16.44
2022-01-13,USIM5,16.37
2022-01-14,USIM5,16.45
2022-01-17,USIM5,16.23
2022-01-18,USIM5,16.54
2022-01-19,USIM5,16.75
2022-01-20,USIM5,16.57
2022-01-21,USIM5,15.86
2022-01-24,USIM5,16.24
2022-01-25,USIM5,16.16
2022-01-26,USIM5,16.34
2022-01-27,USIM5,16.26
2022-01-28,USIM5,16.01
2022-01-31,USIM5,15.97
2022-02-01,USIM5,16.59
2022-02-02,USIM5,16.63
2022-02-03,USIM5,16.2
2022-02-04,USIM5,16.32
2022-02-07,USIM5,16.85
2022-02-08,USIM5,16.81
2022-02-09,USIM5,16.95
2022-02-10,USIM5,16.78
2022-02-11,USIM5,15.53
2022-02-14,USIM5,15.68
2022-02-15,USIM5,15.59
2022-02-16,USIM5,15.49
2022-02-17,USIM5,14.86
2022-02-18,USIM5,14.75
2022-02-21,USIM5,14.48
2022-02-22,USIM5,14.72
2022-02-23,USIM5,14.26
2022-02-24,USIM5,14.25
2022-02-25,USIM5,14.71
2022-03-02,USIM5,15.37
2022-03-03,USIM5,15.93
2022-03-04,USIM5,15.83
2022-03-07,USIM5,15.31
2022-03-08,USIM5,15.15
2022-03-09,USIM5,15.21
2022-03-10,USIM5,15.4
2022-03-11,USIM5,14.74
2022-03-14,USIM5,13.97
2022-03-15,USIM5,13.37
2022-03-16,USIM5,13.66
2022-03-17,USIM5,14.29
2022-03-18,USIM5,14.6
2022-03-21,USIM5,14.65
2022-03-22,USIM5,14.51
2022-03-23,USIM5,14.29
2022-03-24,USIM5,14.38
2022-03-25,USIM5,13.93
2022-03-28,USIM5,14.01
2022-03-29,USIM5,14.24
2022-03-30,USIM5,14.35
2022-03-31,USIM5,13.97
2022-04-01,USIM5,13.77
2022-04-04,USIM5,14.04
2022-04-05,USIM5,13.7
2022-04-06,USIM5,13.56
2022-04-07,USIM5,13.54
2022-04-08,USIM5,13.05
2022-04-11,USIM5,12.95
2022-04-12,USIM5,13.03
2022-04-13,USIM5,12.98
2022-04-14,USIM5,12.92
2022-04-18,USIM5,12.85
2022-04-19,USIM5,13.1
2022-04-20,USIM5,12.27
2022-04-22,USIM5,11.94
2022-04-25,USIM5,12.17
2022-04-26,USIM5,11.67
2022-04-27,USIM5,11.8
2022-04-28,USIM5,12.28
2022-04-29,USIM5,11.31
2022-05-02,USIM5,11.2
2022-05-03,USIM5,11.31
2022-05-04,USIM5,11.51
2022-05-05,USIM5,11.09
2022-05-06,USIM5,10.97
2022-05-09,USIM5,10.77
2022-05-10,USIM5,10.04
2022-05-11,USIM5,10.36
2022-05-12,USIM5,10.18
2022-05-13,USIM5,10.53
2022-05-16,USIM5,10.93
2022-05-17,USIM5,10.81
2022-05-18,USIM5,10.38
2022-05-19,USIM5,10.91
2022-05-20,USIM5,11.05
2022-05-23,USIM5,11.45
2022-05-24,USIM5,11.44
2022-05-25,USIM5,11.62
2022-05-26,USIM5,11.43
2022-05-27,USIM5,11.27
2022-05-30,USIM5,10.95
2022-05-31,USIM5,10.96
2022-06-01,USIM5,11.26
2022-06-02,USIM5,11.85
2022-06-03,USIM5,11.67
2022-06-06,USIM5,11.42
2022-06-07,USIM5,11.11
2022-06-08,USIM5,10.63
2022-06-09,USIM5,10.12
2022-06-10,USIM5,10.11
2022-06-13,USIM5,9.62
2022-06-14,USIM5,9.37
2022-06-15,USIM5,9.33
2022-06-17,USIM5,8.77
2022-06-20,USIM5,9.01
2022-06-21,USIM5,9.06
2022-06-22,USIM5,9.04
2022-06-23,USIM5,8.71
2022-06-24,USIM5,8.97
2022-06-27,USIM5,9.25
2022-06-28,USIM5,9.12
2022-06-29,USIM5,9.01
2022-06-30,USIM5,8.65
2022-07-01,USIM5,8.55
2022-07-04,USIM5,8.51
2022-07-05,USIM5,8.55
2022-07-06,USIM5,8.67
2022-07-07,USIM5,8.87
2022-07-08,USIM5,8.61
2022-07-11,USIM5,8.39
2022-07-12,USIM5,8.33
2022-07-13,USIM5,8.35
2022-07-14,USIM5,8.05
2022-07-15,USIM5,8.38
2022-07-18,USIM5,8.47
2022-07-19,USIM5,8.75
2022-07-20,USIM5,8.99
2022-07-21,USIM5,9.05
2022-07-22,USIM5,8.91
2022-07-25,USIM5,8.98
2022-07-26,USIM5,8.79
2022-07-27,USIM5,8.88
2022-07-28,USIM5,9.04
2022-07-29,USIM5,8.61
2022-08-01,USIM5,8.2
2022-08-02,USIM5,8.44
2022-08-03,USIM5,8.44
2022-08-04,USIM5,8.92
2022-08-05,USIM5,8.76
2022-08-08,USIM5,8.79
2022-08-09,USIM5,8.97
2022-08-10,USIM5,9.11
2022-08-11,USIM5,9.35
2022-08-12,USIM5,9.51
2022-08-15,USIM5,9.28
2022-08-16,USIM5,9.25
2022-08-17,USIM5,9.37
2022-08-18,USIM5,9.19
2022-08-19,USIM5,9.05
2022-08-22,USIM5,8.85
2022-08-23,USIM5,9.71
2022-08-24,USIM5,9.36
2022-08-25,USIM5,9.29
2022-08-26,USIM5,8.67
2022-08-29,USIM5,8.22
2022-08-30,USIM5,8.05
2022-08-31,USIM5,8.02
2022-09-01,USIM5,8.16
2022-09-02,USIM5,8.27
2022-09-05,USIM5,8.33
2022-09-06,USIM5,8.12
2022-09-08,USIM5,8.09
2022-09-09,USIM5,8.4
2022-09-12,USIM5,8.54
2022-09-13,USIM5,8.19
2022-09-14,USIM5,7.93
2022-09-15,USIM5,7.78
2022-09-16,USIM5,7.65
2022-09-19,USIM5,8.05
2022-09-20,USIM5,7.83
2022-09-21,USIM5,7.73
2022-09-22,USIM5,7.79
2022-09-23,USIM5,7.61
2022-09-26,USIM5,7.26
2022-09-27,USIM5,7.2
2022-09-28,USIM5,7.19
2022-09-29,USIM5,7.0
2022-09-30,USIM5,7.52
2022-10-03,USIM5,7.72
2022-10-04,USIM5,7.9
2022-10-05,USIM5,7.89
2022-10-06,USIM5,7.88
2022-10-07,USIM5,7.68
2022-10-10,USIM5,7.65
2022-10-11,USIM5,7.74
2022-10-13,USIM5,7.68
2022-10-14,USIM5,7.39
2022-10-17,USIM5,7.3
2022-10-18,USIM5,7.5
2022-10-19,USIM5,7.35
2022-10-20,USIM5,7.57
2022-10-21,USIM5,7.81
2022-10-24,USIM5,7.59
2022-10-25,USIM5,7.63
2022-10-26,USIM5,7.45
2022-10-27,USIM5,7.67
2022-10-28,USIM5,7.35
2022-10-31,USIM5,7.23
2022-11-01,USIM5,7.51
2022-11-03,USIM5,7.45
2022-11-04,USIM5,8.02
2022-11-07,USIM5,7.62
2022-11-08,USIM5,7.74
2022-11-09,USIM5,7.6
2022-11-10,USIM5,7.28
2022-11-11,USIM5,8.05
2022-11-14,USIM5,7.83
2022-11-16,USIM5,7.86
2022-11-17,USIM5,7.91
2022-11-18,USIM5,7.58
2022-11-21,USIM5,7.4
2022-11-22,USIM5,7.69
2022-11-23,USIM5,7.67
2022-11-24,USIM5,7.8
2022-11-25,USIM5,7.61
2022-11-28,USIM5,7.28
2022-11-29,USIM5,7.72
2022-11-30,USIM5,7.82
2022-12-01,USIM5,7.47
2022-12-02,USIM5,7.51
2022-12-05,USIM5,7.59
2022-12-06,USIM5,7.85
2022-12-07,USIM5,7.86
2022-12-08,USIM5,7.57
2022-12-09,USIM5,7.82
2022-12-12,USIM5,7.71
2022-12-13,USIM5,7.45
2022-12-14,USIM5,7.86
2022-12-15,USIM5,7.53
2022-12-16,USIM5,7.35
2022-12-19,USIM5,6.9
2022-12-20,USIM5,7.05
2022-12-21,USIM5,7.03
2022-12-22,USIM5,7.0
2022-12-23,USIM5,6.92
2022-12-26,USIM5,6.96
2022-12-27,USIM5,7.02
2022-12-28,USIM5,7.16
2022-12-29,USIM5,7.16
2023-01-02,USIM5,7.03
2023-01-03,USIM5,6.95
2023-01-04,USIM5,7.09
2023-01-05,USIM5,7.51
2023-01-06,USIM5,7.59
2023-01-09,USIM5,7.62
2023-01-10,USIM5,7.9
2023-01-11,USIM5,7.85
2023-01-12,USIM5,7.88
2023-01-13,USIM5,7.81
2023-01-16,USIM5,7.74
2023-01-17,USIM5,7.94
2023-01-18,USIM5,8.13
2023-01-19,USIM5,8.07
2023-01-20,USIM5,8.29
2023-01-23,USIM5,8.34
2023-01-24,USIM5,8.27
2023-01-25,USIM5,8.28
2023-01-26,USIM5,8.59
2023-01-27,USIM5,8.47
2023-01-30,USIM5,8.47
2023-01-31,USIM5,8.53
2023-02-01,USIM5,8.41
2023-02-02,USIM5,7.91
2023-02-03,USIM5,7.83
2023-02-06,USIM5,7.67
2023-02-07,USIM5,7.58
2023-02-08,USIM5,7.61
2023-02-09,USIM5,7.43
2023-02-10,USIM5,7.34
2023-02-13,USIM5,7.3
2023-02-14,USIM5,7.12
2023-02-15,USIM5,7.24
2023-02-16,USIM5,7.3
2023-02-17,USIM5,7.28
2023-02-22,USIM5,7.09
2023-02-23,USIM5,7.0
2023-02-24,USIM5,6.83
2023-02-27,USIM5,6.85
2023-02-28,USIM5,6.83
2023-03-01,USIM5,7.17
2023-03-02,USIM5,7.1
2023-03-03,USIM5,7.18
2023-03-06,USIM5,7.12
2023-03-07,USIM5,7.03
2023-03-08,USIM5,7.29
2023-03-09,USIM5,7.12
2023-03-10,USIM5,6.93
2023-03-13,USIM5,6.93
2023-03-14,USIM5,7.01
2023-03-15,USIM5,6.89
2023-03-16,USIM5,6.99
2023-03-17,USIM5,6.94
2023-03-20,USIM5,6.85
2023-03-21,USIM5,6.79
2023-03-22,USIM5,6.8
2023-03-23,USIM5,6.64
2023-03-24,USIM5,6.62
2023-03-27,USIM5,6.62
2023-03-28,USIM5,6.83
2023-03-29,USIM5,6.83
2023-03-30,USIM5,7.31
2023-03-31,USIM5,7.29
2023-04-03,USIM5,7.19
2023-04-04,USIM5,7.16
2023-04-05,USIM5,7.09
2023-04-06,USIM5,7.01
2023-04-10,USIM5,7.24
2023-04-11,USIM5,7.73
2023-04-12,USIM5,7.66
2023-04-13,USIM5,7.65
2023-04-14,USIM5,7.53
2023-04-17,USIM5,7.54
2023-04-18,USIM5,7.61
2023-04-19,USIM5,7.45
2023-04-20,USIM5,7.18
2023-04-24,USIM5,7.12
2023-04-25,USIM5,7.05
2023-04-26,USIM5,7.03
2023-04-27,USIM5,7.12
2023-04-28,USIM5,7.2
2023-05-02,USIM5,7.15
2023-05-03,USIM5,7.2
2023-05-04,USIM5,7.1
2023-05-05,USIM5,7.49
2023-05-08,USIM5,7.54
2023-05-09,USIM5,7.6
2023-05-10,USIM5,7.63
2023-05-11,USIM5,7.44
2023-05-12,USIM5,7.46
2023-05-15,USIM5,7.61
2023-05-16,USIM5,7.47
2023-05-17,USIM5,7.72
2023-05-18,USIM5,7.8
2023-05-19,USIM5,7.99
2023-05-22,USIM5,7.84
2023-05-23,USIM5,7.49
2023-05-24,USIM5,7.39
2023-05-25,USIM5,7.28
2023-05-26,USIM5,7.31
2023-05-29,USIM5,7.28
2023-05-30,USIM5,7.07
2023-05-31,USIM5,7.02
2023-06-01,USIM5,7.16
2023-06-02,USIM5,7.38
2023-06-05,USIM5,7.41
2023-06-06,USIM5,7.39
2023-06-07,USIM5,7.34
2023-06-09,USIM5,7.33
2023-06-12,USIM5,7.31
2023-06-13,USIM5,7.29
2023-06-14,USIM5,7.4
2023-06-15,USIM5,7.4
2023-06-16,USIM5,7.39
2023-06-19,USIM5,7.5
2023-06-20,USIM5,7.39
2023-06-21,USIM5,7.3
2023-06-22,USIM5,7.22
2023-06-23,USIM5,7.23
2023-06-26,USIM5,7.28
2023-06-27,USIM5,7.22
2023-06-28,USIM5,7.12
2023-06-29,USIM5,7.2
2023-06-30,USIM5,7.07
2023-07-03,USIM5,7.25
2023-07-04,USIM5,7.32
2023-07-05,USIM5,7.38
2023-07-06,USIM5,7.37
2023-07-07,USIM5,7.53
2023-07-10,USIM5,7.37
2023-07-11,USIM5,7.34
2023-07-12,USIM5,7.35
2023-07-13,USIM5,7.68
2023-07-14,USIM5,7.5
2023-07-17,USIM5,7.42
2023-07-18,USIM5,7.42
2023-07-19,USIM5,7.21
2023-07-20,USIM5,7.16
2023-07-21,USIM5,7.17
2023-07-24,USIM5,7.35
2023-07-25,USIM5,7.51
2023-07-26,USIM5,7.44
2023-07-27,USIM5,7.49
2023-07-28,USIM5,7.09
2023-07-31,USIM5,7.23
2023-08-01,USIM5,7.18
2023-08-02,USIM5,7.11
2023-08-03,USIM5,7.09
2023-08-04,USIM5,7.09
2023-08-07,USIM5,7.07
2023-08-08,USIM5,7.05
2023-08-09,USIM5,7.0
2023-08-10,USIM5,7.01
2023-08-11,USIM5,6.95
2023-08-14,USIM5,6.91
2023-08-15,USIM5,6.89
2023-08-16,USIM5,6.86
2023-08-17,USIM5,6.86
2023-08-18,USIM5,6.85
2023-08-21,USIM5,6.88
2023-08-22,USIM5,6.93
2023-08-23,USIM5,6.9
2023-08-24,USIM5,6.84
2023-08-25,USIM5,6.8
2023-08-28,USIM5,6.88
2023-08-29,USIM5,6.95
2023-08-30,USIM5,6.96
2023-08-31,USIM5,6.88
2023-09-01,USIM5,6.93
2023-09-04,USIM5,6.99
2023-09-05,USIM5,6.9
2023-09-06,USIM5,6.92
2023-09-08,USIM5,6.83
2023-09-11,USIM5,6.9
2023-09-12,USIM5,6.82
2023-09-13,USIM5,6.8
2023-09-14,USIM5,6.9
2023-09-15,USIM5,6.94
2023-09-18,USIM5,6.8
2023-09-19,USIM5,6.75
2023-09-20,USIM5,6.76
2023-09-21,USIM5,6.58
2023-09-22,USIM5,6.59
2023-09-25,USIM5,6.5
2023-09-26,USIM5,6.47
2023-09-27,USIM5,6.52
2023-09-28,USIM5,6.58
2023-09-29,USIM5,6.64
2023-10-02,USIM5,6.57
2023-10-03,USIM5,6.49
2023-10-04,USIM5,6.42
2023-10-05,USIM5,6.34
2023-10-06,USIM5,6.33
2023-10-09,USIM5,6.26
2023-10-10,USIM5,6.3
2023-10-11,USIM5,6.34
2023-10-13,USIM5,6.26
2023-10-16,USIM5,6.27
2023-10-17,USIM5,6.2
2023-10-18,USIM5,6.18
2023-10-19,USIM5,6.1
2023-10-20,USIM5,5.95
2023-10-23,USIM5,5.93
2023-10-24,USIM5,5.97
2023-10-25,USIM5,5.87
2023-10-26,USIM5,5.98
2023-10-27,USIM5,6.23
2023-10-30,USIM5,6.51
2023-10-31,USIM5,6.61
2023-11-01,USIM5,6.74
2023-11-03,USIM5,6.87
2023-11-06,USIM5,6.82
2023-11-07,USIM5,6.81
2023-11-08,USIM5,6.81
2023-11-09,USIM5,6.67
2023-11-10,USIM5,6.81
2023-11-13,USIM5,6.77
2023-11-14,USIM5,7.07
2023-11-16,USIM5,7.58
2023-11-17,USIM5,7.6
2023-11-20,USIM5,7.76
2023-11-21,USIM5,7.78
2023-11-22,USIM5,7.89
2023-11-23,USIM5,7.76
2023-11-24,USIM5,7.7
2023-11-27,USIM5,7.81
2023-11-28,USIM5,7.87
2023-11-29,USIM5,7.75
2023-11-30,USIM5,7.86
2023-12-01,USIM5,8.22
2023-12-04,USIM5,8.29
2023-12-05,USIM5,8.26
2023-12-06,USIM5,8.29
2023-12-07,USIM5,8.37
2023-12-08,USIM5,8.48
2023-12-11,USIM5,8.5
2023-12-12,USIM5,8.5
2023-12-13,USIM5,8.59
2023-12-14,USIM5,8.72
2023-12-15,USIM5,8.83
2023-12-18,USIM5,8.85
2023-12-19,USIM5,8.86
2023-12-20,USIM5,8.8
2023-12-21,USIM5,9.13
2023-12-22,USIM5,9.28
2023-12-26,USIM5,9.32
2023-12-27,USIM5,9.34
2023-12-28,USIM5,9.29
2024-01-02,USIM5,9.13
2024-01-03,USIM5,9.08
2024-01-04,USIM5,8.94
2024-01-05,USIM5,8.92
2024-01-08,USIM5,8.86
2024-01-09,USIM5,8.63
2024-01-10,USIM5,8.4
2024-01-11,USIM5,8.52
2024-01-12,USIM5,8.47
2024-01-15,USIM5,8.54
2024-01-16,USIM5,8.37
2024-01-17,USIM5,8.29
2024-01-18,USIM5,8.52
2024-01-19,USIM5,8.5
2024-01-22,USIM5,8.6
2024-01-23,USIM5,8.64
2024-01-24,USIM5,8.97
2024-01-25,USIM5,9.03
2024-01-26,USIM5,9.5
2024-01-29,USIM5,9.3
2024-01-30,USIM5,9.09
2024-01-31,USIM5,9.19
2024-02-01,USIM5,9.23
2024-02-02,USIM5,9.09
2024-02-05,USIM5,9.09
2024-02-06,USIM5,9.22
2024-02-07,USIM5,9.33
2024-02-08,USIM5,9.4
2024-02-09,USIM5,9.28
2024-02-14,USIM5,9.36
2024-02-15,USIM5,9.88
2024-02-16,USIM5,10.11
2024-02-19,USIM5,10.16
2024-02-20,USIM5,10.33
2024-02-21,USIM5,10.35
2024-02-22,USIM5,10.65
2024-02-23,USIM5,10.7
2024-02-26,USIM5,10.67
2024-02-27,USIM5,10.84
2024-02-28,USIM5,10.95
2024-02-29,USIM5,11.07
2024-03-01,USIM5,11.11
2024-03-04,USIM5,10.7
2024-03-05,USIM5,10.74
2024-03-06,USIM5,10.75
2024-03-07,USIM5,10.63
2024-03-08,USIM5,10.86
2024-03-11,USIM5,10.35
2024-03-12,USIM5,10.21
2024-03-13,USIM5,10.09
2024-03-14,USIM5,9.88
2024-03-15,USIM5,9.78
2024-03-18,USIM5,9.93
2024-03-19,USIM5,10.17
2024-03-20,USIM5,10.38
2024-03-21,USIM5,10.33
2024-03-22,USIM5,10.15
2024-03-25,USIM5,9.97
2024-03-26,USIM5,9.93
2024-03-27,USIM5,10.04
2024-03-28,USIM5,10.01
2024-04-01,USIM5,10.09
2024-04-02,USIM5,10.24
2024-04-03,USIM5,10.17
2024-04-04,USIM5,10.18
2024-04-05,USIM5,9.92
2024-04-08,USIM5,10.5
2024-04-09,USIM5,10.65
2024-04-10,USIM5,10.36
2024-04-11,USIM5,10.27
2024-04-12,USIM5,10.17
2024-04-15,USIM5,10.22
2024-04-16,USIM5,10.05
2024-04-17,USIM5,9.92
2024-04-18,USIM5,9.94
2024-04-19,USIM5,10.33
2024-04-22,USIM5,10.57
2024-04-23,USIM5,9.1
2024-04-24,USIM5,8.76
2024-04-25,USIM5,8.49
2024-04-26,USIM5,8.2
2024-04-29,USIM5,8.21
2024-04-30,USIM5,7.91
2024-05-02,USIM5,7.98
2024-05-03,USIM5,8.0
2024-05-06,USIM5,8.04
2024-05-07,USIM5,8.01
2024-05-08,USIM5,8.06
2024-05-09,USIM5,8.0
2024-05-10,USIM5,7.96
2024-05-13,USIM5,7.98
2024-05-14,USIM5,7.9
2024-05-15,USIM5,7.93
2024-05-16,USIM5,7.97
2024-05-17,USIM5,7.96
2024-05-20,USIM5,8.15
2024-05-21,USIM5,8.29
2024-05-22,USIM5,8.17
2024-05-23,USIM5,8.03
2024-05-24,USIM5,7.93
2024-05-27,USIM5,8.01
2024-05-28,USIM5,7.91
2024-05-29,USIM5,7.77
2024-05-31,USIM5,7.57
2024-06-03,USIM5,7.58
2024-06-04,USIM5,7.48
2024-06-05,USIM5,7.29
2024-06-06,USIM5,7.32
2024-06-07,USIM5,7.18
2024-06-10,USIM5,7.05
2024-06-11,USIM5,7.13
2024-06-12,USIM5,7.05
2024-06-13,USIM5,7.16
2024-06-14,USIM5,7.18
2024-06-17,USIM5,7.1
2024-06-18,USIM5,7.23
2024-06-19,USIM5,7.34
2024-06-20,USIM5,7.61
2024-06-21,USIM5,7.54
2024-06-24,USIM5,7.69
2024-06-25,USIM5,7.54
2024-06-26,USIM5,7.79
2024-06-27,USIM5,8.0
2024-06-28,USIM5,7.91
2024-07-01,USIM5,7.87
2024-07-02,USIM5,7.97
2024-07-03,USIM5,7.99
2024-07-04,USIM5,8.15
2024-07-05,USIM5,7.99
2024-07-08,USIM5,7.87
2024-07-09,USIM5,8.02
2024-07-10,USIM5,7.92
2024-07-11,USIM5,8.0
2024-07-12,USIM5,8.06
2024-07-15,USIM5,8.17
2024-07-16,USIM5,8.14
2024-07-17,USIM5,8.55
2024-07-18,USIM5,8.4
2024-07-19,USIM5,8.53
2024-07-22,USIM5,8.56
2024-07-23,USIM5,8.29
2024-07-24,USIM5,8.11
2024-07-25,USIM5,8.28
2024-07-26,USIM5,6.33
2024-07-29,USIM5,6.05
2024-07-30,USIM5,6.33
2024-07-31,USIM5,6.22
2024-08-01,USIM5,6.13
2024-08-02,USIM5,5.94
2024-08-05,USIM5,5.81
2024-08-06,USIM5,5.77
2024-08-07,USIM5,5.73
2024-08-08,USIM5,5.83
2024-08-09,USIM5,5.95
2024-08-12,USIM5,6.06
2024-08-13,USIM5,6.25
2024-08-14,USIM5,6.09
2024-08-15,USIM5,6.18
2024-08-16,USIM5,6.08
2024-08-19,USIM5,6.5
2024-08-20,USIM5,6.45
2024-08-21,USIM5,6.64
2024-08-22,USIM5,6.41
2024-08-23,USIM5,6.58
2024-08-26,USIM5,6.6
2024-08-27,USIM5,6.46
2024-08-28,USIM5,6.24
2024-08-29,USIM5,6.23
2024-08-30,USIM5,6.23
2024-09-02,USIM5,6.16
2024-09-03,USIM5,5.96
2024-09-04,USIM5,6.08
2024-09-05,USIM5,6.08
2024-09-06,USIM5,5.99
2024-09-09,USIM5,5.84
2024-09-10,USIM5,5.77
2024-09-11,USIM5,5.91
2024-09-12,USIM5,5.91
2024-09-13,USIM5,6.17
2024-09-16,USIM5,6.05
2024-09-17,USIM5,6.09
2024-09-18,USIM5,6.26
2024-09-19,USIM5,6.23
2024-09-20,USIM5,5.88
2024-09-23,USIM5,5.6
2024-09-24,USIM5,6.03
2024-09-25,USIM5,6.04
2024-09-26,USIM5,6.38
2024-09-27,USIM5,6.24
2024-09-30,USIM5,6.24
2024-10-01,USIM5,6.24
2024-10-02,USIM5,6.31
2024-10-03,USIM5,6.11
2024-10-04,USIM5,6.21
2024-10-07,USIM5,6.28
2024-10-08,USIM5,6.02
2024-10-09,USIM5,6.29
2024-10-10,USIM5,6.23
2024-10-11,USIM5,6.25
2024-10-14,USIM5,6.27
2024-10-15,USIM5,6.12
2024-10-16,USIM5,6.17
2024-10-17,USIM5,6.07
2024-10-18,USIM5,6.12
2024-10-21,USIM5,6.27
2024-10-22,USIM5,6.15
2024-10-23,USIM5,6.27
2024-10-24,USIM5,6.37
2024-10-25,USIM5,6.64
2024-10-28,USIM5,6.63
2024-10-29,USIM5,6.43
2024-10-30,USIM5,6.57
2024-10-31,USIM5,6.61
2024-11-01,USIM5,6.32
2024-11-04,USIM5,6.56
2024-11-05,USIM5,6.66
2024-11-06,USIM5,6.62
2024-11-07,USIM5,6.65
2024-11-08,USIM5,6.25
2024-11-11,USIM5,6.09
2024-11-12,USIM5,6.0
2024-11-13,USIM5,6.09
2024-11-14,USIM5,6.1
2024-11-18,USIM5,6.2
2024-11-19,USIM5,6.21
2024-11-21,USIM5,6.05
2024-11-22,USIM5,6.18
2024-11-25,USIM5,6.25
2024-11-26,USIM5,6.24
2024-11-27,USIM5,6.36
2024-11-28,USIM5,6.06
2024-11-29,USIM5,6.14
2024-12-02,USIM5,6.17
2024-12-03,USIM5,6.08
2024-12-04,USIM5,6.07
2024-12-05,USIM5,6.16
2024-12-06,USIM5,5.98
2024-12-09,USIM5,6.12
2024-12-10,USIM5,6.12
2024-12-11,USIM5,6.13
2024-12-12,USIM5,5.96
2024-12-13,USIM5,5.86
2024-12-16,USIM5,5.83
2024-12-17,USIM5,5.78
2024-12-18,USIM5,5.55
2024-12-19,USIM5,5.52
2024-12-20,USIM5,5.43
2024-12-23,USIM5,5.24
2024-12-26,USIM5,5.29
2024-12-27,USIM5,5.29
2024-12-30,USIM5,5.32
2025-01-02,USIM5,5.16
2025-01-03,USIM5,4.85
2025-01-06,USIM5,5.09
2025-01-07,USIM5,5.08
2025-01-08,USIM5,4.88
2025-01-09,USIM5,4.79
2025-01-10,USIM5,4.76
2025-01-13,USIM5,4.75
2025-01-14,USIM5,4.68
2025-01-15,USIM5,4.95
2025-01-16,USIM5,4.84
2025-01-17,USIM5,5.01
2025-01-20,USIM5,5.04
2025-01-21,USIM5,5.31
2025-01-22,USIM5,5.22
2025-01-23,USIM5,5.15
2025-01-24,USIM5,5.23
2025-01-27,USIM5,5.41
2025-01-28,USIM5,5.33
2025-01-29,USIM5,5.4
2025-01-30,USIM5,5.64
2025-01-31,USIM5,5.51
2025-02-03,USIM5,5.53
2025-02-04,USIM5,5.48
2025-02-05,USIM5,5.5
2025-02-06,USIM5,5.6
2025-02-07,USIM5,5.6
2025-02-10,USIM5,5.72
2025-02-11,USIM5,5.92
2025-02-12,USIM5,5.68
2025-02-13,USIM5,5.87
2025-02-14,USIM5,5.98
2025-02-17,USIM5,5.95
2025-02-18,USIM5,6.04
2025-02-19,USIM5,6.07
2025-02-20,USIM5,6.13
2025-02-21,USIM5,5.98
2025-02-24,USIM5,5.82
2025-02-25,USIM5,5.91
2025-02-26,USIM5,5.97
2025-02-27,USIM5,5.96
2025-02-28,USIM5,5.71
2025-03-05,USIM5,5.85
2025-03-06,USIM5,5.92
2025-03-07,USIM5,6.02
2025-03-10,USIM5,5.96
2025-03-11,USIM5,5.88
2025-03-12,USIM5,5.86
2025-03-13,USIM5,5.65
2025-03-14,USIM5,5.88
2025-03-17,USIM5,5.87
2025-03-18,USIM5,5.84
2025-03-19,USIM5,5.94
2025-03-20,USIM5,5.89
2025-03-21,USIM5,5.79
2025-03-24,USIM5,5.87
2025-03-25,USIM5,5.9
2025-03-26,USIM5,5.93
2025-03-27,USIM5,5.95
2025-03-28,USIM5,5.72
2025-03-31,USIM5,5.68
2025-04-01,USIM5,5.9
2025-04-02,USIM5,5.82
2025-04-03,USIM5,5.76
2025-04-04,USIM5,5.35
2025-04-07,USIM5,5.36
2025-04-08,USIM5,5.11
2025-04-09,USIM5,5.47
2025-04-10,USIM5,5.33
2025-04-11,USIM5,5.42
2025-04-14,USIM5,5.6
2025-04-15,USIM5,5.46
2025-04-16,USIM5,5.58
2025-04-17,USIM5,5.67
2025-04-22,USIM5,5.71
2025-04-23,USIM5,6.07
2025-04-24,USIM5,5.81
2025-04-25,USIM5,5.73
2025-04-28,USIM5,5.75
2025-04-29,USIM5,5.73
2025-04-30,USIM5,5.53
2025-05-02,USIM5,5.52
2025-05-05,USIM5,5.42
2025-05-06,USIM5,5.42
2025-05-07,USIM5,5.46
2025-05-08,USIM5,5.6
2025-05-09,USIM5,5.38
2025-05-12,USIM5,5.44
2025-05-13,USIM5,5.54
2025-05-14,USIM5,5.5
2025-05-15,USIM5,5.55
2025-05-16,USIM5,5.51
2025-05-19,USIM5,5.49
2025-05-20,USIM5,5.45
2025-05-21,USIM5,5.33
2025-05-22,USIM5,5.24
2025-05-23,USIM5,5.33
2025-05-26,USIM5,5.35
2025-05-27,USIM5,5.57
2025-05-28,USIM5,5.31
2025-05-29,USIM5,5.23
2025-05-30,USIM5,5.2
2025-06-02,USIM5,5.18
2025-06-03,USIM5,5.28
2025-06-04,USIM5,5.22
2025-06-05,USIM5,5.17
2025-06-06,USIM5,5.18
2025-06-09,USIM5,5.25
2025-06-10,USIM5,5.17
2025-06-11,USIM5,5.17
2025-06-12,USIM5,5.07
2025-06-13,USIM5,4.77
2025-06-16,USIM5,4.93
2025-06-17,USIM5,4.59
2025-06-18,USIM5,4.54
2025-06-20,USIM5,4.4
2025-06-23,USIM5,4.35
2025-06-24,USIM5,4.2
2025-06-25,USIM5,4.02
2025-06-26,USIM5,4.14
2025-06-27,USIM5,4.15
2025-06-30,USIM5,4.12
2025-07-01,USIM5,4.1
2025-07-02,USIM5,4.32
2025-07-03,USIM5,4.41
2025-07-04,USIM5,4.47
2025-07-07,USIM5,4.39
2025-07-08,USIM5,4.38
2025-07-09,USIM5,4.24
2025-07-10,USIM5,4.32
2025-07-11,USIM5,4.29
2025-07-14,USIM5,4.22
2025-07-15,USIM5,4.2
2025-07-16,USIM5,4.01
2025-07-17,USIM5,4.03
2025-07-18,USIM5,3.92
2025-07-21,USIM5,4.01
2025-07-22,USIM5,4.25
2025-07-23,USIM5,4.36
2025-07-24,USIM5,4.28
2025-07-25,USIM5,4.2
2025-07-28,USIM5,4.17
2025-07-29,USIM5,4.2
2025-07-30,USIM5,4.14
2025-07-31,USIM5,4.38
2025-08-01,USIM5,4.39
2025-08-04,USIM5,4.39
2025-08-05,USIM5,4.28
2025-08-06,USIM5,4.38
2025-08-07,USIM5,4.44
2025-08-08,USIM5,4.42
2025-08-11,USIM5,4.36
2025-08-12,USIM5,4.39
2025-08-13,USIM5,4.31
2025-08-14,USIM5,4.0
2025-08-15,USIM5,4.0
2025-08-18,USIM5,4.11
2025-08-19,USIM5,4.02
2025-08-20,USIM5,3.97
2025-08-21,USIM5,4.0
2025-08-22,USIM5,4.16
2025-08-25,USIM5,4.19
2025-08-26,USIM5,4.18
2025-08-27,USIM5,4.21
2025-08-28,USIM5,4.43
2025-08-29,USIM5,4.37
2025-09-01,USIM5,4.36
2025-09-02,USIM5,4.32
2025-09-03,USIM5,4.3
2025-09-04,USIM5,4.41
2025-09-05,USIM5,4.52
2025-09-08,USIM5,4.6
2025-09-09,USIM5,4.51
2025-09-10,USIM5,4.47
2025-09-11,USIM5,4.54
2025-09-12,USIM5,4.52
2025-09-15,USIM5,4.53
2025-09-16,USIM5,4.59
2025-09-17,USIM5,4.63
2025-09-18,USIM5,4.38
2025-09-19,USIM5,4.5
2025-09-22,USIM5,4.44
2025-09-23,USIM5,4.44
2025-09-24,USIM5,4.45
2025-09-25,USIM5,4.42
2025-09-26,USIM5,4.4
2025-09-29,USIM5,4.39
2025-09-30,USIM5,4.23
2025-10-01,USIM5,4.39
2025-10-02,USIM5,4.37
2025-10-03,USIM5,4.43
2025-10-06,USIM5,4.58
2025-10-07,USIM5,4.42
2025-10-08,USIM5,4.42
2025-10-09,USIM5,4.39
2025-10-10,USIM5,4.25
2025-10-13,USIM5,4.52
2025-10-14,USIM5,4.65
2025-10-15,USIM5,4.75
2025-10-16,USIM5,4.79
2025-10-17,USIM5,4.86
2025-10-20,USIM5,4.86
2025-10-21,USIM5,4.96
2025-10-22,USIM5,4.94
2025-10-23,USIM5,4.97
2025-10-24,USIM5,4.94
2025-10-27,USIM5,5.46
2025-10-28,USIM5,5.49
2025-10-29,USIM5,5.45
2025-10-30,USIM5,5.57
2025-10-31,USIM5,5.67
2025-11-03,USIM5,5.54
2025-11-04,USIM5,5.51
2025-11-05,USIM5,5.55
2025-11-06,USIM5,5.42
2025-11-07,USIM5,5.49
2025-11-10,USIM5,5.39
2025-11-11,USIM5,5.29
2025-11-12,USIM5,5.36
2025-11-13,USIM5,5.27
2025-11-14,USIM5,5.27
2025-11-17,USIM5,5.23
2025-11-18,USIM5,5.2
2025-11-19,USIM5,5.13
2025-11-21,USIM5,5.18
2025-11-24,USIM5,5.13
2025-11-25,USIM5,5.46
2025-11-26,USIM5,5.47
2025-11-27,USIM5,5.35
2025-11-28,USIM5,5.41
2025-12-01,USIM5,5.39
2025-12-02,USIM5,5.4
2025-12-03,USIM5,5.81
2025-12-04,USIM5,5.86
2025-12-05,USIM5,5.65
2025-12-08,USIM5,5.7
2025-12-09,USIM5,5.91
2025-12-10,USIM5,6.15
2025-12-11,USIM5,5.98
2025-12-12,USIM5,5.94
2025-12-15,USIM5,6.0
2025-12-16,USIM5,5.98
2025-12-17,USIM5,5.96
2025-12-18,USIM5,5.92
2025-12-19,USIM5,5.86
2025-12-22,USIM5,5.88
2025-12-23,USIM5,5.9
2025-12-26,USIM5,5.92
2025-12-29,USIM5,5.93
2025-12-30,USIM5,5.95
2026-01-02,USIM5,5.98
2026-01-05,USIM5,6.16
2026-01-06,USIM5,6.41
2026-01-07,USIM5,6.48
2026-01-08,USIM5,6.59
2026-01-09,USIM5,6.55
2026-01-12,USIM5,6.67
2026-01-13,USIM5,6.68
2026-01-14,USIM5,6.81
2026-01-15,USIM5,6.59
2026-01-16,USIM5,6.42
2026-01-19,USIM5,6.36
2026-01-20,USIM5,6.17
2026-01-21,USIM5,6.27
2026-01-22,USIM5,6.33
2026-01-23,USIM5,6.52
2026-01-26,USIM5,6.4
2026-01-27,USIM5,6.54
2026-01-28,USIM5,6.97
2026-01-29,USIM5,6.63
2026-01-30,USIM5,6.3
2026-02-02,USIM5,6.48
2026-02-03,USIM5,6.64
2026-02-04,USIM5,6.52
2026-02-05,USIM5,6.37
2026-02-06,USIM5,6.23
2026-02-09,USIM5,6.25
2026-02-10,USIM5,6.18
2026-02-11,USIM5,6.31
2026-02-12,USIM5,6.03
2026-02-13,USIM5,6.32
2026-02-18,USIM5,6.32
2026-02-19,USIM5,6.22
2026-02-20,USIM5,6.22
2026-02-23,USIM5,6.33
2026-02-24,USIM5,6.53
2026-02-25,USIM5,6.79
2026-02-26,USIM5,6.91
2026-02-27,USIM5,7.07
2026-03-02,USIM5,6.9
2026-03-03,USIM5,6.65
2026-03-04,USIM5,6.81
2026-03-05,USIM5,6.66
2026-03-06,USIM5,6.51
2026-03-09,USIM5,6.6
2026-03-10,USIM5,6.73
2026-03-11,USIM5,6.7
2026-03-12,USIM5,6.44
2026-03-13,USIM5,6.38
2026-03-16,USIM5,6.49
2026-03-17,USIM5,6.62
2026-03-18,USIM5,6.47
2026-03-19,USIM5,6.37
2026-03-20,USIM5,6.31
2026-03-23,USIM5,6.6
2026-03-24,USIM5,6.72
2026-03-25,USIM5,6.82
2026-03-26,USIM5,6.68
2026-03-27,USIM5,6.59
2026-03-30,USIM5,6.63
2026-03-31,USIM5,6.74
2026-04-01,USIM5,6.77
2026-04-02,USIM5,6.77
2026-04-06,USIM5,6.82
2026-04-07,USIM5,6.93
2026-04-08,USIM5,7.24
2026-04-09,USIM5,7.68
2026-04-10,USIM5,7.21
2026-04-13,USIM5,7.03
2026-04-14,USIM5,7.03
2026-04-15,USIM5,6.98
2026-04-16,USIM5,6.99
2026-04-17,USIM5,7.21
2026-04-20,USIM5,7.27
2026-04-22,USIM5,7.25
2026-04-23,USIM5,7.21
2026-04-24,USIM5,7.61
2026-04-27,USIM5,8.14
2026-04-28,USIM5,8.17
2026-04-29,USIM5,8.0
2026-04-30,USIM5,8.29
2026-05-04,USIM5,8.23
2026-05-05,USIM5,8.65
2026-05-06,USIM5,8.74
2026-05-07,USIM5,8.81
2026-05-08,USIM5,8.99
2026-05-11,USIM5,9.07
2026-05-12,USIM5,8.97
2026-05-13,USIM5,9.16
2026-05-14,USIM5,9.89
2026-05-15,USIM5,9.12
2026-05-18,USIM5,9.03
2026-05-19,USIM5,9.13
2026-05-20,USIM5,9.61
2026-05-21,USIM5,9.8
2026-05-22,USIM5,10.35
2026-05-25,USIM5,10.02
2026-05-26,USIM5,9.66
2026-05-27,USIM5,10.23
2026-05-28,USIM5,10.65
2026-05-29,USIM5,11.08
2026-06-01,USIM5,11.09
2026-06-02,USIM5,12.04
2026-06-03,USIM5,11.46
2026-06-05,USIM5,11.31
2026-06-08,USIM5,11.18
2026-06-09,USIM5,11.12
2026-06-10,USIM5,10.96
2026-06-11,USIM5,10.85
2026-06-12,USIM5,10.85
2026-06-15,USIM5,10.8
2026-06-16,USIM5,10.13
2026-06-17,USIM5,9.56
2026-06-18,USIM5,9.1
2026-06-19,USIM5,9.17
2026-06-22,USIM5,9.11
2026-06-23,USIM5,8.66
2026-06-24,USIM5,8.68
2026-06-25,USIM5,8.5
2026-06-26,USIM5,8.27
2026-06-29,USIM5,8.33
2026-06-30,USIM5,8.45
2026-07-01,USIM5,8.6
2026-07-02,USIM5,8.56
2026-07-03,USIM5,8.77
2026-07-06,USIM5,8.71
2026-07-07,USIM5,8.43
2026-07-08,USIM5,8.35
2026-07-09,USIM5,8.35
2026-07-10,USIM5,8.45
2026-07-13,USIM5,8.38
2026-07-14,USIM5,8.23
2026-07-15,USIM5,8.2
2026-07-16,USIM5,7.9
2026-07-17,USIM5,8.23
2026-07-20,USIM5,8.16
2026-07-21,USIM5,8.46
2026-07-22,USIM5,8.65
2026-07-23,USIM5,8.49
2026-07-24,USIM5,8.48
2026-07-27,USIM5,8.61
2026-07-28,USIM5,8.69
2026-07-29,USIM5,8.32
2026-07-30,USIM5,7.55
2026-07-31,USIM5,7.36
2026-08-03,USIM5,7.56
2026-08-04,USIM5,7.52
2026-08-05,USIM5,7.46
2026-08-06,USIM5,7.19
2026-08-07,USIM5,7.15
2026-08-10,USIM5,7.16
2026-08-11,USIM5,6.62
2026-08-12,USIM5,6.54
2026-08-13,USIM5,6.47
2026-08-14,USIM5,6.32
2026-08-17,USIM5,6.36
2026-08-18,USIM5,6.24
2026-08-19,USIM5,6.18
2026-08-20,USIM5,6.07
2026-08-21,USIM5,6.55
2026-08-24,USIM5,7.12
2026-08-25,USIM5,6.97
2026-08-26,USIM5,7.13
2026-08-27,USIM5,7.17
2026-08-28,USIM5,7.2
2026-08-31,USIM5,7.47
2026-09-01,USIM5,7.59
2026-09-02,USIM5,7.79
2026-09-03,USIM5,7.81
2026-09-04,USIM5,7.63
2026-09-08,USIM5,7.56
2026-09-09,USIM5,7.63
2026-09-10,USIM5,7.65
2026-09-11,USIM5,7.38
2026-09-14,USIM5,7.03
2026-09-15,USIM5,7.26
2026-09-16,USIM5,7.03
2026-09-17,USIM5,7.09
2026-09-18,USIM5,6.9
2026-09-21,USIM5,6.91
2026-09-22,USIM5,7.08
2026-09-23,USIM5,7.05
2026-09-24,USIM5,6.86
2026-09-25,USIM5,6.93
2026-09-28,USIM5,7.0
2026-09-29,USIM5,6.95
2026-09-30,USIM5,7.01
2026-10-01,USIM5,7.09
2026-10-02,USIM5,7.48
2026-10-05,USIM5,7.46
2026-10-06,USIM5,7.32
2026-10-07,USIM5,7.2
2026-10-08,USIM5,7.21
2021-01-04,VALE3,91.46
2021-01-05,VALE3,93.0
2021-01-06,VALE3,95.61
2021-01-07,VALE3,102.32
2021-01-08,VALE3,102.0
2021-01-11,VALE3,101.98
2021-01-12,VALE3,99.19
2021-01-13,VALE3,96.22
2021-01-14,VALE3,97.8
2021-01-15,VALE3,93.55
2021-01-18,VALE3,94.31
2021-01-19,VALE3,94.06
2021-01-20,VALE3,92.32
2021-01-21,VALE3,93.36
2021-01-22,VALE3,93.17
2021-01-26,VALE3,91.75
2021-01-27,VALE3,89.2
2021-01-28,VALE3,91.1
2021-01-29,VALE3,87.95
2021-02-01,VALE3,91.27
2021-02-02,VALE3,87.66
2021-02-03,VALE3,90.43
2021-02-04,VALE3,89.29
2021-02-05,VALE3,92.69
2021-02-08,VALE3,94.01
2021-02-09,VALE3,94.25
2021-02-10,VALE3,94.7
2021-02-11,VALE3,93.1
2021-02-12,VALE3,93.89
2021-02-17,VALE3,96.35
2021-02-18,VALE3,97.4
2021-02-19,VALE3,97.77
2021-02-22,VALE3,95.35
2021-02-23,VALE3,96.95
2021-02-24,VALE3,97.93
2021-02-25,VALE3,95.71
2021-02-26,VALE3,94.52
2021-03-01,VALE3,98.57
2021-03-02,VALE3,101.6
2021-03-03,VALE3,100.35
2021-03-04,VALE3,98.86
2021-03-05,VALE3,100.21
2021-03-08,VALE3,99.67
2021-03-09,VALE3,98.67
2021-03-10,VALE3,97.15
2021-03-11,VALE3,99.7
2021-03-12,VALE3,97.4
2021-03-15,VALE3,96.82
2021-03-16,VALE3,96.51
2021-03-17,VALE3,97.9
2021-03-18,VALE3,96.16
2021-03-19,VALE3,94.78
2021-03-22,VALE3,93.21
2021-03-23,VALE3,91.06
2021-03-24,VALE3,93.15
2021-03-25,VALE3,92.44
2021-03-26,VALE3,95.53
2021-03-29,VALE3,97.98
2021-03-30,VALE3,97.07
2021-03-31,VALE3,97.97
2021-04-01,VALE3,97.39
2021-04-05,VALE3,103.39
2021-04-06,VALE3,102.05
2021-04-07,VALE3,104.56
2021-04-08,VALE3,104.5
2021-04-09,VALE3,103.0
2021-04-12,VALE3,103.4
2021-04-13,VALE3,103.58
2021-04-14,VALE3,107.0
2021-04-15,VALE3,108.21
2021-04-16,VALE3,108.67
2021-04-19,VALE3,107.73
2021-04-20,VALE3,106.16
2021-04-22,VALE3,106.23
2021-04-23,VALE3,107.99
2021-04-26,VALE3,108.57
2021-04-27,VALE3,110.12
2021-04-28,VALE3,111.92
2021-04-29,VALE3,111.95
2021-04-30,VALE3,109.02
2021-05-03,VALE3,108.46
2021-05-04,VALE3,110.1
2021-05-05,VALE3,110.71
2021-05-06,VALE3,115.05
2021-05-07,VALE3,115.45
2021-05-10,VALE3,114.69
2021-05-11,VALE3,118.72
2021-05-12,VALE3,114.33
2021-05-13,VALE3,112.49
2021-05-14,VALE3,110.56
2021-05-17,VALE3,113.46
2021-05-18,VALE3,114.6
2021-05-19,VALE3,112.25
2021-05-20,VALE3,111.11
2021-05-21,VALE3,109.4
2021-05-24,VALE3,109.78
2021-05-25,VALE3,107.05
2021-05-26,VALE3,110.2
2021-05-27,VALE3,110.99
2021-05-28,VALE3,111.59
2021-05-31,VALE3,114.78
2021-06-01,VALE3,113.2
2021-06-02,VALE3,114.8
2021-06-04,VALE3,112.9
2021-06-07,VALE3,111.8
2021-06-08,VALE3,109.92
2021-06-09,VALE3,112.2
2021-06-10,VALE3,111.83
2021-06-11,VALE3,114.34
2021-06-14,VALE3,113.72
2021-06-15,VALE3,111.5
2021-06-16,VALE3,108.15
2021-06-17,VALE3,105.9
2021-06-18,VALE3,109.09
2021-06-21,VALE3,110.11
2021-06-22,VALE3,111.4
2021-06-23,VALE3,113.07
2021-06-24,VALE3,111.03
2021-06-25,VALE3,112.4
2021-06-28,VALE3,110.6
2021-06-29,VALE3,112.51
2021-06-30,VALE3,113.25
2021-07-01,VALE3,111.28
2021-07-02,VALE3,113.58
2021-07-05,VALE3,113.17
2021-07-06,VALE3,113.77
2021-07-07,VALE3,114.1
2021-07-08,VALE3,113.66
2021-07-12,VALE3,115.07
2021-07-13,VALE3,115.75
2021-07-14,VALE3,115.12
2021-07-15,VALE3,115.48
2021-07-16,VALE3,113.4
2021-07-19,VALE3,112.16
2021-07-20,VALE3,113.1
2021-07-21,VALE3,114.4
2021-07-22,VALE3,114.7
2021-07-23,VALE3,114.12
2021-07-26,VALE3,116.6
2021-07-27,VALE3,114.18
2021-07-28,VALE3,117.3
2021-07-29,VALE3,115.57
2021-07-30,VALE3,108.76
2021-08-02,VALE3,108.93
2021-08-03,VALE3,112.64
2021-08-04,VALE3,112.52
2021-08-05,VALE3,109.08
2021-08-06,VALE3,109.7
2021-08-09,VALE3,109.01
2021-08-10,VALE3,110.06
2021-08-11,VALE3,109.27
2021-08-12,VALE3,109.2
2021-08-13,VALE3,108.3
2021-08-16,VALE3,108.8
2021-08-17,VALE3,107.0
2021-08-18,VALE3,103.41
2021-08-19,VALE3,97.51
2021-08-20,VALE3,97.55
2021-08-23,VALE3,96.2
2021-08-24,VALE3,99.71
2021-08-25,VALE3,99.5
2021-08-26,VALE3,98.23
2021-08-27,VALE3,100.69
2021-08-30,VALE3,100.05
2021-08-31,VALE3,98.68
2021-09-01,VALE3,98.85
2021-09-02,VALE3,98.54
2021-09-03,VALE3,98.61
2021-09-06,VALE3,97.06
2021-09-08,VALE3,95.04
2021-09-09,VALE3,94.7
2021-09-10,VALE3,94.81
2021-09-13,VALE3,94.76
2021-09-14,VALE3,94.09
2021-09-15,VALE3,91.74
2021-09-16,VALE3,87.93
2021-09-17,VALE3,86.15
2021-09-20,VALE3,83.31
2021-09-21,VALE3,84.12
2021-09-22,VALE3,87.11
2021-09-23,VALE3,78.91
2021-09-24,VALE3,77.69
2021-09-27,VALE3,78.8
2021-09-28,VALE3,74.85
2021-09-29,VALE3,75.8
2021-09-30,VALE3,76.24
2021-10-01,VALE3,76.2
2021-10-04,VALE3,75.49
2021-10-05,VALE3,74.95
2021-10-06,VALE3,77.06
2021-10-07,VALE3,79.36
2021-10-08,VALE3,79.85
2021-10-11,VALE3,81.62
2021-10-13,VALE3,79.2
2021-10-14,VALE3,79.2
2021-10-15,VALE3,80.68
2021-10-18,VALE3,79.92
2021-10-19,VALE3,79.0
2021-10-20,VALE3,76.41
2021-10-21,VALE3,75.16
2021-10-22,VALE3,76.08
2021-10-25,VALE3,77.0
2021-10-26,VALE3,76.18
2021-10-27,VALE3,74.45
2021-10-28,VALE3,73.7
2021-10-29,VALE3,71.61
2021-11-01,VALE3,72.32
2021-11-03,VALE3,66.83
2021-11-04,VALE3,66.07
2021-11-05,VALE3,64.11
2021-11-08,VALE3,67.6
2021-11-09,VALE3,65.94
2021-11-10,VALE3,65.69
2021-11-11,VALE3,68.01
2021-11-12,VALE3,68.3
2021-11-16,VALE3,66.33
2021-11-17,VALE3,65.0
2021-11-18,VALE3,62.33
2021-11-19,VALE3,64.03
2021-11-22,VALE3,67.59
2021-11-23,VALE3,69.37
2021-11-24,VALE3,70.98
2021-11-25,VALE3,70.5
2021-11-26,VALE3,68.64
2021-11-29,VALE3,69.5
2021-11-30,VALE3,69.95
2021-12-01,VALE3,70.23
2021-12-02,VALE3,73.49
2021-12-03,VALE3,71.87
2021-12-06,VALE3,75.77
2021-12-07,VALE3,76.33
2021-12-08,VALE3,75.76
2021-12-09,VALE3,75.18
2021-12-10,VALE3,75.65
2021-12-13,VALE3,77.86
2021-12-14,VALE3,77.85
2021-12-15,VALE3,77.41
2021-12-16,VALE3,80.44
2021-12-17,VALE3,79.17
2021-12-20,VALE3,78.28
2021-12-21,VALE3,80.34
2021-12-22,VALE3,79.92
2021-12-23,VALE3,79.15
2021-12-27,VALE3,78.95
2021-12-28,VALE3,76.8
2021-12-29,VALE3,77.25
2021-12-30,VALE3,77.96
2022-01-03,VALE3,78.0
2022-01-04,VALE3,77.08
2022-01-05,VALE3,77.81
2022-01-06,VALE3,79.38
2022-01-07,VALE3,84.0
2022-01-10,VALE3,83.0
2022-01-11,VALE3,84.58
2022-01-12,VALE3,85.5
2022-01-13,VALE3,84.2
2022-01-14,VALE3,84.69
2022-01-17,VALE3,84.25
2022-01-18,VALE3,86.31
2022-01-19,VALE3,88.21
2022-01-20,VALE3,86.71
2022-01-21,VALE3,84.91
2022-01-24,VALE3,83.87
2022-01-25,VALE3,84.06
2022-01-26,VALE3,84.3
2022-01-27,VALE3,84.49
2022-01-28,VALE3,83.66
2022-01-31,VALE3,80.87
2022-02-01,VALE3,85.31
2022-02-02,VALE3,85.79
2022-02-03,VALE3,85.75
2022-02-04,VALE3,87.98
2022-02-07,VALE3,90.13
2022-02-08,VALE3,91.39
2022-02-09,VALE3,91.41
2022-02-10,VALE3,93.87
2022-02-11,VALE3,91.97
2022-02-14,VALE3,91.57
2022-02-15,VALE3,88.85
2022-02-16,VALE3,89.5
2022-02-17,VALE3,85.65
2022-02-18,VALE3,85.83
2022-02-21,VALE3,85.9
2022-02-22,VALE3,87.39
2022-02-23,VALE3,86.47
2022-02-24,VALE3,87.54
2022-02-25,VALE3,92.28
2022-03-02,VALE3,99.65
2022-03-03,VALE3,99.7
2022-03-04,VALE3,101.97
2022-03-07,VALE3,105.07
2022-03-08,VALE3,100.46
2022-03-09,VALE3,94.19
2022-03-10,VALE3,97.3
2022-03-11,VALE3,96.79
2022-03-14,VALE3,91.6
2022-03-15,VALE3,88.97
2022-03-16,VALE3,91.13
2022-03-17,VALE3,94.3
2022-03-18,VALE3,96.09
2022-03-21,VALE3,98.81
2022-03-22,VALE3,96.6
2022-03-23,VALE3,96.39
2022-03-24,VALE3,96.91
2022-03-25,VALE3,95.23
2022-03-28,VALE3,95.34
2022-03-29,VALE3,94.52
2022-03-30,VALE3,95.87
2022-03-31,VALE3,95.6
2022-04-01,VALE3,96.96
2022-04-04,VALE3,97.94
2022-04-05,VALE3,95.11
2022-04-06,VALE3,96.55
2022-04-07,VALE3,97.13
2022-04-08,VALE3,95.15
2022-04-11,VALE3,94.0
2022-04-12,VALE3,93.37
2022-04-13,VALE3,93.4
2022-04-14,VALE3,92.09
2022-04-18,VALE3,90.57
2022-04-19,VALE3,87.68
2022-04-20,VALE3,85.4
2022-04-22,VALE3,80.45
2022-04-25,VALE3,79.08
2022-04-26,VALE3,78.0
2022-04-27,VALE3,82.17
2022-04-28,VALE3,84.2
2022-04-29,VALE3,83.29
2022-05-02,VALE3,82.92
2022-05-03,VALE3,82.5
2022-05-04,VALE3,81.81
2022-05-05,VALE3,80.33
2022-05-06,VALE3,79.76
2022-05-09,VALE3,76.49
2022-05-10,VALE3,75.54
2022-05-11,VALE3,78.69
2022-05-12,VALE3,77.9
2022-05-13,VALE3,77.81
2022-05-16,VALE3,80.14
2022-05-17,VALE3,79.8
2022-05-18,VALE3,77.78
2022-05-19,VALE3,79.85
2022-05-20,VALE3,81.26
2022-05-23,VALE3,82.92
2022-05-24,VALE3,84.04
2022-05-25,VALE3,84.3
2022-05-26,VALE3,84.25
2022-05-27,VALE3,85.72
2022-05-30,VALE3,86.65
2022-05-31,VALE3,86.21
2022-06-01,VALE3,88.24
2022-06-02,VALE3,89.9
2022-06-03,VALE3,88.46
2022-06-06,VALE3,88.55
2022-06-07,VALE3,90.62
2022-06-08,VALE3,87.5
2022-06-09,VALE3,84.54
2022-06-10,VALE3,84.56
2022-06-13,VALE3,81.88
2022-06-14,VALE3,81.72
2022-06-15,VALE3,81.67
2022-06-17,VALE3,77.41
2022-06-20,VALE3,75.5
2022-06-21,VALE3,76.0
2022-06-22,VALE3,75.35
2022-06-23,VALE3,72.6
2022-06-24,VALE3,74.62
2022-06-27,VALE3,78.05
2022-06-28,VALE3,79.45
2022-06-29,VALE3,78.79
2022-06-30,VALE3,76.56
2022-07-01,VALE3,75.1
2022-07-04,VALE3,74.67
2022-07-05,VALE3,74.3
2022-07-06,VALE3,75.0
2022-07-07,VALE3,77.18
2022-07-08,VALE3,75.4
2022-07-11,VALE3,72.83
2022-07-12,VALE3,73.05
2022-07-13,VALE3,72.8
2022-07-14,VALE3,67.95
2022-07-15,VALE3,68.37
2022-07-18,VALE3,68.73
2022-07-19,VALE3,68.88
2022-07-20,VALE3,67.39
2022-07-21,VALE3,68.57
2022-07-22,VALE3,69.21
2022-07-25,VALE3,70.49
2022-07-26,VALE3,70.36
2022-07-27,VALE3,70.52
2022-07-28,VALE3,70.69
2022-07-29,VALE3,69.75
2022-08-01,VALE3,68.08
2022-08-02,VALE3,70.25
2022-08-03,VALE3,67.52
2022-08-04,VALE3,67.13
2022-08-05,VALE3,68.0
2022-08-08,VALE3,68.58
2022-08-09,VALE3,70.0
2022-08-10,VALE3,70.05
2022-08-11,VALE3,72.49
2022-08-12,VALE3,69.8
2022-08-15,VALE3,68.3
2022-08-16,VALE3,69.95
2022-08-17,VALE3,68.23
2022-08-18,VALE3,67.72
2022-08-19,VALE3,66.96
2022-08-22,VALE3,65.98
2022-08-23,VALE3,70.21
2022-08-24,VALE3,67.95
2022-08-25,VALE3,69.27
2022-08-26,VALE3,68.23
2022-08-29,VALE3,66.91
2022-08-30,VALE3,64.97
2022-08-31,VALE3,64.5
2022-09-01,VALE3,63.89
2022-09-02,VALE3,62.92
2022-09-05,VALE3,65.22
2022-09-06,VALE3,63.67
2022-09-08,VALE3,64.51
2022-09-09,VALE3,69.55
2022-09-12,VALE3,70.15
2022-09-13,VALE3,68.25
2022-09-14,VALE3,67.0
2022-09-15,VALE3,68.35
2022-09-16,VALE3,68.25
2022-09-19,VALE3,70.46
2022-09-20,VALE3,69.45
2022-09-21,VALE3,68.45
2022-09-22,VALE3,70.02
2022-09-23,VALE3,68.57
2022-09-26,VALE3,68.0
2022-09-27,VALE3,67.7
2022-09-28,VALE3,68.34
2022-09-29,VALE3,68.43
2022-09-30,VALE3,72.04
2022-10-03,VALE3,74.0
2022-10-04,VALE3,75.79
2022-10-05,VALE3,76.96
2022-10-06,VALE3,75.55
2022-10-07,VALE3,75.51
2022-10-10,VALE3,73.99
2022-10-11,VALE3,73.49
2022-10-13,VALE3,72.18
2022-10-14,VALE3,69.83
2022-10-17,VALE3,70.67
2022-10-18,VALE3,71.96
2022-10-19,VALE3,71.11
2022-10-20,VALE3,72.02
2022-10-21,VALE3,74.13
2022-10-24,VALE3,71.93
2022-10-25,VALE3,71.93
2022-10-26,VALE3,73.53
2022-10-27,VALE3,70.91
2022-10-28,VALE3,67.45
2022-10-31,VALE3,67.13
2022-11-01,VALE3,69.17
2022-11-03,VALE3,67.15
2022-11-04,VALE3,72.25
2022-11-07,VALE3,71.87
2022-11-08,VALE3,74.05
2022-11-09,VALE3,73.15
2022-11-10,VALE3,74.55
2022-11-11,VALE3,82.3
2022-11-14,VALE3,83.31
2022-11-16,VALE3,82.44
2022-11-17,VALE3,83.1
2022-11-18,VALE3,80.83
2022-11-21,VALE3,79.92
2022-11-22,VALE3,80.14
2022-11-23,VALE3,80.93
2022-11-24,VALE3,81.45
2022-11-25,VALE3,80.9
2022-11-28,VALE3,81.3
2022-11-29,VALE3,84.44
2022-11-30,VALE3,85.71
2022-12-01,VALE3,86.18
2022-12-02,VALE3,86.8
2022-12-05,VALE3,86.71
2022-12-06,VALE3,87.97
2022-12-07,VALE3,84.84
2022-12-08,VALE3,85.88
2022-12-09,VALE3,88.74
2022-12-12,VALE3,86.09
2022-12-13,VALE3,86.16
2022-12-14,VALE3,86.89
2022-12-15,VALE3,87.17
2022-12-16,VALE3,85.68
2022-12-19,VALE3,85.37
2022-12-20,VALE3,85.75
2022-12-21,VALE3,86.24
2022-12-22,VALE3,85.75
2022-12-23,VALE3,86.32
2022-12-26,VALE3,87.11
2022-12-27,VALE3,89.19
2022-12-28,VALE3,88.99
2022-12-29,VALE3,88.88
2023-01-02,VALE3,89.4
2023-01-03,VALE3,89.24
2023-01-04,VALE3,89.4
2023-01-05,VALE3,90.9
2023-01-06,VALE3,92.34
2023-01-09,VALE3,92.44
2023-01-10,VALE3,93.58
2023-01-11,VALE3,93.25
2023-01-12,VALE3,93.74
2023-01-13,VALE3,93.82
2023-01-16,VALE3,92.25
2023-01-17,VALE3,92.13
2023-01-18,VALE3,93.34
2023-01-19,VALE3,93.74
2023-01-20,VALE3,93.99
2023-01-23,VALE3,94.3
2023-01-24,VALE3,95.3
2023-01-25,VALE3,96.2
2023-01-26,VALE3,98.0
2023-01-27,VALE3,95.32
2023-01-30,VALE3,94.98
2023-01-31,VALE3,94.51
2023-02-01,VALE3,93.46
2023-02-02,VALE3,89.14
2023-02-03,VALE3,88.95
2023-02-06,VALE3,87.84
2023-02-07,VALE3,88.42
2023-02-08,VALE3,88.72
2023-02-09,VALE3,88.39
2023-02-10,VALE3,86.8
2023-02-13,VALE3,86.71
2023-02-14,VALE3,87.1
2023-02-15,VALE3,89.0
2023-02-16,VALE3,89.19
2023-02-17,VALE3,88.03
2023-02-22,VALE3,87.36
2023-02-23,VALE3,86.95
2023-02-24,VALE3,85.04
2023-02-27,VALE3,85.04
2023-02-28,VALE3,85.32
2023-03-01,VALE3,89.2
2023-03-02,VALE3,89.0
2023-03-03,VALE3,89.3
2023-03-06,VALE3,86.15
2023-03-07,VALE3,85.33
2023-03-08,VALE3,86.11
2023-03-09,VALE3,84.98
2023-03-10,VALE3,84.7
2023-03-13,VALE3,85.05
2023-03-14,VALE3,83.98
2023-03-15,VALE3,81.45
2023-03-16,VALE3,81.75
2023-03-17,VALE3,82.73
2023-03-20,VALE3,83.41
2023-03-21,VALE3,82.71
2023-03-22,VALE3,81.68
2023-03-23,VALE3,79.58
2023-03-24,VALE3,78.67
2023-03-27,VALE3,78.54
2023-03-28,VALE3,79.37
2023-03-29,VALE3,80.51
2023-03-30,VALE3,81.82
2023-03-31,VALE3,80.29
2023-04-03,VALE3,80.31
2023-04-04,VALE3,78.04
2023-04-05,VALE3,76.89
2023-04-06,VALE3,76.75
2023-04-10,VALE3,78.23
2023-04-11,VALE3,82.36
2023-04-12,VALE3,80.6
2023-04-13,VALE3,79.51
2023-04-14,VALE3,78.81
2023-04-17,VALE3,77.87
2023-04-18,VALE3,78.54
2023-04-19,VALE3,76.25
2023-04-20,VALE3,74.66
2023-04-24,VALE3,71.96
2023-04-25,VALE3,70.0
2023-04-26,VALE3,70.27
2023-04-27,VALE3,71.76
2023-04-28,VALE3,72.4
2023-05-02,VALE3,69.54
2023-05-03,VALE3,69.0
2023-05-04,VALE3,66.86
2023-05-05,VALE3,69.04
2023-05-08,VALE3,69.97
2023-05-09,VALE3,70.69
2023-05-10,VALE3,69.36
2023-05-11,VALE3,68.01
2023-05-12,VALE3,68.08
2023-05-15,VALE3,69.06
2023-05-16,VALE3,67.64
2023-05-17,VALE3,69.88
2023-05-18,VALE3,69.98
2023-05-19,VALE3,69.21
2023-05-22,VALE3,68.1
2023-05-23,VALE3,66.56
2023-05-24,VALE3,65.05
2023-05-25,VALE3,64.85
2023-05-26,VALE3,66.33
2023-05-29,VALE3,65.83
2023-05-30,VALE3,64.28
2023-05-31,VALE3,63.81
2023-06-01,VALE3,65.16
2023-06-02,VALE3,67.94
2023-06-05,VALE3,67.38
2023-06-06,VALE3,67.6
2023-06-07,VALE3,68.67
2023-06-09,VALE3,68.36
2023-06-12,VALE3,67.12
2023-06-13,VALE3,67.83
2023-06-14,VALE3,69.02
2023-06-15,VALE3,69.56
2023-06-16,VALE3,69.67
2023-06-19,VALE3,69.4
2023-06-20,VALE3,67.61
2023-06-21,VALE3,66.93
2023-06-22,VALE3,66.57
2023-06-23,VALE3,65.9
2023-06-26,VALE3,66.04
2023-06-27,VALE3,66.83
2023-06-28,VALE3,64.72
2023-06-29,VALE3,65.51
2023-06-30,VALE3,64.22
2023-07-03,VALE3,66.23
2023-07-04,VALE3,65.9
2023-07-05,VALE3,65.32
2023-07-06,VALE3,64.85
2023-07-07,VALE3,65.46
2023-07-10,VALE3,64.46
2023-07-11,VALE3,66.58
2023-07-12,VALE3,67.05
2023-07-13,VALE3,68.61
2023-07-14,VALE3,68.61
2023-07-17,VALE3,67.85
2023-07-18,VALE3,67.42
2023-07-19,VALE3,67.24
2023-07-20,VALE3,67.39
2023-07-21,VALE3,67.8
2023-07-24,VALE3,69.85
2023-07-25,VALE3,72.01
2023-07-26,VALE3,71.76
2023-07-27,VALE3,70.42
2023-07-28,VALE3,67.63
2023-07-31,VALE3,69.16
2023-08-01,VALE3,68.2
2023-08-02,VALE3,67.09
2023-08-03,VALE3,67.51
2023-08-04,VALE3,67.56
2023-08-07,VALE3,67.9
2023-08-08,VALE3,67.46
2023-08-09,VALE3,66.85
2023-08-10,VALE3,66.06
2023-08-11,VALE3,65.51
2023-08-14,VALE3,61.9
2023-08-15,VALE3,61.29
2023-08-16,VALE3,61.05
2023-08-17,VALE3,61.91
2023-08-18,VALE3,61.22
2023-08-21,VALE3,61.2
2023-08-22,VALE3,62.58
2023-08-23,VALE3,63.04
2023-08-24,VALE3,62.2
2023-08-25,VALE3,62.07
2023-08-28,VALE3,62.96
2023-08-29,VALE3,64.97
2023-08-30,VALE3,64.98
2023-08-31,VALE3,65.08
2023-09-01,VALE3,68.89
2023-09-04,VALE3,69.4
2023-09-05,VALE3,69.1
2023-09-06,VALE3,68.0
2023-09-08,VALE3,66.71
2023-09-11,VALE3,67.67
2023-09-12,VALE3,67.62
2023-09-13,VALE3,67.36
2023-09-14,VALE3,70.12
2023-09-15,VALE3,69.54
2023-09-18,VALE3,68.72
2023-09-19,VALE3,68.85
2023-09-20,VALE3,69.31
2023-09-21,VALE3,67.5
2023-09-22,VALE3,68.0
2023-09-25,VALE3,66.6
2023-09-26,VALE3,65.56
2023-09-27,VALE3,65.7
2023-09-28,VALE3,66.7
2023-09-29,VALE3,67.58
2023-10-02,VALE3,66.99
2023-10-03,VALE3,66.58
2023-10-04,VALE3,65.87
2023-10-05,VALE3,65.9
2023-10-06,VALE3,66.86
2023-10-09,VALE3,66.38
2023-10-10,VALE3,66.78
2023-10-11,VALE3,67.36
2023-10-13,VALE3,66.59
2023-10-16,VALE3,67.3
2023-10-17,VALE3,67.85
2023-10-18,VALE3,65.36
2023-10-19,VALE3,64.42
2023-10-20,VALE3,62.68
2023-10-23,VALE3,62.56
2023-10-24,VALE3,63.99
2023-10-25,VALE3,63.93
2023-10-26,VALE3,65.3
2023-10-27,VALE3,67.57
2023-10-30,VALE3,68.18
2023-10-31,VALE3,69.0
2023-11-01,VALE3,70.32
2023-11-03,VALE3,71.2
2023-11-06,VALE3,71.5
2023-11-07,VALE3,70.08
2023-11-08,VALE3,70.13
2023-11-09,VALE3,70.47
2023-11-10,VALE3,71.55
2023-11-13,VALE3,71.4
2023-11-14,VALE3,73.61
2023-11-16,VALE3,74.1
2023-11-17,VALE3,74.24
2023-11-20,VALE3,76.06
2023-11-21,VALE3,77.9
2023-11-22,VALE3,74.85
2023-11-23,VALE3,74.38
2023-11-24,VALE3,73.75
2023-11-27,VALE3,73.31
2023-11-28,VALE3,73.47
2023-11-29,VALE3,73.45
2023-11-30,VALE3,73.85
2023-12-01,VALE3,75.22
2023-12-04,VALE3,73.53
2023-12-05,VALE3,72.85
2023-12-06,VALE3,72.37
2023-12-07,VALE3,72.6
2023-12-08,VALE3,72.8
2023-12-11,VALE3,72.86
2023-12-12,VALE3,72.99
2023-12-13,VALE3,73.0
2023-12-14,VALE3,73.4
2023-12-15,VALE3,73.86
2023-12-18,VALE3,74.21
2023-12-19,VALE3,74.73
2023-12-20,VALE3,74.49
2023-12-21,VALE3,76.97
2023-12-22,VALE3,76.39
2023-12-26,VALE3,76.66
2023-12-27,VALE3,77.4
2023-12-28,VALE3,77.2
2024-01-02,VALE3,77.05
2024-01-03,VALE3,76.65
2024-01-04,VALE3,75.62
2024-01-05,VALE3,74.65
2024-01-08,VALE3,74.27
2024-01-09,VALE3,73.33
2024-01-10,VALE3,72.23
2024-01-11,VALE3,72.61
2024-01-12,VALE3,71.69
2024-01-15,VALE3,71.55
2024-01-16,VALE3,70.62
2024-01-17,VALE3,69.45
2024-01-18,VALE3,69.0
2024-01-19,VALE3,68.1
2024-01-22,VALE3,67.8
2024-01-23,VALE3,69.2
2024-01-24,VALE3,69.9
2024-01-25,VALE3,68.36
2024-01-26,VALE3,69.5
2024-01-29,VALE3,69.17
2024-01-30,VALE3,68.78
2024-01-31,VALE3,67.76
2024-02-01,VALE3,67.45
2024-02-02,VALE3,66.08
2024-02-05,VALE3,65.51
2024-02-06,VALE3,66.67
2024-02-07,VALE3,66.8
2024-02-08,VALE3,66.21
2024-02-09,VALE3,65.92
2024-02-14,VALE3,65.72
2024-02-15,VALE3,65.51
2024-02-16,VALE3,67.68
2024-02-19,VALE3,67.49
2024-02-20,VALE3,66.01
2024-02-21,VALE3,66.51
2024-02-22,VALE3,67.22
2024-02-23,VALE3,67.38
2024-02-26,VALE3,65.75
2024-02-27,VALE3,67.48
2024-02-28,VALE3,66.74
2024-02-29,VALE3,66.99
2024-03-01,VALE3,66.88
2024-03-04,VALE3,66.73
2024-03-05,VALE3,65.85
2024-03-06,VALE3,66.75
2024-03-07,VALE3,66.52
2024-03-08,VALE3,66.01
2024-03-11,VALE3,63.96
2024-03-12,VALE3,60.84
2024-03-13,VALE3,61.23
2024-03-14,VALE3,60.45
2024-03-15,VALE3,59.76
2024-03-18,VALE3,60.9
2024-03-19,VALE3,61.4
2024-03-20,VALE3,61.81
2024-03-21,VALE3,61.66
2024-03-22,VALE3,60.95
2024-03-25,VALE3,60.82
2024-03-26,VALE3,60.05
2024-03-27,VALE3,60.6
2024-03-28,VALE3,60.83
2024-04-01,VALE3,61.22
2024-04-02,VALE3,61.94
2024-04-03,VALE3,61.05
2024-04-04,VALE3,60.37
2024-04-05,VALE3,59.71
2024-04-08,VALE3,62.97
2024-04-09,VALE3,62.55
2024-04-10,VALE3,61.6
2024-04-11,VALE3,61.86
2024-04-12,VALE3,61.63
2024-04-15,VALE3,61.99
2024-04-16,VALE3,61.44
2024-04-17,VALE3,62.11
2024-04-18,VALE3,62.34
2024-04-19,VALE3,63.36
2024-04-22,VALE3,63.33
2024-04-23,VALE3,62.78
2024-04-24,VALE3,63.56
2024-04-25,VALE3,62.22
2024-04-26,VALE3,62.74
2024-04-29,VALE3,63.9
2024-04-30,VALE3,63.29
2024-05-02,VALE3,63.92
2024-05-03,VALE3,63.99
2024-05-06,VALE3,64.18
2024-05-07,VALE3,64.58
2024-05-08,VALE3,63.99
2024-05-09,VALE3,64.51
2024-05-10,VALE3,64.29
2024-05-13,VALE3,64.67
2024-05-14,VALE3,64.63
2024-05-15,VALE3,64.44
2024-05-16,VALE3,64.91
2024-05-17,VALE3,66.18
2024-05-20,VALE3,66.15
2024-05-21,VALE3,65.96
2024-05-22,VALE3,65.44
2024-05-23,VALE3,65.05
2024-05-24,VALE3,65.08
2024-05-27,VALE3,65.3
2024-05-28,VALE3,63.89
2024-05-29,VALE3,63.24
2024-05-31,VALE3,63.2
2024-06-03,VALE3,61.87
2024-06-04,VALE3,61.24
2024-06-05,VALE3,60.37
2024-06-06,VALE3,61.21
2024-06-07,VALE3,60.41
2024-06-10,VALE3,61.07
2024-06-11,VALE3,60.98
2024-06-12,VALE3,60.14
2024-06-13,VALE3,60.83
2024-06-14,VALE3,60.62
2024-06-17,VALE3,60.38
2024-06-18,VALE3,60.66
2024-06-19,VALE3,60.85
2024-06-20,VALE3,61.4
2024-06-21,VALE3,60.83
2024-06-24,VALE3,60.9
2024-06-25,VALE3,60.65
2024-06-26,VALE3,61.4
2024-06-27,VALE3,61.56
2024-06-28,VALE3,62.22
2024-07-01,VALE3,63.14
2024-07-02,VALE3,62.93
2024-07-03,VALE3,64.18
2024-07-04,VALE3,63.86
2024-07-05,VALE3,63.6
2024-07-08,VALE3,63.1
2024-07-09,VALE3,63.02
2024-07-10,VALE3,62.17
2024-07-11,VALE3,62.01
2024-07-12,VALE3,62.92
2024-07-15,VALE3,62.99
2024-07-16,VALE3,62.33
2024-07-17,VALE3,61.75
2024-07-18,VALE3,61.17
2024-07-19,VALE3,61.12
2024-07-22,VALE3,61.05
2024-07-23,VALE3,60.23
2024-07-24,VALE3,60.6
2024-07-25,VALE3,60.57
2024-07-26,VALE3,61.47
2024-07-29,VALE3,61.58
2024-07-30,VALE3,60.22
2024-07-31,VALE3,61.63
2024-08-01,VALE3,60.25
2024-08-02,VALE3,59.41
2024-08-05,VALE3,57.02
2024-08-06,VALE3,57.31
2024-08-07,VALE3,57.2
2024-08-08,VALE3,56.85
2024-08-09,VALE3,57.06
2024-08-12,VALE3,56.77
2024-08-13,VALE3,56.52
2024-08-14,VALE3,56.0
2024-08-15,VALE3,56.23
2024-08-16,VALE3,56.08
2024-08-19,VALE3,56.98
2024-08-20,VALE3,57.2
2024-08-21,VALE3,58.3
2024-08-22,VALE3,58.38
2024-08-23,VALE3,57.4
2024-08-26,VALE3,58.05
2024-08-27,VALE3,59.8
2024-08-28,VALE3,59.37
2024-08-29,VALE3,59.3
2024-08-30,VALE3,59.58
2024-09-02,VALE3,58.74
2024-09-03,VALE3,56.55
2024-09-04,VALE3,56.99
2024-09-05,VALE3,57.4
2024-09-06,VALE3,56.68
2024-09-09,VALE3,56.68
2024-09-10,VALE3,56.0
2024-09-11,VALE3,57.59
2024-09-12,VALE3,58.11
2024-09-13,VALE3,58.5
2024-09-16,VALE3,58.5
2024-09-17,VALE3,58.22
2024-09-18,VALE3,57.54
2024-09-19,VALE3,58.23
2024-09-20,VALE3,57.35
2024-09-23,VALE3,57.53
2024-09-24,VALE3,60.34
2024-09-25,VALE3,60.61
2024-09-26,VALE3,64.25
2024-09-27,VALE3,63.96
2024-09-30,VALE3,63.51
2024-10-01,VALE3,63.82
2024-10-02,VALE3,64.17
2024-10-03,VALE3,62.94
2024-10-04,VALE3,62.48
2024-10-07,VALE3,63.03
2024-10-08,VALE3,61.12
2024-10-09,VALE3,60.96
2024-10-10,VALE3,61.25
2024-10-11,VALE3,62.13
2024-10-14,VALE3,61.93
2024-10-15,VALE3,61.17
2024-10-16,VALE3,62.34
2024-10-17,VALE3,60.76
2024-10-18,VALE3,60.55
2024-10-21,VALE3,60.33
2024-10-22,VALE3,60.41
2024-10-23,VALE3,59.35
2024-10-24,VALE3,59.7
2024-10-25,VALE3,61.73
2024-10-28,VALE3,62.88
2024-10-29,VALE3,62.66
2024-10-30,VALE3,62.47
2024-10-31,VALE3,62.06
2024-11-01,VALE3,62.03
2024-11-04,VALE3,62.67
2024-11-05,VALE3,62.12
2024-11-06,VALE3,61.42
2024-11-07,VALE3,63.56
2024-11-08,VALE3,60.63
2024-11-11,VALE3,58.65
2024-11-12,VALE3,57.32
2024-11-13,VALE3,57.16
2024-11-14,VALE3,56.84
2024-11-18,VALE3,57.55
2024-11-19,VALE3,57.68
2024-11-21,VALE3,57.62
2024-11-22,VALE3,58.18
2024-11-25,VALE3,58.17
2024-11-26,VALE3,57.43
2024-11-27,VALE3,58.13
2024-11-28,VALE3,57.53
2024-11-29,VALE3,58.78
2024-12-02,VALE3,58.92
2024-12-03,VALE3,58.47
2024-12-04,VALE3,57.33
2024-12-05,VALE3,57.8
2024-12-06,VALE3,56.81
2024-12-09,VALE3,59.83
2024-12-10,VALE3,59.77
2024-12-11,VALE3,58.84
2024-12-12,VALE3,56.71
2024-12-13,VALE3,55.86
2024-12-16,VALE3,55.83
2024-12-17,VALE3,56.11
2024-12-18,VALE3,54.81
2024-12-19,VALE3,53.77
2024-12-20,VALE3,54.62
2024-12-23,VALE3,54.85
2024-12-26,VALE3,55.01
2024-12-27,VALE3,54.74
2024-12-30,VALE3,54.55
2025-01-02,VALE3,54.25
2025-01-03,VALE3,53.24
2025-01-06,VALE3,52.56
2025-01-07,VALE3,52.05
2025-01-08,VALE3,51.55
2025-01-09,VALE3,51.23
2025-01-10,VALE3,51.52
2025-01-13,VALE3,51.51
2025-01-14,VALE3,51.85
2025-01-15,VALE3,52.6
2025-01-16,VALE3,52.67
2025-01-17,VALE3,54.49
2025-01-20,VALE3,54.29
2025-01-21,VALE3,54.02
2025-01-22,VALE3,52.66
2025-01-23,VALE3,52.32
2025-01-24,VALE3,53.03
2025-01-27,VALE3,53.96
2025-01-28,VALE3,52.65
2025-01-29,VALE3,52.8
2025-01-30,VALE3,55.03
2025-01-31,VALE3,54.17
2025-02-03,VALE3,54.21
2025-02-04,VALE3,54.02
2025-02-05,VALE3,54.31
2025-02-06,VALE3,55.13
2025-02-07,VALE3,54.83
2025-02-10,VALE3,55.4
2025-02-11,VALE3,55.16
2025-02-12,VALE3,54.79
2025-02-13,VALE3,54.86
2025-02-14,VALE3,55.67
2025-02-17,VALE3,55.37
2025-02-18,VALE3,55.74
2025-02-19,VALE3,55.69
2025-02-20,VALE3,57.74
2025-02-21,VALE3,58.16
2025-02-24,VALE3,57.63
2025-02-25,VALE3,57.07
2025-02-26,VALE3,56.72
2025-02-27,VALE3,56.3
2025-02-28,VALE3,55.15
2025-03-05,VALE3,55.59
2025-03-06,VALE3,56.2
2025-03-07,VALE3,57.02
2025-03-10,VALE3,53.99
2025-03-11,VALE3,54.44
2025-03-12,VALE3,53.76
2025-03-13,VALE3,54.5
2025-03-14,VALE3,56.29
2025-03-17,VALE3,57.1
2025-03-18,VALE3,57.52
2025-03-19,VALE3,57.42
2025-03-20,VALE3,57.24
2025-03-21,VALE3,57.45
2025-03-24,VALE3,57.15
2025-03-25,VALE3,57.34
2025-03-26,VALE3,57.69
2025-03-27,VALE3,58.15
2025-03-28,VALE3,57.56
2025-03-31,VALE3,56.7
2025-04-01,VALE3,57.19
2025-04-02,VALE3,56.93
2025-04-03,VALE3,54.87
2025-04-04,VALE3,52.68
2025-04-07,VALE3,52.05
2025-04-08,VALE3,49.2
2025-04-09,VALE3,51.85
2025-04-10,VALE3,52.78
2025-04-11,VALE3,53.66
2025-04-14,VALE3,54.36
2025-04-15,VALE3,53.81
2025-04-16,VALE3,52.56
2025-04-17,VALE3,52.88
2025-04-22,VALE3,53.82
2025-04-23,VALE3,54.46
2025-04-24,VALE3,55.31
2025-04-25,VALE3,53.85
2025-04-28,VALE3,54.04
2025-04-29,VALE3,53.84
2025-04-30,VALE3,52.86
2025-05-02,VALE3,52.8
2025-05-05,VALE3,52.96
2025-05-06,VALE3,53.0
2025-05-07,VALE3,52.9
2025-05-08,VALE3,52.74
2025-05-09,VALE3,52.95
2025-05-12,VALE3,54.28
2025-05-13,VALE3,55.17
2025-05-14,VALE3,54.9
2025-05-15,VALE3,55.45
2025-05-16,VALE3,55.49
2025-05-19,VALE3,55.34
2025-05-20,VALE3,55.35
2025-05-21,VALE3,54.64
2025-05-22,VALE3,54.23
2025-05-23,VALE3,54.32
2025-05-26,VALE3,54.01
2025-05-27,VALE3,53.84
2025-05-28,VALE3,53.41
2025-05-29,VALE3,53.45
2025-05-30,VALE3,52.1
2025-06-02,VALE3,52.56
2025-06-03,VALE3,52.53
2025-06-04,VALE3,52.77
2025-06-05,VALE3,52.91
2025-06-06,VALE3,52.98
2025-06-09,VALE3,53.29
2025-06-10,VALE3,53.65
2025-06-11,VALE3,53.18
2025-06-12,VALE3,52.83
2025-06-13,VALE3,52.13
2025-06-16,VALE3,53.83
2025-06-17,VALE3,51.41
2025-06-18,VALE3,51.24
2025-06-20,VALE3,49.92
2025-06-23,VALE3,50.55
2025-06-24,VALE3,50.54
2025-06-25,VALE3,50.48
2025-06-26,VALE3,52.0
2025-06-27,VALE3,53.0
2025-06-30,VALE3,52.65
2025-07-01,VALE3,53.36
2025-07-02,VALE3,55.3
2025-07-03,VALE3,55.04
2025-07-04,VALE3,55.2
2025-07-07,VALE3,54.39
2025-07-08,VALE3,54.58
2025-07-09,VALE3,54.04
2025-07-10,VALE3,55.28
2025-07-11,VALE3,56.0
2025-07-14,VALE3,55.36
2025-07-15,VALE3,53.91
2025-07-16,VALE3,54.4
2025-07-17,VALE3,54.3
2025-07-18,VALE3,54.56
2025-07-21,VALE3,56.05
2025-07-22,VALE3,57.5
2025-07-23,VALE3,57.42
2025-07-24,VALE3,56.53
2025-07-25,VALE3,55.7
2025-07-28,VALE3,55.16
2025-07-29,VALE3,54.82
2025-07-30,VALE3,53.84
2025-07-31,VALE3,53.46
2025-08-01,VALE3,53.75
2025-08-04,VALE3,54.18
2025-08-05,VALE3,54.11
2025-08-06,VALE3,53.77
2025-08-07,VALE3,54.11
2025-08-08,VALE3,55.39
2025-08-11,VALE3,55.33
2025-08-12,VALE3,55.91
2025-08-13,VALE3,54.09
2025-08-14,VALE3,53.42
2025-08-15,VALE3,53.32
2025-08-18,VALE3,53.2
2025-08-19,VALE3,53.24
2025-08-20,VALE3,53.0
2025-08-21,VALE3,53.45
2025-08-22,VALE3,54.79
2025-08-25,VALE3,54.92
2025-08-26,VALE3,55.41
2025-08-27,VALE3,55.38
2025-08-28,VALE3,55.4
2025-08-29,VALE3,55.56
2025-09-01,VALE3,55.6
2025-09-02,VALE3,55.39
2025-09-03,VALE3,55.6
2025-09-04,VALE3,55.71
2025-09-05,VALE3,56.22
2025-09-08,VALE3,56.36
2025-09-09,VALE3,56.19
2025-09-10,VALE3,56.58
2025-09-11,VALE3,57.02
2025-09-12,VALE3,57.0
2025-09-15,VALE3,57.5
2025-09-16,VALE3,57.7
2025-09-17,VALE3,57.8
2025-09-18,VALE3,57.69
2025-09-19,VALE3,57.92
2025-09-22,VALE3,58.0
2025-09-23,VALE3,57.67
2025-09-24,VALE3,57.89
2025-09-25,VALE3,58.21
2025-09-26,VALE3,57.09
2025-09-29,VALE3,57.28
2025-09-30,VALE3,57.58
2025-10-01,VALE3,58.31
2025-10-02,VALE3,58.7
2025-10-03,VALE3,58.59
2025-10-06,VALE3,59.59
2025-10-07,VALE3,58.75
2025-10-08,VALE3,59.2
2025-10-09,VALE3,59.11
2025-10-10,VALE3,58.87
2025-10-13,VALE3,59.75
2025-10-14,VALE3,59.75
2025-10-15,VALE3,60.86
2025-10-16,VALE3,60.3
2025-10-17,VALE3,60.13
2025-10-20,VALE3,60.9
2025-10-21,VALE3,60.8
2025-10-22,VALE3,61.88
2025-10-23,VALE3,61.76
2025-10-24,VALE3,61.73
2025-10-27,VALE3,61.66
2025-10-28,VALE3,62.2
2025-10-29,VALE3,63.33
2025-10-30,VALE3,63.81
2025-10-31,VALE3,65.26
2025-11-03,VALE3,65.35
2025-11-04,VALE3,64.62
2025-11-05,VALE3,65.73
2025-11-06,VALE3,65.5
2025-11-07,VALE3,64.78
2025-11-10,VALE3,65.21
2025-11-11,VALE3,65.04
2025-11-12,VALE3,65.76
2025-11-13,VALE3,65.67
2025-11-14,VALE3,65.27
2025-11-17,VALE3,65.22
2025-11-18,VALE3,65.02
2025-11-19,VALE3,64.95
2025-11-21,VALE3,65.16
2025-11-24,VALE3,65.09
2025-11-25,VALE3,65.6
2025-11-26,VALE3,66.58
2025-11-27,VALE3,66.33
2025-11-28,VALE3,67.4
2025-12-01,VALE3,67.92
2025-12-02,VALE3,68.48
2025-12-03,VALE3,70.69
2025-12-04,VALE3,71.92
2025-12-05,VALE3,70.22
2025-12-08,VALE3,69.74
2025-12-09,VALE3,69.78
2025-12-10,VALE3,71.06
2025-12-11,VALE3,72.0
2025-12-12,VALE3,68.61
2025-12-15,VALE3,69.03
2025-12-16,VALE3,69.29
2025-12-17,VALE3,70.17
2025-12-18,VALE3,70.35
2025-12-19,VALE3,70.85
2025-12-22,VALE3,72.92
2025-12-23,VALE3,72.9
2025-12-26,VALE3,73.12
2025-12-29,VALE3,72.12
2025-12-30,VALE3,71.96
2026-01-02,VALE3,72.38
2026-01-05,VALE3,73.12
2026-01-06,VALE3,75.87
2026-01-07,VALE3,76.32
2026-01-08,VALE3,75.58
2026-01-09,VALE3,74.72
2026-01-12,VALE3,74.74
2026-01-13,VALE3,75.35
2026-01-14,VALE3,78.92
2026-01-15,VALE3,78.85
2026-01-16,VALE3,78.88
2026-01-19,VALE3,78.57
2026-01-20,VALE3,80.08
2026-01-21,VALE3,82.5
2026-01-22,VALE3,82.98
2026-01-23,VALE3,85.02
2026-01-26,VALE3,83.07
2026-01-27,VALE3,84.9
2026-01-28,VALE3,86.97
2026-01-29,VALE3,87.41
2026-01-30,VALE3,84.32
2026-02-02,VALE3,84.82
2026-02-03,VALE3,88.99
2026-02-04,VALE3,89.43
2026-02-05,VALE3,86.45
2026-02-06,VALE3,85.63
2026-02-09,VALE3,87.31
2026-02-10,VALE3,87.05
2026-02-11,VALE3,90.09
2026-02-12,VALE3,89.23
2026-02-13,VALE3,87.03
2026-02-18,VALE3,83.92
2026-02-19,VALE3,84.09
2026-02-20,VALE3,86.81
2026-02-23,VALE3,87.39
2026-02-24,VALE3,87.73
2026-02-25,VALE3,89.97
2026-02-26,VALE3,89.21
2026-02-27,VALE3,88.47
2026-03-02,VALE3,88.16
2026-03-03,VALE3,84.48
2026-03-04,VALE3,84.09
2026-03-05,VALE3,81.29
2026-03-06,VALE3,78.86
2026-03-09,VALE3,79.26
2026-03-10,VALE3,80.56
2026-03-11,VALE3,79.85
2026-03-12,VALE3,79.24
2026-03-13,VALE3,78.3
2026-03-16,VALE3,78.84
2026-03-17,VALE3,78.96
2026-03-18,VALE3,77.13
2026-03-19,VALE3,76.63
2026-03-20,VALE3,75.55
2026-03-23,VALE3,77.49
2026-03-24,VALE3,78.1
2026-03-25,VALE3,79.55
2026-03-26,VALE3,78.91
2026-03-27,VALE3,79.0
2026-03-30,VALE3,79.5
2026-03-31,VALE3,82.48
2026-04-01,VALE3,83.0
2026-04-02,VALE3,83.55
2026-04-06,VALE3,83.09
2026-04-07,VALE3,83.69
2026-04-08,VALE3,85.59
2026-04-09,VALE3,84.69
2026-04-10,VALE3,85.59
2026-04-13,VALE3,87.36
2026-04-14,VALE3,88.3
2026-04-15,VALE3,88.44
2026-04-16,VALE3,87.44
2026-04-17,VALE3,89.75
2026-04-20,VALE3,88.73
2026-04-22,VALE3,87.22
2026-04-23,VALE3,85.97
2026-04-24,VALE3,85.87
2026-04-27,VALE3,85.5
2026-04-28,VALE3,84.39
2026-04-29,VALE3,79.44
2026-04-30,VALE3,81.18
2026-05-04,VALE3,78.66
2026-05-05,VALE3,78.39
2026-05-06,VALE3,81.23
2026-05-07,VALE3,80.07
2026-05-08,VALE3,81.49
2026-05-11,VALE3,83.45
2026-05-12,VALE3,83.25
2026-05-13,VALE3,84.3
2026-05-14,VALE3,82.87
2026-05-15,VALE3,83.5
2026-05-18,VALE3,81.83
2026-05-19,VALE3,81.02
2026-05-20,VALE3,82.0
2026-05-21,VALE3,82.63
2026-05-22,VALE3,83.1
2026-05-25,VALE3,83.59
2026-05-26,VALE3,83.07
2026-05-27,VALE3,83.45
2026-05-28,VALE3,83.96
2026-05-29,VALE3,82.82
2026-06-01,VALE3,81.7
2026-06-02,VALE3,85.0
2026-06-03,VALE3,81.79
2026-06-05,VALE3,78.7
2026-06-08,VALE3,78.07
2026-06-09,VALE3,78.5
2026-06-10,VALE3,77.7
2026-06-11,VALE3,78.8
2026-06-12,VALE3,79.17
2026-06-15,VALE3,81.16
2026-06-16,VALE3,81.44
2026-06-17,VALE3,79.78
2026-06-18,VALE3,79.94
2026-06-19,VALE3,80.75
2026-06-22,VALE3,80.91
2026-06-23,VALE3,79.38
2026-06-24,VALE3,77.73
2026-06-25,VALE3,78.66
2026-06-26,VALE3,78.15
2026-06-29,VALE3,78.13
2026-06-30,VALE3,77.88
2026-07-01,VALE3,77.97
2026-07-02,VALE3,78.24
2026-07-03,VALE3,78.84
2026-07-06,VALE3,77.79
2026-07-07,VALE3,76.2
2026-07-08,VALE3,72.7
2026-07-09,VALE3,73.15
2026-07-10,VALE3,74.18
2026-07-13,VALE3,72.85
2026-07-14,VALE3,74.01
2026-07-15,VALE3,74.51
2026-07-16,VALE3,72.98
2026-07-17,VALE3,72.94
2026-07-20,VALE3,71.93
2026-07-21,VALE3,72.24
2026-07-22,VALE3,75.1
2026-07-23,VALE3,75.68
2026-07-24,VALE3,75.24
2026-07-27,VALE3,75.69
2026-07-28,VALE3,75.69
2026-07-29,VALE3,75.05
2026-07-30,VALE3,76.09
2026-07-31,VALE3,76.28
2026-08-03,VALE3,74.64
2026-08-04,VALE3,76.31
2026-08-05,VALE3,76.66
2026-08-06,VALE3,75.39
2026-08-07,VALE3,74.97
2026-08-10,VALE3,75.93
2026-08-11,VALE3,74.4
2026-08-12,VALE3,73.18
2026-08-13,VALE3,71.9
2026-08-14,VALE3,71.3
2026-08-17,VALE3,71.41
2026-08-18,VALE3,71.55
2026-08-19,VALE3,72.13
2026-08-20,VALE3,74.02
2026-08-21,VALE3,75.03
2026-08-24,VALE3,77.13
2026-08-25,VALE3,78.7
2026-08-26,VALE3,78.45
2026-08-27,VALE3,79.11
2026-08-28,VALE3,78.58
2026-08-31,VALE3,77.85
2026-09-01,VALE3,78.3
2026-09-02,VALE3,80.8
2026-09-03,VALE3,78.45
2026-09-04,VALE3,78.62
2026-09-08,VALE3,79.02
2026-09-09,VALE3,79.1
2026-09-10,VALE3,78.23
2026-09-11,VALE3,78.2
2026-09-14,VALE3,75.48
2026-09-15,VALE3,74.6
2026-09-16,VALE3,73.0
2026-09-17,VALE3,74.51
2026-09-18,VALE3,73.37
2026-09-21,VALE3,72.55
2026-09-22,VALE3,72.83
2026-09-23,VALE3,71.48
2026-09-24,VALE3,70.66
2026-09-25,VALE3,70.77
2026-09-28,VALE3,71.16
2026-09-29,VALE3,69.61
2026-09-30,VALE3,69.91
2026-10-01,VALE3,70.3
2026-10-02,VALE3,72.1
2026-10-05,VALE3,71.4
2026-10-06,VALE3,70.37
2026-10-07,VALE3,68.75
2026-10-08,VALE3,67.64
